n,m,replicate,seed,rank,synergy_observations,unique_actions,training_indices_sha256,coefficients,mse,normalized_mse,range_normalized_rmse,max_error,regret,chosen_index,chosen_reward,optimal_reward,success,reward_range,reward_variance,seconds
8,64,0,21125001,9,0,54,60a6c744b57d63b792b8028e2709deb2e8b10eef2ed201aa1bb653feec172418,"[-0.04687499999999999,-0.005859375,-0.005859375000000009,-0.005859375000000019,-0.005859375000000017,-0.005859374999999989,-0.0058593750000000035,-0.005859375000000013,-0.005859375000000017]",0.00390625,1.0281124497991967,0.06324110671936758,1.0,0.90625,0,0.0,0.90625,0,0.98828125,0.0037994384765625,0.010085542002343573
8,64,1,21125002,9,0,57,1fbb9aeee18e747b320fa7890f22f56212224b595437df298f139db6556be1d9,"[-0.04687499999999997,-0.00585937499999998,-0.005859374999999987,-0.005859375000000011,-0.005859375000000013,-0.005859375000000012,-0.005859374999999999,-0.005859375000000003,-0.005859375000000001]",0.00390625,1.0281124497991967,0.06324110671936758,1.0,0.90625,0,0.0,0.90625,0,0.98828125,0.0037994384765625,0.00010754200047813356
8,64,2,21125003,9,0,59,11e41b89631747d37b59237ed6d1198bd8c9554897e16d29589012945bf8b572,"[-0.046875,-0.0058593749999999965,-0.005859374999999988,-0.0058593749999999835,-0.005859374999999998,-0.005859375000000009,-0.005859374999999979,-0.005859375000000005,-0.005859375000000012]",0.00390625,1.0281124497991967,0.06324110671936758,1.0,0.90625,0,0.0,0.90625,0,0.98828125,0.0037994384765625,8.504200377501547e-05
8,64,3,21125004,9,0,57,a7463053c92ee3517459351f89260fe3dbdbd37a39f1c4d7a3dccf57c24cc32e,"[-0.04687499999999995,-0.005859374999999979,-0.0058593749999999965,-0.005859374999999978,-0.005859374999999987,-0.005859375000000018,-0.005859375000000002,-0.005859375000000002,-0.005859375]",0.003906249999999999,1.0281124497991965,0.06324110671936758,0.9999999999999999,0.90625,0,0.0,0.90625,0,0.98828125,0.0037994384765625,7.54999928176403e-05
8,64,4,21125005,9,1,52,7f005f4eb45f30f4dbae19e86f2702cec4840f3b53227c26e2e274b4ac8d17f0,"[-0.0219502471680894,0.015035940706107982,0.021073359181693483,0.02383645801172218,0.0019218525147948035,0.015254155851964508,0.01694749149896862,0.013108267494791718,0.02071011009799115]",0.007103455317075899,1.8696066171079764,0.08528139006222171,0.800312611810055,0.0,255,0.90625,0.90625,1,0.98828125,0.0037994384765625,8.916600199881941e-05
8,64,5,21125006,9,0,58,714e3b275554a5c49baf5bb558ea91d0fb1650e95bb3d2d93819d8f6fb43acd1,"[-0.046874999999999965,-0.005859374999999873,-0.005859374999999989,-0.005859375000000003,-0.0058593750000000555,-0.005859374999999904,-0.005859375000000031,-0.005859375000000016,-0.00585937499999991]",0.0039062499999999983,1.0281124497991962,0.06324110671936757,0.9999999999999998,0.90625,0,0.0,0.90625,0,0.98828125,0.0037994384765625,7.537499186582863e-05
8,64,6,21125007,9,1,52,7abf33522ffbfa7e5a4b4222eebb5e3056ad145eabc0a386d21b9c6ef4de2d0a,"[-0.01180872996412443,0.018990630310574456,0.0232735584762024,0.026468780107921752,0.02229395452689266,0.007929640780536361,0.013926939117197721,0.018714356675932776,0.017023987410910733]",0.008347740838459163,2.197098568631565,0.092449362966542,0.7694368825579556,0.0,255,0.90625,0.90625,1,0.98828125,0.0037994384765625,7.687500328756869e-05
8,64,7,21125008,9,0,52,799548601fcb18172b00b99cc50614c862dc6062b23fde662370af6e3e64e3b9,"[-0.04687499999999998,-0.005859374999999992,-0.0058593749999999774,-0.005859375,-0.0058593749999999774,-0.0058593750000000095,-0.005859375000000001,-0.005859375000000006,-0.005859375]",0.00390625,1.0281124497991967,0.06324110671936758,1.0,0.90625,0,0.0,0.90625,0,0.98828125,0.0037994384765625,6.44999963697046e-05
8,64,8,21125009,9,0,61,9a8a6c71b0032e9a70410d7f3e4ba40528a82a3e90ebdf7aece8e66a85828bad,"[-0.04687499999999999,-0.0058593750000000165,-0.005859375000000008,-0.00585937500000001,-0.005859374999999965,-0.005859375000000045,-0.005859375000000068,-0.005859374999999953,-0.005859375000000028]",0.00390625,1.0281124497991967,0.06324110671936758,1.0,0.90625,0,0.0,0.90625,0,0.98828125,0.0037994384765625,6.466599006671458e-05
8,64,9,21125010,9,0,58,8518a1a48ee927d2f980ead7a11e72baa2a869c9e560bbcc8c26f38835ee7b20,"[-0.04687499999999997,-0.005859375000000016,-0.0058593750000000035,-0.005859374999999991,-0.005859375000000026,-0.005859374999999998,-0.005859375000000011,-0.005859375000000004,-0.005859375000000015]",0.00390625,1.0281124497991967,0.06324110671936758,1.0,0.90625,0,0.0,0.90625,0,0.98828125,0.0037994384765625,6.341600965242833e-05
8,64,10,21125011,9,0,60,e1d399b6c83e398459b026d17ec05dc007f817736e01e3b8a232ba69100094c8,"[-0.04687500000000003,-0.005859374999999999,-0.005859374999999993,-0.005859374999999991,-0.005859375000000009,-0.005859374999999983,-0.005859374999999981,-0.0058593750000000226,-0.005859375000000018]",0.00390625,1.0281124497991967,0.06324110671936758,1.0,0.90625,0,0.0,0.90625,0,0.98828125,0.0037994384765625,6.299999949987978e-05
8,64,11,21125012,9,0,57,1cbc464df05dfc107d1d32bf73f67f4d287370a9f49a7c9230c63eeabd56bd9e,"[-0.04687499999999999,-0.005859374999999995,-0.005859374999999994,-0.005859374999999992,-0.005859374999999983,-0.005859375000000002,-0.005859374999999989,-0.005859375000000009,-0.005859375000000007]",0.00390625,1.0281124497991967,0.06324110671936758,1.0,0.90625,0,0.0,0.90625,0,0.98828125,0.0037994384765625,6.729199958499521e-05
8,64,12,21125013,9,0,56,3aa1d47ccff0f58f775a6b899a52742b74fb9c797a098fa3396f90780e0e6b51,"[-0.04687500000000005,-0.00585937499999997,-0.005859375000000018,-0.005859374999999988,-0.00585937499999998,-0.005859374999999984,-0.005859374999999997,-0.005859375000000001,-0.0058593750000000095]",0.00390625,1.0281124497991967,0.06324110671936758,1.0,0.90625,0,0.0,0.90625,0,0.98828125,0.0037994384765625,6.237499474082142e-05
8,64,13,21125014,9,0,57,70ef559d7afd5369368a76e845671e21b7c6cf5771409ea2a614ae79004f5fe2,"[-0.046875,-0.005859375,-0.005859374999999996,-0.00585937500000003,-0.005859375000000004,-0.005859375000000013,-0.005859374999999994,-0.005859375000000017,-0.005859375000000011]",0.00390625,1.0281124497991967,0.06324110671936758,1.0,0.90625,0,0.0,0.90625,0,0.98828125,0.0037994384765625,6.0708000091835856e-05
8,64,14,21125015,9,0,56,78c4bda9421751bbde37cd7bdc777ede97ade9c6c2cf05c2b09f923213ae1c42,"[-0.04687499999999998,-0.005859375000000016,-0.005859374999999999,-0.005859374999999997,-0.005859374999999997,-0.00585937500000002,-0.005859375000000015,-0.005859374999999992,-0.0058593749999999905]",0.00390625,1.0281124497991967,0.06324110671936758,1.0,0.90625,0,0.0,0.90625,0,0.98828125,0.0037994384765625,6.241700612008572e-05
8,64,15,21125016,9,0,58,f0d0dfd5e8a55c9e9b058b97b58654b5c0cebe449cc5288922a1b0fab9a359eb,"[-0.04687499999999998,-0.005859375,-0.00585937500000001,-0.005859374999999992,-0.0058593749999999905,-0.005859374999999988,-0.005859374999999979,-0.005859375000000007,-0.005859375000000002]",0.00390625,1.0281124497991967,0.06324110671936758,1.0,0.90625,0,0.0,0.90625,0,0.98828125,0.0037994384765625,6.187499093357474e-05
8,64,16,21125017,9,0,57,2e9f1e61ad1f7578ec23ae3d9ebdd6df68795ac5ca2648410bdf78992f585f94,"[-0.04687500000000001,-0.0058593749999999905,-0.005859374999999997,-0.005859374999999996,-0.005859374999999991,-0.005859374999999999,-0.0058593749999999835,-0.005859374999999984,-0.005859375000000007]",0.00390625,1.0281124497991967,0.06324110671936758,1.0,0.90625,0,0.0,0.90625,0,0.98828125,0.0037994384765625,6.004200258757919e-05
8,64,17,21125018,9,0,57,c7b51c690f7496692ce64defc69142612b118d038b23d17515f3b61e3fcb8e4b,"[-0.04687499999999999,-0.005859374999999998,-0.0058593750000000035,-0.005859375000000009,-0.005859374999999996,-0.005859374999999999,-0.005859374999999986,-0.005859374999999983,-0.005859375000000013]",0.00390625,1.0281124497991967,0.06324110671936758,1.0,0.90625,0,0.0,0.90625,0,0.98828125,0.0037994384765625,5.166699702385813e-05
8,64,18,21125019,9,0,57,31a49482928cb90ea6e42cc99063a11f9e89f813df711f2a62b544518f518662,"[-0.04687499999999997,-0.005859374999999987,-0.005859375000000035,-0.005859375000000007,-0.005859375000000002,-0.005859374999999973,-0.005859375000000013,-0.005859375000000014,-0.005859375000000013]",0.00390625,1.0281124497991967,0.06324110671936758,1.0,0.90625,0,0.0,0.90625,0,0.98828125,0.0037994384765625,5.5917000281624496e-05
8,64,19,21125020,9,1,56,9572b32f4cdc84e2cda425685e312d8a4e7ac9f9174192a7c4077d15dc296eff,"[-0.025801744071868766,0.012476198869310366,0.017052806583380126,0.007216054476244476,0.008388537092016233,0.005811275466229303,0.011973541210385194,0.004117860323141799,0.016948470265824418]",0.005472446753466903,1.4403304033542448,0.07485317330627389,0.8480669997853368,0.0,255,0.90625,0.90625,1,0.98828125,0.0037994384765625,6.558399763889611e-05
8,64,20,21125021,9,0,52,1885645e896eaab460a99a46594f9d71e4bda99f96450b6cbaeb8f7b886566c5,"[-0.04687499999999998,-0.0058593749999999965,-0.005859374999999987,-0.005859374999999998,-0.005859375,-0.005859374999999995,-0.005859374999999981,-0.0058593749999999965,-0.005859374999999994]",0.003906249999999999,1.0281124497991965,0.06324110671936758,0.9999999999999999,0.90625,0,0.0,0.90625,0,0.98828125,0.0037994384765625,5.7249999372288585e-05
8,64,21,21125022,9,0,55,b6e36918a34c46d6f27a2682ce3fcf57ed2384265a32c59767d6a8d374493aff,"[-0.04687499999999998,-0.00585937500000001,-0.005859375000000015,-0.005859374999999998,-0.005859375,-0.005859374999999986,-0.005859375000000002,-0.005859374999999989,-0.00585937500000001]",0.00390625,1.0281124497991967,0.06324110671936758,1.0,0.90625,0,0.0,0.90625,0,0.98828125,0.0037994384765625,6.062499596737325e-05
8,64,22,21125023,9,1,62,58ff3a1460e31cc9d65f1ad743d755d30bc7ace1f7d10b7fcdf83ab30254aef0,"[-0.03015338336427685,0.00924847785841827,0.008074171183656846,0.0083906741144721,0.012455124548185056,0.01639520646943716,0.0037596601588487603,0.0036662606978070246,0.00784039623317158]",0.00497055666671014,1.3082345450181356,0.07133816907652452,0.86657341210028,0.0,255,0.90625,0.90625,1,0.98828125,0.0037994384765625,6.191599823068827e-05
8,64,23,21125024,9,0,59,6f356a3297f599030b713347935e25a11b5c5b11c8ac1d283c73b4a12ed1341a,"[-0.046874999999999986,-0.0058593750000000165,-0.005859374999999997,-0.005859375000000003,-0.005859375000000005,-0.005859375000000003,-0.005859374999999987,-0.005859375,-0.005859375000000007]",0.00390625,1.0281124497991967,0.06324110671936758,1.0,0.90625,0,0.0,0.90625,0,0.98828125,0.0037994384765625,6.150000263005495e-05
8,64,24,21125025,9,0,61,e62b7123ea36610ca2b484c2cb621cacc11ffa0940d9af9bddf50fb0dbce8134,"[-0.04687499999999999,-0.00585937499999999,-0.00585937500000005,-0.005859375000000004,-0.00585937499999999,-0.005859374999999993,-0.005859375000000022,-0.00585937499999994,-0.005859374999999988]",0.00390625,1.0281124497991967,0.06324110671936758,1.0,0.90625,0,0.0,0.90625,0,0.98828125,0.0037994384765625,6.52919989079237e-05
8,64,25,21125026,9,0,59,6811addc735e42f207b9275799802d6c06a4946eae802acf59bcd9d9c7e1810c,"[-0.04687499999999997,-0.005859375000000019,-0.005859374999999996,-0.00585937500000001,-0.00585937499999999,-0.005859374999999997,-0.005859374999999984,-0.005859375000000011,-0.005859374999999994]",0.00390625,1.0281124497991967,0.06324110671936758,1.0,0.90625,0,0.0,0.90625,0,0.98828125,0.0037994384765625,6.125000072643161e-05
8,64,26,21125027,9,0,59,e0614ffc79a7d7843718e9eedd6a8ce25333c10bfa8edb8dbe65b401b6df6f41,"[-0.04687500000000002,-0.005859375000000017,-0.0058593750000000165,-0.005859375000000095,-0.005859374999999991,-0.0058593749999999965,-0.005859375000000017,-0.005859375000000017,-0.005859374999999996]",0.003906250000000002,1.0281124497991971,0.0632411067193676,1.0000000000000002,0.90625,0,0.0,0.90625,0,0.98828125,0.0037994384765625,6.220898649189621e-05
8,64,27,21125028,9,0,61,89e69eef4dd4acf0533dec41cd7e430ac0ac8909c6689996d98fb43b07899320,"[-0.04687499999999997,-0.005859374999999995,-0.005859374999999991,-0.005859374999999985,-0.005859374999999991,-0.005859375000000009,-0.005859375000000005,-0.005859375000000011,-0.0058593749999999835]",0.00390625,1.0281124497991967,0.06324110671936758,1.0,0.90625,0,0.0,0.90625,0,0.98828125,0.0037994384765625,6.304100679699332e-05
8,64,28,21125029,9,0,59,7bbb00160182af92923546bc712b35ddb64396e1bacc7bb30cb565ff54f59abc,"[-0.04687500000000001,-0.005859375000000027,-0.0058593749999999835,-0.005859374999999975,-0.005859374999999976,-0.005859374999999976,-0.005859375000000013,-0.005859374999999966,-0.005859374999999975]",0.003906249999999999,1.0281124497991965,0.06324110671936758,0.9999999999999999,0.90625,0,0.0,0.90625,0,0.98828125,0.0037994384765625,6.0457998188212514e-05
8,64,29,21125030,9,0,56,50f084a1673236f3ac450db68d87610e5c140a6a4f3cdad501cc89febfabcb93,"[-0.046875000000000014,-0.005859374999999939,-0.005859374999999991,-0.00585937499999996,-0.005859374999999955,-0.005859375000000067,-0.005859374999999991,-0.005859374999999993,-0.005859374999999909]",0.0039062499999999983,1.0281124497991962,0.06324110671936757,0.9999999999999998,0.90625,0,0.0,0.90625,0,0.98828125,0.0037994384765625,6.141701305750757e-05
8,64,30,21125031,9,0,59,e768b803c5dcfadecc5bd6bf29509a261cd4e10457e0892ee7073b16599687c6,"[-0.046875000000000014,-0.005859375000000016,-0.005859374999999992,-0.0058593750000000095,-0.005859375000000017,-0.005859375000000011,-0.005859375000000015,-0.005859374999999971,-0.005859374999999996]",0.00390625,1.0281124497991967,0.06324110671936758,1.0,0.90625,0,0.0,0.90625,0,0.98828125,0.0037994384765625,6.508399383164942e-05
8,64,31,21125032,9,0,57,ca695aa9657e6f58fd96d520f3901517ba9f1955d8acc88c83a6a684272c8163,"[-0.04687499999999995,-0.005859374999999992,-0.005859375000000007,-0.005859374999999981,-0.005859374999999997,-0.005859374999999999,-0.005859375000000001,-0.005859375,-0.005859374999999978]",0.003906249999999999,1.0281124497991965,0.06324110671936758,0.9999999999999999,0.90625,0,0.0,0.90625,0,0.98828125,0.0037994384765625,6.125000072643161e-05
8,64,32,21125033,9,0,56,bcbdadc61f22d616896b98e004431ad8ea1e382ed9aa2d32f7bb524d9e34bc5f,"[-0.04687500000000002,-0.005859374999999992,-0.005859375000000008,-0.005859374999999986,-0.0058593750000000165,-0.005859374999999985,-0.005859375000000009,-0.00585937499999999,-0.005859374999999985]",0.00390625,1.0281124497991967,0.06324110671936758,1.0,0.90625,0,0.0,0.90625,0,0.98828125,0.0037994384765625,6.145799125079066e-05
8,64,33,21125034,9,0,59,3b12d7442ea34707172ffc7e337c983f900390c06b50166c15f5560caf39946c,"[-0.04687499999999998,-0.005859374999999996,-0.005859375000000006,-0.005859374999999987,-0.005859374999999993,-0.005859375000000002,-0.005859375000000002,-0.005859375000000005,-0.005859374999999983]",0.00390625,1.0281124497991967,0.06324110671936758,1.0,0.90625,0,0.0,0.90625,0,0.98828125,0.0037994384765625,6.062501051928848e-05
8,64,34,21125035,9,0,58,b08f7a89fe45264b963b0cf5bcb325ec505c1e25a1f71214980f828168ac52b2,"[-0.046874999999999986,-0.005859375000000008,-0.00585937500000001,-0.005859375000000008,-0.005859375000000005,-0.005859375000000018,-0.005859374999999995,-0.005859374999999996,-0.005859374999999987]",0.00390625,1.0281124497991967,0.06324110671936758,1.0,0.90625,0,0.0,0.90625,0,0.98828125,0.0037994384765625,5.950000195298344e-05
8,64,35,21125036,9,0,56,4487f618e7c909eb627649e94d6a8a1b391d1f0aa3381ee8076d0cf5ab1aaf51,"[-0.04687499999999995,-0.0058593749999999835,-0.005859375000000003,-0.005859374999999968,-0.005859375000000022,-0.005859375000000019,-0.005859374999999989,-0.005859374999999982,-0.005859374999999944]",0.003906249999999999,1.0281124497991965,0.06324110671936758,0.9999999999999999,0.90625,0,0.0,0.90625,0,0.98828125,0.0037994384765625,6.150000263005495e-05
8,64,36,21125037,9,0,58,36909247985d778ce2d02dc7f15f5102e6538cb2a71e52ccf9db3a1ec6918a74,"[-0.04687499999999999,-0.005859375000000017,-0.005859374999999991,-0.005859374999999997,-0.00585937500000001,-0.005859374999999999,-0.005859374999999996,-0.005859375000000001,-0.005859374999999994]",0.00390625,1.0281124497991967,0.06324110671936758,1.0,0.90625,0,0.0,0.90625,0,0.98828125,0.0037994384765625,6.312500045169145e-05
8,64,37,21125038,9,0,52,cc8b15ec4ea7870c44e114b5d4ab1e4e2315f1bea5dfbf222543705ffd689b18,"[-0.046874999999999965,-0.005859375,-0.0058593750000000095,-0.005859375000000007,-0.005859375000000011,-0.005859374999999997,-0.005859374999999983,-0.005859374999999998,-0.00585937499999999]",0.00390625,1.0281124497991967,0.06324110671936758,1.0,0.90625,0,0.0,0.90625,0,0.98828125,0.0037994384765625,5.9541998780332506e-05
8,64,38,21125039,9,0,55,76179ea724a5bb8925a5854c8583b1306cc3156a3d65cd7d88fa0fcb67298fec,"[-0.046875,-0.005859375000000008,-0.005859374999999992,-0.005859375000000003,-0.005859374999999997,-0.005859374999999999,-0.005859375000000008,-0.005859375000000012,-0.005859374999999992]",0.00390625,1.0281124497991967,0.06324110671936758,1.0,0.90625,0,0.0,0.90625,0,0.98828125,0.0037994384765625,6.029200449120253e-05
8,64,39,21125040,9,0,61,e0c414882a33ed7ff254041ff575b4643d64818c6e422bf2dab16b5d1d1f56e0,"[-0.046874999999999965,-0.005859375,-0.005859374999999991,-0.00585937500000002,-0.005859375000000008,-0.00585937500000002,-0.00585937500000001,-0.005859374999999982,-0.005859374999999971]",0.00390625,1.0281124497991967,0.06324110671936758,1.0,0.90625,0,0.0,0.90625,0,0.98828125,0.0037994384765625,6.066700734663755e-05
8,64,40,21125041,9,0,54,a0e8e7a5e2eee4db9b53a2215514fbe210ab66009d37f722de248cead0b66db8,"[-0.046874999999999986,-0.005859374999999997,-0.005859374999999997,-0.005859375000000017,-0.005859375000000006,-0.005859374999999991,-0.005859374999999993,-0.0058593749999999965,-0.005859375000000012]",0.00390625,1.0281124497991967,0.06324110671936758,1.0,0.90625,0,0.0,0.90625,0,0.98828125,0.0037994384765625,6.066600326448679e-05
8,64,41,21125042,9,0,59,915e3cdd217d83a3952ee71bceaf7d91e32cf5696e73fdc2b9dc8d421020233c,"[-0.04687499999999996,-0.005859374999999986,-0.005859375000000018,-0.005859374999999996,-0.005859374999999993,-0.005859374999999993,-0.005859375000000003,-0.00585937500000001,-0.005859375000000011]",0.00390625,1.0281124497991967,0.06324110671936758,1.0,0.90625,0,0.0,0.90625,0,0.98828125,0.0037994384765625,6.024999311193824e-05
8,64,42,21125043,9,0,57,e6f384c8613e3e041dd91cb905387793d3481b25fedbe457c03dc9b4f3704c3d,"[-0.04687499999999996,-0.005859374999999977,-0.005859375000000006,-0.005859374999999999,-0.005859374999999999,-0.005859375000000012,-0.005859374999999993,-0.005859374999999991,-0.005859374999999989]",0.003906249999999999,1.0281124497991965,0.06324110671936758,0.9999999999999999,0.90625,0,0.0,0.90625,0,0.98828125,0.0037994384765625,6.0999998822808266e-05
8,64,43,21125044,9,0,56,10a863b92f099150fdd25470056a17695c3afc34a43ee64ad63b8e6085724f99,"[-0.046874999999999986,-0.005859374999999989,-0.005859374999999987,-0.005859375000000003,-0.005859374999999988,-0.005859375000000009,-0.0058593750000000035,-0.005859375000000011,-0.005859374999999995]",0.00390625,1.0281124497991967,0.06324110671936758,1.0,0.90625,0,0.0,0.90625,0,0.98828125,0.0037994384765625,5.966699973214418e-05
8,64,44,21125045,9,0,57,39179d2efa7088d56285512a91c16e9945d8e4000dae2f69441f72b50dd20361,"[-0.046875,-0.005859375000000005,-0.005859374999999997,-0.005859374999999998,-0.005859374999999991,-0.0058593750000000095,-0.0058593749999999905,-0.005859374999999992,-0.00585937499999999]",0.00390625,1.0281124497991967,0.06324110671936758,1.0,0.90625,0,0.0,0.90625,0,0.98828125,0.0037994384765625,6.254199251998216e-05
8,64,45,21125046,9,0,57,80fc29f83d1e0cd0d2d8f0cfde39eb7b72a5ee7a6720e2f4b33bd63fefc8d33b,"[-0.046875000000000014,-0.0058593749999999965,-0.005859375000000007,-0.005859374999999984,-0.005859375000000007,-0.0058593749999999835,-0.0058593749999999965,-0.005859375000000016,-0.005859374999999999]",0.00390625,1.0281124497991967,0.06324110671936758,1.0,0.90625,0,0.0,0.90625,0,0.98828125,0.0037994384765625,5.887499719392508e-05
8,64,46,21125047,9,0,58,8e65bc53ffb3dc9279e43c8f458a49eb45df406dda8b6439863438aa08e5d2d0,"[-0.046875,-0.005859374999999986,-0.005859374999999993,-0.005859374999999989,-0.005859374999999993,-0.0058593750000000035,-0.005859375,-0.005859375000000012,-0.005859375000000004]",0.00390625,1.0281124497991967,0.06324110671936758,1.0,0.90625,0,0.0,0.90625,0,0.98828125,0.0037994384765625,4.8999994760379195e-05
8,64,47,21125048,9,0,57,379450e7a2af4f9cf502d2bcf7bfc6cac2fc41f5c3a81ba8a3b4adbe330abb78,"[-0.04687500000000001,-0.005859374999999944,-0.005859375000000056,-0.0058593749999999506,-0.005859375000000067,-0.0058593749999999506,-0.005859374999999956,-0.00585937500000004,-0.0058593750000000035]",0.00390625,1.0281124497991967,0.06324110671936758,1.0,0.90625,0,0.0,0.90625,0,0.98828125,0.0037994384765625,6.17500045336783e-05
8,64,48,21125049,9,1,60,289cff74fb93b361eed87b05f080206ecaf8ad9c6ea1eacedcacd618927fa28a,"[-0.032850220583271694,0.011619214145027345,0.013822640938624548,0.006861251752321434,0.00013835945095617603,0.00988788319817601,0.01732032227249126,0.011152033462699691,0.016313973240832218]",0.005403563562940518,1.4222005689191557,0.07438058271286131,0.851984542122143,0.0,255,0.90625,0.90625,1,0.98828125,0.0037994384765625,6.125000072643161e-05
8,64,49,21125050,9,0,58,bef82b1145646dafab08509f6d326d6dd6ec3de847e2510d9e8c3444e5c4d613,"[-0.04687499999999997,-0.005859375000000013,-0.005859374999999982,-0.005859374999999985,-0.005859374999999999,-0.0058593749999999905,-0.0058593749999999965,-0.005859374999999979,-0.005859374999999987]",0.003906249999999999,1.0281124497991965,0.06324110671936758,0.9999999999999999,0.90625,0,0.0,0.90625,0,0.98828125,0.0037994384765625,6.216600013431162e-05
8,64,50,21125051,9,0,58,5604e1e511fece01335eef758852a7fc2e172d9b9bfca6dd513a74103dbf6879,"[-0.04687499999999997,-0.005859375000000014,-0.0058593749999999965,-0.005859374999999996,-0.005859375000000022,-0.005859375,-0.005859375000000011,-0.00585937499999998,-0.005859374999999993]",0.00390625,1.0281124497991967,0.06324110671936758,1.0,0.90625,0,0.0,0.90625,0,0.98828125,0.0037994384765625,6.270800076890737e-05
8,64,51,21125052,9,0,59,84558c9cb1051398e8abe722979e2a28b50728ae3b0e6c9172fb9a4e32ce215b,"[-0.046874999999999986,-0.0058593750000000035,-0.005859375000000009,-0.005859374999999986,-0.005859374999999991,-0.0058593750000000095,-0.005859375000000025,-0.005859374999999984,-0.005859374999999987]",0.00390625,1.0281124497991967,0.06324110671936758,1.0,0.90625,0,0.0,0.90625,0,0.98828125,0.0037994384765625,6.079199374653399e-05
8,64,52,21125053,9,1,57,010bfbe2476be135e5406df77f732d4e760ae90593fd2d2e723d8ce2d6a96c33,"[-0.02287304196474014,-0.003139977711842086,0.00951596952385065,0.003575726872675116,0.02077093858355055,0.008221081546815187,0.014242311791813666,0.014644559855801976,0.0041580579560438905]",0.005531294748641415,1.4558190066143124,0.07525456416828134,0.8571343735460312,0.98828125,254,-0.08203125,0.90625,0,0.98828125,0.0037994384765625,6.145899533294141e-05
8,64,53,21125054,9,0,57,be38c5ff21d58924cb55d773536847d34aedb6140516aa7f5e6a4d1f4b2671fc,"[-0.04687499999999997,-0.005859375000000003,-0.005859375000000002,-0.0058593749999999905,-0.005859375000000019,-0.005859374999999978,-0.005859374999999984,-0.0058593750000000095,-0.005859374999999994]",0.00390625,1.0281124497991967,0.06324110671936758,1.0,0.90625,0,0.0,0.90625,0,0.98828125,0.0037994384765625,6.1166996601969e-05
8,64,54,21125055,9,1,59,7840812798d57a6c7ff13ce888d351801db62e5e371bd9ad4fde50f205b1944d,"[-0.025995104857909082,0.012935348198846204,0.016906880154282263,0.00963969100428615,0.01077491467031361,0.015961732679247026,0.009110499433699749,0.01565242219434125,0.011624900112934754]",0.005868452302475051,1.5445577915462045,0.07751419366427252,0.8296387164099581,0.0,255,0.90625,0.90625,1,0.98828125,0.0037994384765625,6.0542006394825876e-05
8,64,55,21125056,9,0,56,21a2ca4d0dc438b08bde6976976671953ff9158fbb60de269632a11fbe522842,"[-0.046875,-0.0058593750000000165,-0.005859375000000003,-0.005859375000000013,-0.005859374999999996,-0.0058593750000000095,-0.005859375000000012,-0.005859375000000007,-0.005859375000000004]",0.00390625,1.0281124497991967,0.06324110671936758,1.0,0.90625,0,0.0,0.90625,0,0.98828125,0.0037994384765625,6.36670010862872e-05
8,64,56,21125057,9,0,58,0a763e8d2fa884f63264818345237205312e84f570921c2f1913b2a4c8d341f4,"[-0.04687499999999995,-0.005859374999999996,-0.005859375000000027,-0.005859374999999993,-0.005859375000000015,-0.005859374999999976,-0.005859375000000042,-0.005859375000000016,-0.005859374999999968]",0.00390625,1.0281124497991967,0.06324110671936758,1.0,0.90625,0,0.0,0.90625,0,0.98828125,0.0037994384765625,5.5374999647028744e-05
8,64,57,21125058,9,0,56,61cc5c622e400050ae28e87f5968cc6680aa5d1bc5066f45c104bd86edf0f0e9,"[-0.046874999999999986,-0.005859375000000002,-0.005859375000000001,-0.0058593749999999835,-0.005859374999999981,-0.005859374999999974,-0.005859374999999994,-0.005859375000000013,-0.005859375000000019]",0.00390625,1.0281124497991967,0.06324110671936758,1.0,0.90625,0,0.0,0.90625,0,0.98828125,0.0037994384765625,6.145899533294141e-05
8,64,58,21125059,9,0,58,397b1643389fe14a06bf19aea2874d80a88f515e005397eca2b4ff60b54ae1fb,"[-0.046875,-0.00585937499999998,-0.005859374999999994,-0.005859374999999984,-0.005859374999999981,-0.005859375000000007,-0.0058593750000000165,-0.005859374999999983,-0.005859374999999975]",0.003906249999999999,1.0281124497991965,0.06324110671936758,0.9999999999999999,0.90625,0,0.0,0.90625,0,0.98828125,0.0037994384765625,6.091600516811013e-05
8,64,59,21125060,9,0,55,49a370bb21d5fe6577b9f3080858b588a7eb962a9ee9fafc43cb7713033ae002,"[-0.046874999999999965,-0.005859375000000011,-0.005859375000000012,-0.005859374999999997,-0.005859374999999998,-0.005859375000000004,-0.0058593749999999965,-0.005859375000000003,-0.005859374999999989]",0.00390625,1.0281124497991967,0.06324110671936758,1.0,0.90625,0,0.0,0.90625,0,0.98828125,0.0037994384765625,6.0457998188212514e-05
8,64,60,21125061,9,0,54,4b832af29a3f0d33f7c359d5a82b1ab57d54afeafa7af6bec7c52035dea03a56,"[-0.04687499999999998,-0.005859375000000021,-0.005859375000000019,-0.0058593749999999905,-0.0058593749999999965,-0.005859374999999997,-0.005859375000000001,-0.005859375000000011,-0.005859375000000016]",0.00390625,1.0281124497991967,0.06324110671936758,1.0,0.90625,0,0.0,0.90625,0,0.98828125,0.0037994384765625,6.020799628458917e-05
8,64,61,21125062,9,0,55,40a31d14d3ec729949b3c9d84c71a280ce5b51e1a1ea57a1cf7d30bb72ee3bd2,"[-0.04687499999999999,-0.0058593750000000226,-0.005859375000000011,-0.005859374999999974,-0.005859375000000016,-0.005859374999999995,-0.0058593749999999905,-0.005859374999999989,-0.005859374999999987]",0.00390625,1.0281124497991967,0.06324110671936758,1.0,0.90625,0,0.0,0.90625,0,0.98828125,0.0037994384765625,6.016700353939086e-05
8,64,62,21125063,9,0,56,db09c35cc45dae57f918f64c15e70072462a1009dad0c7e3eef978e6d92da7bc,"[-0.04687499999999991,-0.005859375000000005,-0.005859374999999926,-0.005859375000000014,-0.005859374999999962,-0.005859375000000012,-0.0058593749999999506,-0.005859374999999953,-0.005859375000000005]",0.0039062499999999983,1.0281124497991962,0.06324110671936757,0.9999999999999998,0.90625,0,0.0,0.90625,0,0.98828125,0.0037994384765625,5.908399180043489e-05
8,64,63,21125064,9,0,56,43c84f6a3b3866aa7467faa2f6fe291cf5f04f863d8888bb7acc8beed7341b81,"[-0.04687500000000001,-0.005859374999999998,-0.005859375000000006,-0.005859375000000019,-0.005859375000000016,-0.005859375,-0.005859374999999992,-0.005859375000000005,-0.00585937499999999]",0.00390625,1.0281124497991967,0.06324110671936758,1.0,0.90625,0,0.0,0.90625,0,0.98828125,0.0037994384765625,6.191700231283903e-05
8,64,64,21125065,9,0,59,4f6b96d5b1aa74ac6b27c574322ca150488acfe9882695c8a9feeceda57a6d4f,"[-0.04687499999999998,-0.005859375000000073,-0.0058593749999999905,-0.005859374999999909,-0.005859375000000018,-0.0058593749999999575,-0.005859374999999904,-0.005859374999999961,-0.005859375000000071]",0.003906249999999999,1.0281124497991965,0.06324110671936758,0.9999999999999999,0.90625,0,0.0,0.90625,0,0.98828125,0.0037994384765625,5.979101115372032e-05
8,64,65,21125066,9,0,57,7c9267d5138d83c8b08efda64897f36977f2e08dd9b437cc9017fd0a0104b927,"[-0.046875000000000014,-0.005859374999999997,-0.005859374999999988,-0.0058593750000000035,-0.005859375000000006,-0.0058593750000000165,-0.005859375000000002,-0.005859375,-0.005859375000000004]",0.00390625,1.0281124497991967,0.06324110671936758,1.0,0.90625,0,0.0,0.90625,0,0.98828125,0.0037994384765625,6.012499216012657e-05
8,64,66,21125067,9,0,56,5016815a16bc551b4cc674d173c4a608abb2e649300a877182a3090d26e40bae,"[-0.04687499999999998,-0.005859375000000011,-0.0058593749999999905,-0.005859375000000005,-0.0058593750000000165,-0.005859374999999989,-0.005859374999999998,-0.005859374999999981,-0.0058593749999999835]",0.00390625,1.0281124497991967,0.06324110671936758,1.0,0.90625,0,0.0,0.90625,0,0.98828125,0.0037994384765625,6.020799628458917e-05
8,64,67,21125068,9,0,59,37d2ce3ae029bbdd83c29e4f3bf8911fd7f6e2dad22584b83fbe1f7f4d1fc7a9,"[-0.04687500000000012,-0.005859374999999944,-0.005859374999999983,-0.0058593749999998985,-0.005859374999999756,-0.005859375000000012,-0.005859374999999973,-0.005859375000000217,-0.005859374999999931]",0.0039062499999999983,1.0281124497991962,0.06324110671936757,0.9999999999999998,0.90625,0,0.0,0.90625,0,0.98828125,0.0037994384765625,5.991700163576752e-05
8,64,68,21125069,9,1,61,7e806545cee726bbc692b8e5fba6f231f0420730a692c6eea2e2a01b37f1c339,"[-0.027924080103539185,0.005571502251312068,0.011568209270436147,0.011877693730240063,0.01322911209754155,0.014669478295261794,0.004954313994523906,-0.0007508678628558187,0.0069156350537040116]",0.005060625337378468,1.3319403297607844,0.07198160680264246,0.8661390032733755,0.98828125,191,-0.08203125,0.90625,0,0.98828125,0.0037994384765625,6.029200449120253e-05
8,64,69,21125070,9,0,57,23ea17ca45d0d621393ed0df4faec45e0ab011224ed48816aa48f995c9f3c39b,"[-0.046874999999999965,-0.0058593749999999905,-0.005859374999999998,-0.005859375000000006,-0.005859375000000005,-0.005859374999999996,-0.005859375000000016,-0.005859375000000007,-0.005859375000000014]",0.00390625,1.0281124497991967,0.06324110671936758,1.0,0.90625,0,0.0,0.90625,0,0.98828125,0.0037994384765625,6.208299600984901e-05
8,64,70,21125071,9,0,59,9aaf3a0fd43daa4e372abf5be4e11869da187ec0d585c828e65e9a89ef6266c9,"[-0.046874999999999986,-0.005859374999999993,-0.005859375,-0.005859375000000018,-0.00585937499999999,-0.0058593749999999905,-0.005859374999999988,-0.005859374999999997,-0.005859375]",0.00390625,1.0281124497991967,0.06324110671936758,1.0,0.90625,0,0.0,0.90625,0,0.98828125,0.0037994384765625,6.004200258757919e-05
8,64,71,21125072,9,0,58,57e3049b64076e91d1561412e622c40444d998798693a3ed55cd7f86a9bda136,"[-0.046874999999999965,-0.005859374999999989,-0.005859375000000018,-0.005859375000000002,-0.005859375000000001,-0.005859375,-0.005859375000000007,-0.0058593749999999965,-0.005859374999999999]",0.00390625,1.0281124497991967,0.06324110671936758,1.0,0.90625,0,0.0,0.90625,0,0.98828125,0.0037994384765625,6.154199945740402e-05
8,64,72,21125073,9,0,60,82bc5c1761933189dc5e93e5c68f04de2c9cac28924d74c20603bd08da8753c0,"[-0.046874999999999986,-0.00585937500000001,-0.005859375000000011,-0.005859375000000004,-0.005859375000000017,-0.005859375000000008,-0.005859375000000021,-0.005859375000000001,-0.005859374999999986]",0.00390625,1.0281124497991967,0.06324110671936758,1.0,0.90625,0,0.0,0.90625,0,0.98828125,0.0037994384765625,6.054100231267512e-05
8,64,73,21125074,9,0,54,78c7cc9192c7a84aab0200f04b429666d9da1d41a82218e23fb2bc099f8bc2f3,"[-0.04687500000000001,-0.005859375000000004,-0.005859375000000018,-0.005859375000000012,-0.005859374999999994,-0.005859375000000007,-0.00585937500000001,-0.005859375000000002,-0.005859374999999991]",0.00390625,1.0281124497991967,0.06324110671936758,1.0,0.90625,0,0.0,0.90625,0,0.98828125,0.0037994384765625,6.024999311193824e-05
8,64,74,21125075,9,0,59,f0198812939e749cca354d30f0c40b29577f56f0e46d8d8d0a7ddbf883c78059,"[-0.04687499999999998,-0.005859375000000001,-0.005859375,-0.005859375000000007,-0.005859375000000002,-0.0058593749999999905,-0.005859374999999992,-0.005859375000000009,-0.0058593750000000035]",0.00390625,1.0281124497991967,0.06324110671936758,1.0,0.90625,0,0.0,0.90625,0,0.98828125,0.0037994384765625,6.024999311193824e-05
8,64,75,21125076,9,1,56,dcceadbd6c570fda278f467899cdcff4e0b113220691fd9cf6e8f2180488aa5b,"[-0.03239209478905219,0.015169492949778806,0.012831058648734024,0.020000796741953587,0.014446776831972027,0.0035238098529255797,0.005664051395730631,0.00658070303876898,0.01651109878488404]",0.005645246098052917,1.4858106356706666,0.07602577985965174,0.8439143065443045,0.0,255,0.90625,0.90625,1,0.98828125,0.0037994384765625,6.0457998188212514e-05
8,64,76,21125077,9,1,59,c94af9228e4e40c9a7bea0ec44f2979590add8e46f1473fd99f1dcd1a8d3769f,"[-0.030195066518810376,0.01586883316880517,0.01283527158521925,0.01263444609233086,0.011435029796264531,0.0034443143443315706,0.020454715893933096,0.010869828849549946,0.00910872093213818]",0.00567848293972764,1.4945584656144202,0.07624925536496008,0.8397939058562378,0.0,255,0.90625,0.90625,1,0.98828125,0.0037994384765625,6.083300104364753e-05
8,64,77,21125078,9,0,53,b7a25f23c90afffd3d0799e28e0ec07fb440ce60367eeef66566a0970150693f,"[-0.046875000000000014,-0.005859375000000008,-0.00585937499999999,-0.005859375000000005,-0.005859375000000011,-0.005859375000000025,-0.005859375000000001,-0.005859374999999991,-0.005859375000000013]",0.00390625,1.0281124497991967,0.06324110671936758,1.0,0.90625,0,0.0,0.90625,0,0.98828125,0.0037994384765625,6.120798934716731e-05
8,64,78,21125079,9,0,57,92b71ec9818101ca8adab423e5367f7b9cca3253c790df3a06397b84ecaebd2f,"[-0.04687499999999999,-0.005859375000000008,-0.005859374999999998,-0.005859375,-0.005859374999999997,-0.005859374999999996,-0.005859374999999999,-0.005859375000000003,-0.0058593749999999835]",0.00390625,1.0281124497991967,0.06324110671936758,1.0,0.90625,0,0.0,0.90625,0,0.98828125,0.0037994384765625,6.191700231283903e-05
8,64,79,21125080,9,0,56,8485cd0bd2d18ee7733b6eaf021a4a17a1898eec8351e08b3695a9763d976b86,"[-0.046874999999999944,-0.005859375000000031,-0.00585937500000001,-0.005859374999999991,-0.005859374999999977,-0.005859375,-0.005859374999999996,-0.0058593749999999965,-0.005859375000000015]",0.00390625,1.0281124497991967,0.06324110671936758,1.0,0.90625,0,0.0,0.90625,0,0.98828125,0.0037994384765625,6.00829953327775e-05
8,64,80,21125081,9,2,53,09529ac4880f75a981a8f412f11c0baecd41ad3c9d49ede6fe9fabbbd989f5a2,"[-0.023204186856024378,-0.005564286156750539,0.01872182646459305,0.02676444019853867,0.014332816233793604,0.03034105311897465,0.036369760233985735,0.02185948288947015,0.015797123272591675]",0.009083652471749502,2.3907881461388567,0.09643833402249158,0.7708319706008273,0.98828125,254,-0.08203125,0.90625,0,0.98828125,0.0037994384765625,6.083399057388306e-05
8,64,81,21125082,9,0,57,84a1a6539dc1944ccad45279ce94da8a78b4a1173fb972285a1794bd50d3781c,"[-0.04687500000000002,-0.005859375000000073,-0.005859374999999995,-0.005859375000000127,-0.005859375000000076,-0.005859375000000094,-0.0058593750000000625,-0.005859374999999956,-0.00585937499999992]",0.0039062500000000035,1.0281124497991978,0.06324110671936761,1.0000000000000004,0.90625,0,0.0,0.90625,0,0.98828125,0.0037994384765625,6.016700353939086e-05
8,64,82,21125083,9,1,59,8180d922eeca6b09989905a53489b458319b41253e2ff535dc43d5c4b6139b57,"[-0.029840095824201263,0.004354725064604302,0.014656771415729467,0.005708464868117672,0.011625843250083744,0.006203970463068829,0.0024945864981714685,0.0126009853140693,0.010494537236686318]",0.004953135194485344,1.3036492695011705,0.0712130415582137,0.8679502117136702,0.0,255,0.90625,0.90625,1,0.98828125,0.0037994384765625,6.408301123883575e-05
8,64,83,21125084,9,0,57,29abb8b28debdc9b7a30b441192f4387a4303086e54ee5c3637480a7f68ac814,"[-0.046874999999999986,-0.005859374999999987,-0.005859374999999999,-0.0058593750000000165,-0.005859375000000011,-0.005859374999999995,-0.005859375000000008,-0.005859375000000008,-0.0058593749999999835]",0.00390625,1.0281124497991967,0.06324110671936758,1.0,0.90625,0,0.0,0.90625,0,0.98828125,0.0037994384765625,6.200000643730164e-05
8,64,84,21125085,9,0,59,d9786042cfd9ceb8e5b0b85301998a0aeff23cefd487d163891346815a936dfa,"[-0.04687500000000001,-0.005859374999999972,-0.005859374999999972,-0.005859375000000084,-0.005859375000000008,-0.0058593749999999575,-0.0058593749999999705,-0.005859375000000006,-0.0058593749999999506]",0.003906249999999999,1.0281124497991965,0.06324110671936758,0.9999999999999999,0.90625,0,0.0,0.90625,0,0.98828125,0.0037994384765625,6.0250007663853467e-05
8,64,85,21125086,9,0,56,43b8e57b93eaa6173c5b209ad8d5acd7981687c2f27d0bad6ca5c027f5054300,"[-0.04687499999999999,-0.005859375000000015,-0.005859375000000003,-0.005859374999999991,-0.005859375000000008,-0.005859374999999993,-0.005859375000000011,-0.005859375000000005,-0.005859375000000003]",0.00390625,1.0281124497991967,0.06324110671936758,1.0,0.90625,0,0.0,0.90625,0,0.98828125,0.0037994384765625,6.133299029897898e-05
8,64,86,21125087,9,0,56,944b6a814893a2e9502caec04006224c90242beb6825d38e314185b2e5690291,"[-0.046874999999999986,-0.00585937499999999,-0.005859374999999982,-0.005859374999999984,-0.00585937499999999,-0.005859374999999989,-0.005859375000000001,-0.005859374999999984,-0.005859374999999992]",0.003906249999999999,1.0281124497991965,0.06324110671936758,0.9999999999999999,0.90625,0,0.0,0.90625,0,0.98828125,0.0037994384765625,6.008399941492826e-05
8,64,87,21125088,9,1,58,e323685232f377c478b004289050056ff75b8428c0ca0d552aefd4262390bce1,"[-0.02776794796917544,0.0006612380659455452,0.012742397252352019,0.008384983529380788,0.009636358250902947,0.014566656304994537,0.01155125473594019,0.00286471052482789,0.012587506658177905]",0.005153884113896408,1.356485740113715,0.07264182870542976,0.8610228426466536,0.0,255,0.90625,0.90625,1,0.98828125,0.0037994384765625,6.066699279472232e-05
8,64,88,21125089,9,1,56,d372957d8d0a5af975858e206c0acd281df660e530b7faa82996a881be5affd7,"[-0.03673289235138376,0.01320441972928336,0.016495593413610492,0.015025502427879915,0.01297158861797157,0.0171644739943018,0.022745006798473393,0.016304031839714763,0.024952994239524007]",0.006921677392332564,1.8217632513409916,0.08418314004804234,0.8041192812906245,0.0,255,0.90625,0.90625,1,0.98828125,0.0037994384765625,6.129099347162992e-05
8,64,89,21125090,9,0,60,302d431db242a0439965cfdc9ca32525df0656afcc1bf8403c5159835d479123,"[-0.04687499999999997,-0.005859374999999999,-0.005859375000000012,-0.005859375000000006,-0.005859375000000001,-0.0058593750000000035,-0.00585937500000001,-0.005859375000000007,-0.005859375000000014]",0.00390625,1.0281124497991967,0.06324110671936758,1.0,0.90625,0,0.0,0.90625,0,0.98828125,0.0037994384765625,6.0582999140024185e-05
8,64,90,21125091,9,0,55,fd29293c9eb54ecd55961ecfd5428dd424913ce728c6f69cd3dbc5228672013d,"[-0.04687499999999999,-0.005859374999999986,-0.005859374999999978,-0.005859375,-0.005859374999999984,-0.005859374999999997,-0.005859375000000002,-0.005859375000000001,-0.005859374999999994]",0.00390625,1.0281124497991967,0.06324110671936758,1.0,0.90625,0,0.0,0.90625,0,0.98828125,0.0037994384765625,6.0000005760230124e-05
8,64,91,21125092,9,1,57,6a69ebeb6ba6acb2ff99f3cb4ca3d6c494ed59396445ba7c0d1476cb9eaa129b,"[-0.034608177191570735,0.01574558279711132,0.007223397955854472,0.007024471257896305,0.016525722719613604,0.004575262943995146,0.005353260831017339,-0.00036734292054337806,0.007677585860437358]",0.0048496063745237265,1.2764008167099876,0.07046487552238409,0.8771002357461886,0.98828125,191,-0.08203125,0.90625,0,0.98828125,0.0037994384765625,6.0708000091835856e-05
8,64,92,21125093,9,2,62,2a044a929e9adf981fa8efb88a2fa962fd6ff306c6fa9a80af7185900c4fbf0b,"[-0.02386341102428646,0.019307223988259473,0.02013139867560027,0.01789021197480256,0.016322355203949014,0.019796819266592235,0.029691058219827936,0.02974899827013233,0.006706342653041913]",0.008355840106994306,2.199230270088268,0.09249420088723796,0.7705190027720807,0.0,255,0.90625,0.90625,1,0.98828125,0.0037994384765625,6.02080108365044e-05
8,64,93,21125094,9,0,55,d29b00f9150e45940860611c2c8b672f20843fb94a92a5a14ce5b9822c2e68fc,"[-0.04687499999999998,-0.005859375000000009,-0.005859374999999992,-0.005859375000000032,-0.005859374999999981,-0.00585937499999999,-0.005859374999999988,-0.0058593749999999905,-0.005859375000000013]",0.00390625,1.0281124497991967,0.06324110671936758,1.0,0.90625,0,0.0,0.90625,0,0.98828125,0.0037994384765625,5.979099660180509e-05
8,64,94,21125095,9,0,58,945a1b2ff464041d81f07d4fd6f4a3c8aac080862f29045d5c750ad740ac59be,"[-0.04687499999999999,-0.005859375000000006,-0.00585937499999999,-0.0058593750000000035,-0.005859374999999993,-0.005859375000000009,-0.005859374999999991,-0.0058593749999999965,-0.005859374999999987]",0.00390625,1.0281124497991967,0.06324110671936758,1.0,0.90625,0,0.0,0.90625,0,0.98828125,0.0037994384765625,5.9874990256503224e-05
8,64,95,21125096,9,0,58,83862d7bcbccbc034f8ef5d43ee174f7530ec972be2bdf2d59a7dca1f76ae730,"[-0.04687499999999998,-0.005859375000000007,-0.005859374999999985,-0.005859375000000007,-0.005859375000000002,-0.005859375000000013,-0.005859375000000008,-0.005859375000000012,-0.005859375000000013]",0.00390625,1.0281124497991967,0.06324110671936758,1.0,0.90625,0,0.0,0.90625,0,0.98828125,0.0037994384765625,5.9708007029257715e-05
8,64,96,21125097,9,1,60,a7eaf15d422a9b43a10edc63406783b1ca930495ff8f1ca82c0f4615d2138987,"[-0.03231246820482724,0.0037018288840942686,0.005097804917311456,0.011984454035846557,0.007514849650963682,0.0016237876678032602,0.004549620990446988,0.0031560271030189055,0.007073841982730243]",0.0044107395874059116,1.1608924883543528,0.06720090981756115,0.8938602529726118,0.0,255,0.90625,0.90625,1,0.98828125,0.0037994384765625,5.9250000049360096e-05
8,64,97,21125098,9,1,55,0fa8c03a93796acdd8017bf306750a9b98df92fb761c393c46271490d2d29d0a,"[-0.026545942447614688,0.016381724017895755,0.014090031633454398,0.008691496929685258,0.0071386847385666525,0.010030542461251303,0.01254072058322322,0.013520884363586233,0.004950240572789158]",0.0054689293175910975,1.4394046255327315,0.07482911335918525,0.8454516171471627,0.0,255,0.90625,0.90625,1,0.98828125,0.0037994384765625,6.145800580270588e-05
8,64,98,21125099,9,0,59,175273ed00e5c4a243d1944342da39b3ba5edf721583db62adeb5a5da61a0d6f,"[-0.046874999999999965,-0.005859374999999992,-0.005859375000000024,-0.005859374999999991,-0.005859374999999994,-0.0058593749999999965,-0.005859374999999999,-0.005859374999999993,-0.005859375000000014]",0.00390625,1.0281124497991967,0.06324110671936758,1.0,0.90625,0,0.0,0.90625,0,0.98828125,0.0037994384765625,5.9833997511304915e-05
8,64,99,21125100,9,1,60,4dd5b70f2efd19fe4cbfe7fc1d5708a0ba56c2c13c16dfb6998a91010b0e237b,"[-0.03996973833547839,0.007670011630157831,0.00674726626877876,0.01475658667013845,0.003983432967281324,0.01230032004266239,0.014414202943271103,0.011093360410394715,0.009453611026075564]",0.005032048248751008,1.3244189318479762,0.07177808087193374,0.8658009463767182,0.0,255,0.90625,0.90625,1,0.98828125,0.0037994384765625,6.033301178831607e-05
8,256,0,21317001,9,0,158,47a8c5d87b9a2723d3782d3a3a7c310cf2805ea01bba6fadf98b9572ab52f340,"[-0.04687500000000004,-0.005859375,-0.005859375,-0.005859374999999991,-0.0058593750000000226,-0.0058593749999999965,-0.005859375,-0.005859375000000002,-0.005859375000000005]",0.00390625,1.0281124497991967,0.06324110671936758,1.0,0.90625,0,0.0,0.90625,0,0.98828125,0.0037994384765625,7.679199916310608e-05
8,256,1,21317002,9,0,153,d58e0628d2d454489945e02ceb74b46f55d5df1e3017966effa796092e828169,"[-0.04687499999999998,-0.005859375,-0.005859374999999984,-0.0058593749999999965,-0.005859375,-0.005859375000000001,-0.005859375000000001,-0.005859375000000004,-0.005859374999999988]",0.00390625,1.0281124497991967,0.06324110671936758,1.0,0.90625,0,0.0,0.90625,0,0.98828125,0.0037994384765625,7.533299503847957e-05
8,256,2,21317003,9,1,166,2b3f25e290e1faffee8ecf60a080342ccb2d9f74e0049d18113659e14fddb6ff,"[-0.04315968244565198,-0.001705900278118891,-0.0015523131180738563,-0.0004772577111887222,-0.0018383607070842662,-0.001965154726436547,-0.0016899754321235022,-0.0018250237111296296,-0.002686553366301105]",0.003771994198479314,0.9927767541828929,0.06214482253937474,0.9631502214961085,0.90625,0,0.0,0.90625,0,0.98828125,0.0037994384765625,7.44580029277131e-05
8,256,3,21317004,9,0,159,e077f95edf95d77965ee0b1f2584c629051723bbf3c40276ad1d06795639c778,"[-0.04687499999999999,-0.005859375000000001,-0.005859374999999966,-0.005859374999999994,-0.005859374999999995,-0.00585937499999999,-0.005859374999999998,-0.005859375000000003,-0.005859375000000005]",0.00390625,1.0281124497991967,0.06324110671936758,1.0,0.90625,0,0.0,0.90625,0,0.98828125,0.0037994384765625,7.262500002980232e-05
8,256,4,21317005,9,0,158,59472acbf8ad52073a5c6014ffb0a4e195d836b04744ca8c41157178f6e24192,"[-0.046875,-0.005859375000000006,-0.0058593749999999965,-0.00585937500000002,-0.005859375000000001,-0.005859374999999999,-0.005859375000000022,-0.005859374999999996,-0.005859374999999987]",0.00390625,1.0281124497991967,0.06324110671936758,1.0,0.90625,0,0.0,0.90625,0,0.98828125,0.0037994384765625,7.320799340959638e-05
8,256,5,21317006,9,1,164,78b322d967aae70da34da4952a40e52849e6ca583355e236e0d400a7b66c5480,"[-0.04416553374662252,-0.0011631051316794202,-0.0021885392048762047,-0.0019608201829600875,-0.0013132953554000828,-0.0018459696230294597,-0.002704684608631383,-0.0010437990048383402,-0.0025705397439319856]",0.00377322658105547,0.993101113317475,0.062154973660763654,0.9652062866019695,0.90625,0,0.0,0.90625,0,0.98828125,0.0037994384765625,7.599999662488699e-05
8,256,6,21317007,9,1,163,99f6fc1b8337c4d135160e8a0b21f5808a2337464764f7952f99503446c719cc,"[-0.04274160988842778,-0.0014787576605901859,-0.0011741073102768662,-0.001256055722516623,-0.0018980165192855306,-0.0010004186778578388,-0.0020658625397205694,-0.0027973861287970466,-0.0019105460769507903]",0.0037719282754310403,0.9927594034483882,0.062144279485247325,0.9625727605244232,0.90625,0,0.0,0.90625,0,0.98828125,0.0037994384765625,7.3666000389494e-05
8,256,7,21317008,9,1,156,40ff11ba03bf0742a6ba87bef9f98f83450215e468fd05680d02afa65565ba70,"[-0.043202427710685117,-0.0025828032645136586,-0.0016705968776852458,-0.0007784306232180079,-0.0016453456552748445,-0.0031449334046466395,-0.0018703972671342346,-0.001998341078899726,-0.000941219788514413]",0.003773379703372547,0.9931414146193704,0.0621562348117741,0.9640844956705719,0.90625,0,0.0,0.90625,0,0.98828125,0.0037994384765625,7.366700447164476e-05
8,256,8,21317009,9,0,163,a1b76927fdeac060d208ec4db3905389daa7ac47a7d2145028fcb149ddb02376,"[-0.04687499999999999,-0.005859375,-0.00585937500000001,-0.0058593750000000095,-0.005859374999999995,-0.005859375000000003,-0.0058593750000000165,-0.005859375000000021,-0.005859374999999997]",0.00390625,1.0281124497991967,0.06324110671936758,1.0,0.90625,0,0.0,0.90625,0,0.98828125,0.0037994384765625,7.379200542345643e-05
8,256,9,21317010,9,2,169,d36a1d94568aa985ad45d2675283ce314ebeaedf5857bd96dc4f59a7d73e01ab,"[-0.04037952907355051,0.0012844145675624536,0.00122731414779669,0.002163483882952133,0.00011494106529367212,-0.00013094705070879208,0.0007881263573777718,0.0022360318768479413,0.0021897199035794575]",0.0038629921757306197,1.0167271294324574,0.06288996577586477,0.9367564443228492,0.98828125,239,-0.08203125,0.90625,0,0.98828125,0.0037994384765625,7.408300007227808e-05
8,256,10,21317011,9,1,158,65bcf89e6c302356f90dc1d6813fe7f8b2275f4d005d05aaf2377a63777b238c,"[-0.04246149208520072,-0.0016600549877546157,-0.002370678106507991,-0.0015976674814964721,-0.0010824975007618645,-0.0013571032144518486,-0.0018448070115363174,-0.0017636356003780905,-0.001224793974241436]",0.0037712561390194736,0.9925824993043383,0.06213874235796152,0.9616127299623294,0.90625,0,0.0,0.90625,0,0.98828125,0.0037994384765625,7.44580029277131e-05
8,256,11,21317012,9,1,165,e6048c5b45853554585b5a39a43ad895e747486b6f4e947d7d787c8128e5b405,"[-0.043531432545400026,-0.0018589518057414054,-0.002089519179028717,-0.0025929058291919117,-0.0016323593125055096,-0.003380541087617144,-0.001767354886735051,-0.0023399207551879583,-0.0027144832379987485]",0.003772578496727633,0.992930539604587,0.06214963560415733,0.9681574686394064,0.90625,0,0.0,0.90625,0,0.98828125,0.0037994384765625,7.44580029277131e-05
8,256,12,21317013,9,0,158,a4e0ff619830a6ec4942cd794e84723d6e3c88e875748ca0ac099a1900da2913,"[-0.046874999999999986,-0.005859374999999984,-0.005859374999999992,-0.005859374999999997,-0.005859375000000008,-0.005859374999999988,-0.005859374999999999,-0.005859374999999989,-0.005859374999999997]",0.00390625,1.0281124497991967,0.06324110671936758,1.0,0.90625,0,0.0,0.90625,0,0.98828125,0.0037994384765625,7.38340022508055e-05
8,256,13,21317014,9,1,163,b7d1675d893b43c8f2b4ee2f44f34fb41ba9627167e969c4e6bf68d8dfc3dcc1,"[-0.043567706386752364,-0.0025646570815652404,-0.002574336353855629,-0.0016218851748549582,-0.002029931820648382,-0.0016131313849271915,-0.0012215326734956323,-0.0026258950029727406,-0.001560163013584794]",0.003771413002923292,0.9926237853798429,0.062140034662698775,0.965629238892657,0.90625,0,0.0,0.90625,0,0.98828125,0.0037994384765625,7.44580029277131e-05
8,256,14,21317015,9,3,158,74cfcf88e88f4c667dc5548592bb30b53ead528ebeb365ab0f859437cd5d0e8b,"[-0.033707723644637595,0.0025139273649477465,0.005289091929463105,0.0060507932269701515,0.0037849655632187463,0.0027609597993988708,0.006719194092608924,0.007540195314681552,0.0015122643743445952]",0.004223643928825448,1.1116495121265244,0.06576019513283299,0.9037863319790039,0.0,255,0.90625,0.90625,1,0.98828125,0.0037994384765625,7.404098869301379e-05
8,256,15,21317016,9,0,162,b0ec24d6231d69b368660c3ba01e38e20ccf7e4fa8900b0ff4ab40026d9c5d10,"[-0.04687500000000005,-0.005859375000000024,-0.00585937499999999,-0.005859374999999989,-0.005859375000000013,-0.005859374999999998,-0.005859374999999989,-0.005859374999999987,-0.005859374999999987]",0.00390625,1.0281124497991967,0.06324110671936758,1.0,0.90625,0,0.0,0.90625,0,0.98828125,0.0037994384765625,7.387500954791903e-05
8,256,16,21317017,9,1,165,00fa6de74c92b166d339cde8c46d74f95b4bae12bedc636a2ff93e612599bbd3,"[-0.04355352235079597,-0.0022084681128561844,-0.0014631450734330649,-0.0012719338140404122,-0.002099762415858872,-0.0018837116152430602,-0.0020727757187756412,-0.0028317148190462743,-0.0012650594556521746]",0.0037713181503129735,0.9925988204775543,0.062139253233888275,0.9649000933757017,0.90625,0,0.0,0.90625,0,0.98828125,0.0037994384765625,7.341700256802142e-05
8,256,17,21317018,9,2,173,7ad46c4db0aef647a3316bb10d48a72e8458011e4efe09908a715c034ba1b0e4,"[-0.03801961109058806,0.0008636114904060901,0.0039792517068087795,0.0008893397702111194,0.0009099649256701197,0.004397944743022169,0.0015663189230908363,0.0025730736725150085,0.002508780581637697]",0.0039459365103734325,1.0385578118226235,0.06356155167755803,0.9265813252772263,0.0,255,0.90625,0.90625,1,0.98828125,0.0037994384765625,7.570799789391458e-05
8,256,18,21317019,9,3,163,eb755713e6d3db41ee9c9b0f5192bfdb7df7e33e2cabc23e908e2ee70a55c6d0,"[-0.03611355504286927,0.00701494509837902,0.005553957184841145,0.007062255096889938,0.0070578075585773625,0.006829946083736955,0.007996400526090549,0.00398141084696361,0.004503176215427793]",0.004368209081383333,1.149698595813406,0.0668761330047769,0.8923636564319629,0.0,255,0.90625,0.90625,1,0.98828125,0.0037994384765625,7.333299436140805e-05
8,256,19,21317020,9,0,163,3dcba47be93a727eeb82fe937fa730ca1cab0c7d2cddf017cf34e971b95cc579,"[-0.04687499999999999,-0.005859375000000005,-0.005859374999999997,-0.005859375000000006,-0.005859375000000014,-0.005859374999999991,-0.005859374999999996,-0.005859374999999999,-0.00585937500000001]",0.00390625,1.0281124497991967,0.06324110671936758,1.0,0.90625,0,0.0,0.90625,0,0.98828125,0.0037994384765625,6.845900497864932e-05
8,256,20,21317021,9,2,165,e1dbfaba5b670cd85e5d9e7c894bbac7843d03a26d2fdfb8087a450b0dcefc9d,"[-0.03825062425087523,0.0023427613564468716,0.00024649054561484744,0.002539392701883756,0.0021918716091751953,-0.0006027149854578077,0.0002490719999407022,0.0009780385246500435,0.0005427005818438489]",0.0038733324131270327,1.019448646693547,0.06297407966456155,0.9360130119167778,0.98828125,239,-0.08203125,0.90625,0,0.98828125,0.0037994384765625,8.312500722240657e-05
8,256,21,21317022,9,1,157,63609d19c794d00dcfba5e1c7007d53d2c12ce343d40582c748e2408d727a51e,"[-0.04376553244361598,-0.002561422132885939,-0.0021487814180839154,-0.002257049109346092,-0.0016008123746735102,-0.002515660317441618,-0.000953176815899245,-0.0017766404596373873,-0.0032511309111804025]",0.0037732128700786773,0.9930975046324345,0.062154860732722195,0.9670802059827641,0.90625,0,0.0,0.90625,0,0.98828125,0.0037994384765625,7.816599099896848e-05
8,256,22,21317023,9,0,162,e2e118bb5cf9081d25dcfd39ef5a4e8bdec6f61a9cf1b999160d732147a013e9,"[-0.04687499999999998,-0.005859375000000038,-0.005859375000000001,-0.005859375,-0.0058593749999999774,-0.005859375000000002,-0.005859375000000015,-0.005859375000000042,-0.0058593750000000035]",0.00390625,1.0281124497991967,0.06324110671936758,1.0,0.90625,0,0.0,0.90625,0,0.98828125,0.0037994384765625,8.916700608097017e-05
8,256,23,21317024,9,1,168,3a089a595f46666b021ca5dd220eddc548fe163d24ba78b545ba288a7ed054ec,"[-0.04262125937520899,-0.0006269732261724776,-0.0026849107609669296,-0.0016630773914736116,-0.0028722560862144957,-0.002185570516796964,-0.001055537812755374,-0.0023538204955183255,-0.0018610545902217085]",0.003773293494185325,0.9931187246382709,0.06215552477600893,0.9641744602553288,0.90625,0,0.0,0.90625,0,0.98828125,0.0037994384765625,7.429199467878789e-05
8,256,24,21317025,9,0,166,562298ed5b0dcbc1dbae75693544406439bb7822688b86bc346430e133e9baba,"[-0.04687499999999999,-0.005859374999999955,-0.005859374999999973,-0.005859374999999983,-0.005859375000000021,-0.005859374999999976,-0.005859374999999983,-0.005859375000000003,-0.0058593750000000295]",0.003906249999999999,1.0281124497991965,0.06324110671936758,0.9999999999999999,0.90625,0,0.0,0.90625,0,0.98828125,0.0037994384765625,7.624999852851033e-05
8,256,25,21317026,9,0,156,4612f3d207010f23e22b5962cb389909b2dcd3d3b99af622e013fbd1c559cf7d,"[-0.046874999999999944,-0.005859375000000021,-0.005859375000000006,-0.005859375000000006,-0.005859374999999995,-0.005859375000000001,-0.005859374999999999,-0.005859374999999998,-0.005859374999999975]",0.003906249999999999,1.0281124497991965,0.06324110671936758,0.9999999999999999,0.90625,0,0.0,0.90625,0,0.98828125,0.0037994384765625,7.38749949960038e-05
8,256,26,21317027,9,0,159,0ca7bf6e11d9d4ae82182faf32822c7562fb418a811bc408271ddb639208e5f4,"[-0.04687500000000001,-0.00585937500000001,-0.005859374999999989,-0.005859375000000006,-0.00585937499999999,-0.0058593749999999835,-0.005859375000000004,-0.005859374999999994,-0.005859374999999988]",0.00390625,1.0281124497991967,0.06324110671936758,1.0,0.90625,0,0.0,0.90625,0,0.98828125,0.0037994384765625,7.38749949960038e-05
8,256,27,21317028,9,1,152,b40076d0bc94f8379c65f7e9beb360dc2cc803d280f951b959bf461090fc4300,"[-0.04296357215661094,-0.00258487123333361,-0.0009481010784042747,-0.0027537575155124486,-0.002159879950848512,-0.001508995519245438,-0.0015315078041498189,-0.0020998761271388707,-0.000494306175081836]",0.003773538561981233,0.9931832256947876,0.06215754318117206,0.9632948675603258,0.90625,0,0.0,0.90625,0,0.98828125,0.0037994384765625,7.333399844355881e-05
8,256,28,21317029,9,1,159,15c645697618ae294212ab29bb3b9f8a4c9fd717ecbd1e748f97c73e7049716c,"[-0.042025481502879596,-0.002627804717865262,-0.0009992610915954584,-0.0006389325976537239,-0.002687886252368319,-0.0005719501537271739,-0.0009898919129988977,-0.0020585175352068317,-0.0012118736784717007]",0.003776838701784997,0.9940518118882794,0.06218471711220539,0.9600615994427669,0.90625,0,0.0,0.90625,0,0.98828125,0.0037994384765625,7.408398960251361e-05
8,256,29,21317030,9,1,156,56c9646205ec30d93f7c9d03416a0fd3b88bc461247117d7ae96f14e5477022b,"[-0.04329097631517355,-0.0012716368093389193,-0.0020680401520898747,-0.0019033971545842074,-0.002277395110326518,-0.001993107497631389,-0.0016142702302696038,-0.0017203403162703084,-0.00158805647623549]",0.003769913868736051,0.9922292180782564,0.06212768312369809,0.9639772200619199,0.90625,0,0.0,0.90625,0,0.98828125,0.0037994384765625,7.704200106672943e-05
8,256,30,21317031,9,0,164,560112f87fd73d1d0c1f71bb9d22142d68d53f9f7e6c656cd5cde15303f6d36e,"[-0.046874999999999965,-0.005859374999999998,-0.005859375000000004,-0.005859375000000008,-0.0058593750000000165,-0.005859375000000011,-0.005859375000000005,-0.005859374999999976,-0.005859374999999983]",0.00390625,1.0281124497991967,0.06324110671936758,1.0,0.90625,0,0.0,0.90625,0,0.98828125,0.0037994384765625,7.587499567307532e-05
8,256,31,21317032,9,0,167,22c5717bac22fb7bc75641475ec7577effbe924665d364e9b0360928d31dfff7,"[-0.046875,-0.005859375000000017,-0.005859375000000002,-0.005859374999999997,-0.005859375000000006,-0.005859375000000008,-0.005859374999999994,-0.005859374999999986,-0.005859375000000004]",0.00390625,1.0281124497991967,0.06324110671936758,1.0,0.90625,0,0.0,0.90625,0,0.98828125,0.0037994384765625,7.483399531338364e-05
8,256,32,21317033,9,0,164,fb00143c47470da269d5434f98974c3ccb84b506a976d96b2a3e1e35270ec642,"[-0.046875000000000014,-0.005859375000000014,-0.005859375000000001,-0.005859375000000009,-0.005859375000000015,-0.005859375000000006,-0.005859374999999998,-0.005859374999999992,-0.005859374999999987]",0.00390625,1.0281124497991967,0.06324110671936758,1.0,0.90625,0,0.0,0.90625,0,0.98828125,0.0037994384765625,7.366698991972953e-05
8,256,33,21317034,9,0,166,d5978849a375f26e1deee97c4ca1c0c3529f56907ad3a641186e70b9cb2da1e6,"[-0.046874999999999965,-0.005859374999999999,-0.005859374999999999,-0.005859374999999999,-0.005859375000000014,-0.005859375000000011,-0.005859374999999988,-0.0058593750000000095,-0.005859374999999999]",0.00390625,1.0281124497991967,0.06324110671936758,1.0,0.90625,0,0.0,0.90625,0,0.98828125,0.0037994384765625,7.337499118875712e-05
8,256,34,21317035,9,0,169,9a1381fb59ccd7b3adddb1a54a06a034cbdaef5e9c0875d01b7ef22bb955e209,"[-0.04687499999999995,-0.005859375000000012,-0.005859375000000016,-0.005859374999999993,-0.0058593750000000035,-0.005859375,-0.0058593749999999835,-0.005859375000000001,-0.005859375000000004]",0.00390625,1.0281124497991967,0.06324110671936758,1.0,0.90625,0,0.0,0.90625,0,0.98828125,0.0037994384765625,7.420798647217453e-05
8,256,35,21317036,9,0,162,e444a8bc50262bfe149610d1a7a40e2fc727a2baf17fadf38b6954b366ea0563,"[-0.04687499999999997,-0.005859375000000004,-0.00585937500000001,-0.0058593750000000035,-0.005859375000000021,-0.005859374999999993,-0.005859374999999982,-0.005859375000000021,-0.005859375000000008]",0.00390625,1.0281124497991967,0.06324110671936758,1.0,0.90625,0,0.0,0.90625,0,0.98828125,0.0037994384765625,7.300000288523734e-05
8,256,36,21317037,9,1,164,7a44677783f7d1b9d31f3c3b8d12fe4bfd36ba1f635278da2dc0ea2dda87fbe4,"[-0.04312902356852638,-0.001631519034407918,-0.0035262974315091013,-0.0025369835917221704,-0.0010143144249267146,-0.0018347307484492482,-0.001420940901824486,-0.0012696721030358935,-0.002256219651850529]",0.0037736033554451303,0.9932002791263135,0.062158076816270245,0.9648697014562524,0.90625,0,0.0,0.90625,0,0.98828125,0.0037994384765625,7.333299436140805e-05
8,256,37,21317038,9,0,163,5a8232e7921b58156e2e1664944bb2025195a8d430bbf54d12f9c69a905d47f8,"[-0.046874999999999986,-0.005859374999999983,-0.005859374999999987,-0.005859375000000013,-0.005859374999999995,-0.005859375000000009,-0.005859374999999997,-0.005859374999999998,-0.005859375000000003]",0.00390625,1.0281124497991967,0.06324110671936758,1.0,0.90625,0,0.0,0.90625,0,0.98828125,0.0037994384765625,7.404200732707977e-05
8,256,38,21317039,9,2,165,98dda550081ea28d56a33e834178d3f3424a096c3a2caaa2e78d224040ec5667,"[-0.04011273506439163,0.003990739799968388,0.002884647100179134,-0.00015237074231880298,0.001656794098772935,0.003119586655979343,0.0003037421363581527,0.004367405838611509,0.0027070918650061514]",0.003944578103326345,1.03820028345219,0.0635506100554965,0.9274850983118348,0.98828125,251,-0.08203125,0.90625,0,0.98828125,0.0037994384765625,7.449999975506216e-05
8,256,39,21317040,9,1,159,ff7f595402167882053fb919774e9af96a38a5723438174249b0de127c824de9,"[-0.0424589214351351,-0.0014237502662053036,-0.0021018562768159725,-0.0020139192612895446,-0.0019920181634409105,-0.0025200651957650562,-0.0017511129776195177,-0.001753789593901839,-0.0006123950647811434]",0.0037716879122309806,0.9926961406263837,0.06214229940572769,0.9628778282349544,0.90625,0,0.0,0.90625,0,0.98828125,0.0037994384765625,7.47500016586855e-05
8,256,40,21317041,9,0,167,d03ff8021c36f957f9d7b929a5eb951901fc6e3df070a7a5930ed22622fce6ad,"[-0.04687499999999999,-0.005859374999999999,-0.005859374999999995,-0.0058593750000000165,-0.005859375000000005,-0.00585937499999999,-0.005859374999999982,-0.005859374999999996,-0.005859375000000016]",0.00390625,1.0281124497991967,0.06324110671936758,1.0,0.90625,0,0.0,0.90625,0,0.98828125,0.0037994384765625,7.37919908715412e-05
8,256,41,21317042,9,0,154,1adc96cf0e99e0097a3b2ff24d9d5df626ef5a68824c588ee6b1212fa4e7bd23,"[-0.04687499999999998,-0.005859374999999989,-0.005859375000000004,-0.005859375,-0.005859375000000017,-0.005859375000000009,-0.005859375000000012,-0.005859374999999996,-0.0058593749999999965]",0.00390625,1.0281124497991967,0.06324110671936758,1.0,0.90625,0,0.0,0.90625,0,0.98828125,0.0037994384765625,7.354198896791786e-05
8,256,42,21317043,9,0,163,dc8f83ec556fa2b70e70d7048589c26296af126bdf234442b63f31f25214b710,"[-0.046874999999999965,-0.005859374999999987,-0.005859375000000004,-0.005859374999999996,-0.005859374999999994,-0.005859375000000012,-0.005859374999999993,-0.0058593749999999905,-0.005859375000000008]",0.00390625,1.0281124497991967,0.06324110671936758,1.0,0.90625,0,0.0,0.90625,0,0.98828125,0.0037994384765625,7.429099059663713e-05
8,256,43,21317044,9,1,161,3cf56d4553e4e9ab46434f6928149eb9a1b32471dbcc06304942af652eafc2c5,"[-0.04256189301751756,-0.0019517409642677299,-0.0016308825097859098,-0.0014862215273474786,-0.0017929579806775133,-0.0006415259676584164,-0.0010576938904957444,-0.0022294329809697177,-0.002146013411492967]",0.0037720695664397452,0.9927965907879323,0.06214544339201709,0.961748362250213,0.90625,0,0.0,0.90625,0,0.98828125,0.0037994384765625,7.920800999272615e-05
8,256,44,21317045,9,2,157,6a1476272c97a293fa4babf9ac5175ff4f6846e8031734f58ec60ad1e68b3517,"[-0.039812099010968285,0.0018924917063784345,0.002768293029882882,0.0007312357417908575,0.0023320338506858276,0.00044521086881902207,0.00034751445635268697,0.002069818571495145,0.0019543835982951145]",0.0038840319342099893,1.0222647262666098,0.06306099807863091,0.9335211171872683,0.0,255,0.90625,0.90625,1,0.98828125,0.0037994384765625,0.00020966699230484664
8,256,45,21317046,9,1,160,663f1d8c91ae0e54e6608581e6bdbc07245713e0c6152d95f6dbb6558f51f4df,"[-0.04533988214266673,-0.002464679664982247,-0.002460805727322114,-0.0016637236385512672,-0.0018549417593231837,-0.0015023453584339867,-0.0024184653109594247,-0.0017185633921186377,-0.0022232297152425186]",0.003775703706663747,0.9937530848189371,0.06217537270284085,0.9678966367096001,0.90625,0,0.0,0.90625,0,0.98828125,0.0037994384765625,0.0001567089930176735
8,256,46,21317047,9,3,158,56a6edba7547b74fc78b730b913950c92f742837feca687bf13b38abf6458c1c,"[-0.033703904862485354,0.006171566607808883,0.0017189300686974564,0.008352271539005297,0.005403784690809801,0.004313415552618929,0.004413665244419223,0.005379521919988683,0.006190929387847642]",0.004294477055273539,1.130292563431352,0.06630932202077683,0.8980098198512895,0.0,255,0.90625,0.90625,1,0.98828125,0.0037994384765625,0.00010845900396816432
8,256,47,21317048,9,0,164,c8acd97513d2fb5cb46310aa88ac908e930ddc7ab6e1b3d948c12f7ebef70c00,"[-0.04687499999999999,-0.0058593750000001344,-0.005859375000000033,-0.00585937499999992,-0.005859374999999852,-0.005859374999999882,-0.0058593750000001795,-0.005859374999999931,-0.005859375000000045]",0.00390625,1.0281124497991967,0.06324110671936758,1.0,0.90625,0,0.0,0.90625,0,0.98828125,0.0037994384765625,0.00010325000039301813
8,256,48,21317049,9,1,167,ee8c58559655b41d0f733f4ed80c4f2e0e6d798fe7175ccbccbd452d72a2d1c1,"[-0.042997546728621786,-0.0023514663777709083,-0.002217970329257649,-0.0028901061127936537,-0.0016813162227909929,-0.001530268762076499,-0.002657860039342609,-0.0014547821673422288,-0.0019713502069216796]",0.00377102649681851,0.992522058214851,0.062136850429347974,0.966002666946918,0.90625,0,0.0,0.90625,0,0.98828125,0.0037994384765625,8.416600758209825e-05
8,256,49,21317050,9,0,166,149111c6a8831b40534ceb34c6d3492e61fd601d597c1482da73806532a008aa,"[-0.046874999999999965,-0.005859374999999996,-0.005859375000000026,-0.005859375000000003,-0.00585937499999999,-0.005859375000000001,-0.005859375000000001,-0.005859375000000002,-0.005859375000000008]",0.00390625,1.0281124497991967,0.06324110671936758,1.0,0.90625,0,0.0,0.90625,0,0.98828125,0.0037994384765625,8.095799421425909e-05
8,256,50,21317051,9,0,159,6aa25dd0466654b66168d73d6be459923d35348772fa5cd91241831f8f0c331e,"[-0.046875000000000056,-0.005859375000000034,-0.005859374999999956,-0.005859374999999937,-0.005859375000000076,-0.005859374999999973,-0.005859374999999918,-0.005859375000000065,-0.005859374999999943]",0.00390625,1.0281124497991967,0.06324110671936758,1.0,0.90625,0,0.0,0.90625,0,0.98828125,0.0037994384765625,7.829100650269538e-05
8,256,51,21317052,9,2,167,230af2c8007da75bf2282ef06eff87802dd756e7a10b2bee58e39638b19ba7d5,"[-0.037496436810049126,0.001410080466912263,0.002389707290955489,0.0015926315875783395,0.002804525958170815,0.0005097636240780348,0.0016792609861799135,0.0019597679860980295,-0.00012073846852955496]",0.003902174506073162,1.0270397928916095,0.06320810755036071,0.9315214373786058,0.98828125,127,-0.08203125,0.90625,0,0.98828125,0.0037994384765625,9.175000013783574e-05
8,256,52,21317053,9,1,162,19ea84ff364e69adcf30e35be0ce81888e4a2900af7abfc7019702f1f7a737e6,"[-0.043115082424995385,-0.001338716815531281,-0.0023509015883823254,-0.001748552952156486,-0.0019186933417378441,-0.002286077699922158,-0.0015751271522848479,-0.0014483944344185562,-0.0011980034818325142]",0.003770599771833656,0.9924097455698413,0.062133334662920106,0.9632295498912614,0.90625,0,0.0,0.90625,0,0.98828125,0.0037994384765625,8.012499893084168e-05
8,256,53,21317054,9,1,173,e45821f7c29eba23e9ae75a4a6ef717968624dc99f5d1d07c0c9a2769e7f264e,"[-0.04280020290551391,-0.0022044525240427918,-0.0008767159550160163,-0.001776720445946581,-0.0032838646065914876,-0.0019040229578630892,-0.0015278382791138216,-0.001799370666772438,-0.0023623193462510676]",0.0037723474751977615,0.9928697354801627,0.06214773264524922,0.9647855076871112,0.90625,0,0.0,0.90625,0,0.98828125,0.0037994384765625,7.587501022499055e-05
8,256,54,21317055,9,1,163,98387f170cd41a9ed18f6dda49a9945047bb50271ba514de1da67aae85f0c1d8,"[-0.042534167958960395,-0.00288958372408541,-0.002373450952221593,-0.002978036183403479,-0.001976309869092253,-0.0010611544172728826,-0.0021663307392887003,-0.0018732807712728886,-0.0015952480234705812]",0.003772189888546848,0.9928282591799448,0.06214643454699655,0.9656975626390681,0.90625,0,0.0,0.90625,0,0.98828125,0.0037994384765625,8.079200051724911e-05
8,256,55,21317056,9,2,154,1292f7a871e72a573de20cb155eaf0de63615f5a657d54f3b0462292a12da1bf,"[-0.03949447235515235,0.0042656146906545084,0.0012777385609248112,0.0003538805119285764,0.002541406464186135,-0.00020122724555736907,0.000645934748044025,0.0037898379058253547,0.0008666840484395572]",0.003906382997118321,1.0281474542134388,0.06324218330347799,0.9322046026707067,0.98828125,239,-0.08203125,0.90625,0,0.98828125,0.0037994384765625,7.533299503847957e-05
8,256,56,21317057,9,1,159,c1da5532f2988f116f9702412e36de18139eca1ff863e889c1197cdf3b7c36a8,"[-0.043516543734237925,-3.831984566244078e-05,-0.0007532954896361593,-0.0019141132216066385,-0.0024834279300246583,-0.001959859070697572,-0.0007338538618771218,-0.002141134976293829,-0.0018957582707336007]",0.0037761350953110138,0.9938666249249101,0.06217892448893545,0.9616863064007699,0.90625,0,0.0,0.90625,0,0.98828125,0.0037994384765625,8.591699588578194e-05
8,256,57,21317058,9,0,164,436c371673707d87a7afae3c16be32e2bfc5f7b723c00cf0b48b809a2c80c170,"[-0.046875000000000056,-0.005859375000000001,-0.005859374999999987,-0.005859374999999987,-0.005859374999999956,-0.005859375000000006,-0.005859375000000062,-0.005859374999999989,-0.005859375]",0.00390625,1.0281124497991967,0.06324110671936758,1.0,0.90625,0,0.0,0.90625,0,0.98828125,0.0037994384765625,7.212499622255564e-05
8,256,58,21317059,9,0,164,be25fd819cbc543f479b39d8dedbd6f1f456abff89178efb890c2dc738335ec9,"[-0.04687499999999996,-0.005859374999999987,-0.005859375000000002,-0.00585937500000003,-0.005859374999999989,-0.005859375000000014,-0.005859375000000011,-0.005859375000000001,-0.005859375000000002]",0.00390625,1.0281124497991967,0.06324110671936758,1.0,0.90625,0,0.0,0.90625,0,0.98828125,0.0037994384765625,7.516700134146959e-05
8,256,59,21317060,9,0,163,ac8bf8c43f246ab19b2a938f20766942410ad8de565ffbd01e5899e2f92ff099,"[-0.04687499999999999,-0.005859375000000004,-0.005859375000000011,-0.005859374999999998,-0.005859375000000016,-0.005859375000000006,-0.005859375000000002,-0.005859374999999991,-0.005859374999999999]",0.00390625,1.0281124497991967,0.06324110671936758,1.0,0.90625,0,0.0,0.90625,0,0.98828125,0.0037994384765625,7.512500451412052e-05
8,256,60,21317061,9,0,167,13e3c9781453161a6e216de2a590f7c7b41f10c2ef7ea514a93def521152f101,"[-0.04687499999999998,-0.005859374999999995,-0.005859375000000007,-0.005859375000000003,-0.005859374999999993,-0.005859375000000007,-0.005859374999999998,-0.005859374999999991,-0.005859374999999991]",0.00390625,1.0281124497991967,0.06324110671936758,1.0,0.90625,0,0.0,0.90625,0,0.98828125,0.0037994384765625,7.537499186582863e-05
8,256,61,21317062,9,0,168,1bf33b0659f2a1c02451dbb5098f12bd84610301dc8a6bb38eaf455d370ad2cd,"[-0.046875000000000014,-0.005859375000000012,-0.005859374999999998,-0.005859375000000006,-0.005859375,-0.005859374999999984,-0.005859375000000016,-0.005859374999999995,-0.005859375000000001]",0.00390625,1.0281124497991967,0.06324110671936758,1.0,0.90625,0,0.0,0.90625,0,0.98828125,0.0037994384765625,7.575000927317888e-05
8,256,62,21317063,9,4,166,4060437aa8b35b72aa15d7f17b39e31219772ea97c69ffe443f7ae55a5400bdf,"[-0.03437650336357488,0.006571401193148947,0.011977975316506429,0.009244580419422574,0.013272565976728594,0.009913820285071073,0.007540667837108972,0.006847376978088525,0.006752515227864163]",0.004850894475600066,1.276739840774803,0.07047423296799181,0.8685056001296356,0.0,255,0.90625,0.90625,1,0.98828125,0.0037994384765625,7.97079992480576e-05
8,256,63,21317064,9,1,159,df72eca92dddc8b55fc8d43da20b203198f3b0b5f975bbc2d2075b2a70881031,"[-0.042987128808973256,-0.0015500565727146795,-0.0021999720408893367,-0.002967803472091054,-0.002462651068083152,-0.0010844781306122951,-0.001856876650788877,-0.0026890089136774506,-0.0020543196888939954]",0.0037717493996804632,0.9927123239255375,0.0621428059370224,0.9661022953467241,0.90625,0,0.0,0.90625,0,0.98828125,0.0037994384765625,7.470800483133644e-05
8,256,64,21317065,9,2,156,dbce5e2a2c756f73e22195d91088f3d32a4655f6173e0d8556d18b7b16804246,"[-0.039461288085470364,0.001299630481986458,0.00032957826152856326,2.0858368210682602e-05,0.001639676481693253,0.0012048731009256677,0.002933429606680703,0.0021176001121971507,-0.00024884523648672016]",0.0038671459131309075,1.017820379770872,0.06292376835769813,0.9364144869087346,0.98828125,127,-0.08203125,0.90625,0,0.98828125,0.0037994384765625,7.44159915484488e-05
8,256,65,21317066,9,0,162,81289fcf15c1393b041fc1696da6765bf6c911a5d5f5692c99d51da071307808,"[-0.04687499999999997,-0.005859375000000001,-0.005859374999999988,-0.005859375000000001,-0.005859375000000002,-0.00585937500000001,-0.005859375000000004,-0.00585937500000001,-0.005859375000000001]",0.00390625,1.0281124497991967,0.06324110671936758,1.0,0.90625,0,0.0,0.90625,0,0.98828125,0.0037994384765625,8.066699956543744e-05
8,256,66,21317067,9,1,152,45413706802f591e13ccd7a920731e99996a1f275e282945f20dcea5bd8d3180,"[-0.0430700745835231,-0.003256274911910816,-0.0026944244047014698,-0.002317782814733768,-0.00258963143204828,-0.001930269053908288,-0.0025307914309197536,-0.0021501384224245452,-0.0027412896021286113]",0.0037727112439972827,0.9929654782594615,0.06215072903692074,0.9695306766562987,0.90625,0,0.0,0.90625,0,0.98828125,0.0037994384765625,7.391699182335287e-05
8,256,67,21317068,9,0,163,518ac93e7437d145151bf8d1d974332f23e399286217e9b9aa2620dfb29f9e84,"[-0.04687499999999999,-0.005859374999999992,-0.005859375000000004,-0.005859375000000022,-0.005859374999999994,-0.005859374999999999,-0.005859374999999982,-0.005859375000000011,-0.005859374999999972]",0.00390625,1.0281124497991967,0.06324110671936758,1.0,0.90625,0,0.0,0.90625,0,0.98828125,0.0037994384765625,7.44580029277131e-05
8,256,68,21317069,9,2,169,3d697c2ffd8ee237f30f19e134904a06d808ba6efd54a401f7adf5b9c72f4622,"[-0.037457053906246505,0.0003369878578300705,0.002306428581333522,0.002147177336089166,0.002385536701670324,0.0014401510942712175,0.0011073914367110114,0.0024525859654130735,0.0025233823517043213]",0.003918655061182081,1.0313774220467022,0.06334144437620008,0.9290074125812238,0.0,255,0.90625,0.90625,1,0.98828125,0.0037994384765625,7.391699182335287e-05
8,256,69,21317070,9,2,155,ac9d25aa2ebf9267f604db26ea0dd78b19a540fff57639bbb75ac7e824f7c127,"[-0.03849449130970481,-0.0019902372136343157,0.0005387056472934901,0.0016706164053759407,0.002875540695031579,0.0018395207023020187,0.0055728795573901065,0.0042577111785765545,0.0028503323856083574]",0.003964270595637301,1.0433832841593822,0.06370904421847826,0.9271294219517611,0.98828125,254,-0.08203125,0.90625,0,0.98828125,0.0037994384765625,7.449999975506216e-05
8,256,70,21317071,9,0,161,db99e0d7d7ca3b336c15310cb8f97b53bb65417d5f89618f2129b5d3cecf979c,"[-0.04687500000000001,-0.005859374999999999,-0.005859375000000003,-0.005859375000000002,-0.005859375000000006,-0.005859374999999975,-0.00585937500000001,-0.005859375000000007,-0.005859375000000006]",0.00390625,1.0281124497991967,0.06324110671936758,1.0,0.90625,0,0.0,0.90625,0,0.98828125,0.0037994384765625,7.370900129899383e-05
8,256,71,21317072,9,0,167,a6598087e52516f247af629035f22071fcc8ba3408f1542eb86984c98ae29352,"[-0.04687499999999999,-0.005859375,-0.005859374999999984,-0.005859375000000026,-0.005859374999999998,-0.00585937500000002,-0.005859375000000001,-0.0058593750000000095,-0.005859375000000006]",0.00390625,1.0281124497991967,0.06324110671936758,1.0,0.90625,0,0.0,0.90625,0,0.98828125,0.0037994384765625,7.374999404419214e-05
8,256,72,21317073,9,0,162,5c2c70483d47d0cc86b99362c4da5b6fbe771579070b618a842010b5c5b0758f,"[-0.04687500000000002,-0.005859375000000016,-0.00585937499999999,-0.005859374999999996,-0.00585937500000001,-0.005859374999999999,-0.005859375000000012,-0.005859375000000012,-0.005859375000000001]",0.00390625,1.0281124497991967,0.06324110671936758,1.0,0.90625,0,0.0,0.90625,0,0.98828125,0.0037994384765625,7.416699372697622e-05
8,256,73,21317074,9,1,163,d1b411037f0d712656b30f224070b5735358dd5815877cdf118c01a93a93f3ac,"[-0.04280999122410257,-0.0022675387534366338,-0.0029914436921153185,-0.0028474610622875253,-0.0029117657493565765,-0.0017308753777375784,-0.0032952824573297245,-0.0016165364411444977,-0.0015930206325246216]",0.003773935642128095,0.993287735913682,0.062160813437552066,0.9683139153900351,0.90625,0,0.0,0.90625,0,0.98828125,0.0037994384765625,7.350000669248402e-05
8,256,74,21317075,9,1,161,b4761cb6ed6704162066a492819cd8494e1a67c987f85979c60f9c780cb39b87,"[-0.04338516868187923,-0.0019789410796064713,-0.001417962824900263,-0.0034325907964535135,-0.002333771572248816,-0.0018280794025871013,-0.002237129403701776,-0.003224172700292767,-0.0021549203429981714]",0.0037734676573552123,0.9931645638250248,0.062156959209657726,0.9682427368046681,0.90625,0,0.0,0.90625,0,0.98828125,0.0037994384765625,7.408398960251361e-05
8,256,75,21317076,9,0,156,be3b02cdab4b0c52ba00b44b9d4fbdd09a697e0b4620f20651d5ec2ddf9599cd,"[-0.046874999999999965,-0.00585937500000002,-0.005859374999999969,-0.005859374999999993,-0.005859374999999991,-0.005859375000000013,-0.005859374999999991,-0.005859374999999983,-0.005859375000000004]",0.003906249999999999,1.0281124497991965,0.06324110671936758,0.9999999999999999,0.90625,0,0.0,0.90625,0,0.98828125,0.0037994384765625,7.504200038965791e-05
8,256,76,21317077,9,1,156,e23d3c953d13c44c9c46cfd8d5f8d605cf3d9f50ebf354aceef443a99978ecf5,"[-0.043705471721993815,-0.0021466003751271254,-0.0015541569929285349,-0.0020798967484480834,-0.002375658381482936,-0.0009439389349898727,-0.0013401987627807742,-0.0023755765754376597,-0.002355908011774253]",0.003771589705633523,0.9926702929654561,0.0621414903749103,0.9651274065049631,0.90625,0,0.0,0.90625,0,0.98828125,0.0037994384765625,7.404200732707977e-05
8,256,77,21317078,9,1,170,f4541ca5c67f954e143d63fe9c28015745dcbd26f8259a96fa5b025fd7e3b652,"[-0.04278476233572988,-0.0018133165680113013,-0.0009519522183791959,-0.0017410082892233922,-0.001173361223818402,-0.002193398235411076,-0.0016286471584420412,-0.002527606358821763,-0.0033242864142874057]",0.0037730027978330346,0.9930422142923123,0.062153130484077015,0.9643883388021245,0.90625,0,0.0,0.90625,0,0.98828125,0.0037994384765625,7.483399531338364e-05
8,256,78,21317079,9,0,163,0f959dd0552e20d9a00f7f8263747ed596c1da6935e942e5abd8e87ca05db292,"[-0.04687499999999997,-0.00585937499999998,-0.005859375000000013,-0.005859375,-0.005859375000000017,-0.005859374999999994,-0.005859374999999989,-0.005859374999999991,-0.005859374999999991]",0.00390625,1.0281124497991967,0.06324110671936758,1.0,0.90625,0,0.0,0.90625,0,0.98828125,0.0037994384765625,7.345899939537048e-05
8,256,79,21317080,9,1,172,f102a6ac7872e51031d964e37d5661c5b86936b88b80fbf64e2cd3ee9928bf70,"[-0.04309666011203766,-0.0012648438291376855,-0.001668514261639718,-0.0017539733990007283,-0.002446319678207871,-0.0024820297281483196,-0.002812109534475547,-0.0016681717785995537,-0.0018989239086624815]",0.0037708766267662225,0.9924826128985991,0.06213561567992927,0.9653415462299095,0.90625,0,0.0,0.90625,0,0.98828125,0.0037994384765625,7.374999404419214e-05
8,256,80,21317081,9,2,159,90b1c2944dd7ecbe78292cb49ef3c92597a1e79fd33e85a3f88f9715579e2908,"[-0.04000426378260533,-0.00013761263992308114,0.000699611088076204,0.0005938834817169131,0.002051618754284974,0.002925024796240457,-0.00023162571376161004,0.002166347149326836,4.5926093150030455e-05]",0.003858293556885803,1.0154904680484658,0.06285170710568115,0.9381410907734946,0.9765625,222,-0.0703125,0.90625,0,0.98828125,0.0037994384765625,7.433300197590142e-05
8,256,81,21317082,9,0,162,1b3feb24ce26b35dbb1599ca39b669c3bf1bb7e141c630b2a1bc1f638f4c49aa,"[-0.04687499999999993,-0.005859374999999905,-0.0058593750000000226,-0.005859375000000021,-0.005859374999999869,-0.005859375000000062,-0.005859374999999819,-0.005859375000000004,-0.005859374999999942]",0.0039062499999999965,1.0281124497991958,0.06324110671936756,0.9999999999999996,0.90625,0,0.0,0.90625,0,0.98828125,0.0037994384765625,7.704200106672943e-05
8,256,82,21317083,9,2,157,bca3ad43541163149d224695d000ac80982b88ac72bcfbccef9ce20ee85d61d8,"[-0.039970439990314695,-0.0005947614753702346,0.001309586986668576,0.00047967574882149477,0.000960415472916886,0.0009144666084843036,0.0023310744875752742,0.0021744595755192712,0.002651992008516987]",0.003869629943868052,1.018474168680067,0.06294397440707059,0.9359935305771822,0.98828125,254,-0.08203125,0.90625,0,0.98828125,0.0037994384765625,7.383301272056997e-05
8,256,83,21317084,9,0,157,7cf52ea289c1168674292cecf744b2316b5ca78d2ad00ccbb7bb695a6b918416,"[-0.04687499999999998,-0.005859374999999998,-0.0058593749999999905,-0.005859374999999995,-0.00585937500000001,-0.005859374999999997,-0.005859375000000004,-0.005859374999999998,-0.005859374999999992]",0.00390625,1.0281124497991967,0.06324110671936758,1.0,0.90625,0,0.0,0.90625,0,0.98828125,0.0037994384765625,7.266701140906662e-05
8,256,84,21317085,9,1,163,ade8f4ece46d234936822e3b21603d207ad00f2df8afb012126f69007a7893e4,"[-0.04300226426610674,-0.002319214705592113,-0.003092210337485568,-0.0010824561509445417,-0.0010386938833860883,-0.0012420901070172923,-0.0012277257922848844,-0.0027092623767841387,-0.001547453068392371]",0.0037737158953121525,0.9932298992577399,0.062159003677003395,0.9635113706879938,0.90625,0,0.0,0.90625,0,0.98828125,0.0037994384765625,7.420800102408975e-05
8,256,85,21317086,9,0,165,1e2b1b1a6134d438b76b0327f8c015a605764dcf2470a92a6e74d85b6000811f,"[-0.04687499999999993,-0.005859374999999948,-0.005859375000000001,-0.005859375000000022,-0.005859374999999973,-0.0058593750000000165,-0.005859375000000026,-0.005859374999999994,-0.005859375000000021]",0.003906249999999999,1.0281124497991965,0.06324110671936758,0.9999999999999999,0.90625,0,0.0,0.90625,0,0.98828125,0.0037994384765625,7.437501335516572e-05
8,256,86,21317087,9,2,164,517c65feee20d56c06b9f364aa07bbffeea86ad1e2417c707528fc5ab32f32f2,"[-0.03878878404823409,0.0008270494889211817,0.0003149108941738211,0.00032458786428752245,0.0001340777979037771,0.0023876170943266497,0.0013382321235792703,0.0030388142958642167,-0.00098330100192296]",0.003864345852378484,1.0170834127770134,0.0629009838180201,0.9376567954911006,0.98828125,127,-0.08203125,0.90625,0,0.98828125,0.0037994384765625,7.524999091401696e-05
8,256,87,21317088,9,0,167,55efb68b73012a48f9ce7f62c064bce9dd7508eacc0f651f9f47d0e4a7c550ec,"[-0.046874999999999944,-0.005859374999999984,-0.00585937500000001,-0.005859374999999984,-0.005859375000000004,-0.005859375000000015,-0.005859375000000013,-0.005859374999999988,-0.005859375000000002]",0.00390625,1.0281124497991967,0.06324110671936758,1.0,0.90625,0,0.0,0.90625,0,0.98828125,0.0037994384765625,7.479199848603457e-05
8,256,88,21317089,9,2,171,e10e1a1d8d663b58afd44340513c6d5d7286cbfeae3cb729419daf3ed093de13,"[-0.03743866025976608,0.0029518084982254455,0.0036762354018951464,0.004771815412230012,0.002511053313311282,0.0037769798694346516,0.002338811445226173,0.00020060684962946038,0.0020989983082605893]",0.003992717658140099,1.0508704596139338,0.06393721929700925,0.9213623511615533,0.0,255,0.90625,0.90625,1,0.98828125,0.0037994384765625,7.38749949960038e-05
8,256,89,21317090,9,0,160,992d9a26c0bad2b340f44d7425f7ad0cc0f111d40b27bb0653f32cc6e7ec6514,"[-0.046875,-0.005859375000000006,-0.005859374999999999,-0.005859375000000011,-0.005859375000000006,-0.005859375000000007,-0.005859374999999996,-0.0058593749999999965,-0.005859374999999998]",0.00390625,1.0281124497991967,0.06324110671936758,1.0,0.90625,0,0.0,0.90625,0,0.98828125,0.0037994384765625,7.358400034718215e-05
8,256,90,21317091,9,0,162,10a6659b0b3307c04bf2e014d4516c1a26f7a73110f9d415b5bcefc662aa6b6f,"[-0.046874999999999986,-0.0058593750000000035,-0.005859375000000009,-0.0058593749999999774,-0.005859375000000007,-0.005859374999999985,-0.005859374999999997,-0.005859374999999987,-0.005859375000000003]",0.00390625,1.0281124497991967,0.06324110671936758,1.0,0.90625,0,0.0,0.90625,0,0.98828125,0.0037994384765625,7.354200351983309e-05
8,256,91,21317092,9,1,169,4c1ee53109933421133c762c43af4b38bd030c2b45957b635d1477b28bbffe8e,"[-0.04360947088421504,-0.002543352142292735,-0.0016110243097346502,-0.0025741164589362315,-0.002656500482575789,-0.0027904215316861556,-0.0025666859891011404,-0.00218061095010813,-0.002880440714953841]",0.003772666376974326,0.9929536694031704,0.06215035947160063,0.9696626234636037,0.90625,0,0.0,0.90625,0,0.98828125,0.0037994384765625,7.362499309238046e-05
8,256,92,21317093,9,1,166,bd50fbbc0116b3680fc89f9ad6ed539db8715cef178fe116fb825e8063d752e8,"[-0.04342993082303821,-0.0019504294876383887,-0.0026777397931236,-0.0012797136493657157,-0.0008193947055546083,-0.002182799402263489,-0.0027488611272703067,-0.002184300473023096,-0.002784641498692985]",0.0037728282953831695,0.9929962858081582,0.062151693167498356,0.9663078109599704,0.90625,0,0.0,0.90625,0,0.98828125,0.0037994384765625,7.300000288523734e-05
8,256,93,21317094,9,0,159,6c5ae8536a80d28addb1c58357edb46a2d39255c1d02736de1a1a5311d62c96c,"[-0.046874999999999986,-0.005859374999999963,-0.005859374999999989,-0.005859375000000006,-0.005859375000000011,-0.005859375000000018,-0.005859375000000018,-0.005859374999999985,-0.00585937500000002]",0.00390625,1.0281124497991967,0.06324110671936758,1.0,0.90625,0,0.0,0.90625,0,0.98828125,0.0037994384765625,7.30419997125864e-05
8,256,94,21317095,9,0,151,c9d8cec95702b776c6bf9f3ebf28e06c0d1d593f3f0981a65f6239e01257e615,"[-0.04687499999999998,-0.005859374999999993,-0.005859374999999989,-0.005859375,-0.005859375000000005,-0.0058593750000000095,-0.005859375000000006,-0.005859375000000002,-0.005859375000000005]",0.00390625,1.0281124497991967,0.06324110671936758,1.0,0.90625,0,0.0,0.90625,0,0.98828125,0.0037994384765625,7.345799531321973e-05
8,256,95,21317096,9,1,161,d8d2ed5215d1ab8217e48b52e168021f86b762953e3d433ba7a0aa82dfb5e7bf,"[-0.04287278975423709,-0.0006333610035635316,-0.0010533081693594659,-0.0007719602134501072,-0.0018971786644659961,-0.001542138006393281,-0.001763869650922412,-0.0018434266009560282,-0.0010288263318913987]",0.003773950924049394,0.9932917580662695,0.062160939292334356,0.9596568583952393,0.90625,0,0.0,0.90625,0,0.98828125,0.0037994384765625,7.345800986513495e-05
8,256,96,21317097,9,1,158,5e64984b8f159945086c29ec88c5e2e57f82797911b88a5d682e99689fe6b166,"[-0.04299782618473922,-0.002222819183842634,-0.00037714909963480195,-0.0016711154181221022,-0.0017432031422971973,-0.0006752374813838168,-0.0029363088485079656,-0.0013989422272924644,-0.0023040737091633333]",0.003774631705976193,0.9934709376821518,0.06216654563653594,0.9625766752949836,0.90625,0,0.0,0.90625,0,0.98828125,0.0037994384765625,7.495800673495978e-05
8,256,97,21317098,9,0,158,3ccd47f3570f47a85a41e1cf0657681f680258048c67b6e827d43cde1b7c196c,"[-0.046874999999999986,-0.005859374999999991,-0.005859375000000011,-0.005859375000000003,-0.005859375000000001,-0.0058593750000000095,-0.005859375000000018,-0.005859374999999981,-0.005859375000000011]",0.00390625,1.0281124497991967,0.06324110671936758,1.0,0.90625,0,0.0,0.90625,0,0.98828125,0.0037994384765625,7.2750000981614e-05
8,256,98,21317099,9,1,164,1f3d0a921ba54241180a4b7712313c08deb03061df7b5344ca017274ce838c2c,"[-0.04332470528309244,-0.0011987783594329653,-0.001439813046416962,-0.002217249272649148,-0.001796847377059751,-0.0018998526755527965,-0.0028630031746815464,-0.0007628650089994953,-0.00170029489814897]",0.0037722856730836134,0.9928534693622799,0.062147223562108875,0.963453409096034,0.90625,0,0.0,0.90625,0,0.98828125,0.0037994384765625,7.291701331268996e-05
8,256,99,21317100,9,1,159,c46cd72e05b66dad9d2f045f1b15cd7884b96e71b29b606a1cb8232d740e00aa,"[-0.04494916669529322,-0.0028822344604373393,-0.001992616414358779,-0.00234070419033534,-0.002813589251105449,-0.0025841264123362255,-0.0035340239380413497,-0.0023371431537234735,-0.0025595197203064817]",0.003778010957775865,0.9943603458987915,0.06219436681628435,0.9722431242359376,0.90625,0,0.0,0.90625,0,0.98828125,0.0037994384765625,7.287500193342566e-05
8,1024,0,22085001,9,7,252,09559add391f67446e22ee399631e35d2bf87e05b5b5ac50918ccc863c0aa542,"[-0.040708383667382414,9.939221673043151e-05,-6.431371657717606e-05,0.0009696347290991708,-9.649733087388284e-05,-0.00017111210898731625,-0.00022917961343187616,0.00044229141519707966,0.0007877878145416996]",0.0038131983606190193,1.003621557275213,0.062483326559301854,0.9452203802616843,0.953125,197,-0.046875,0.90625,0,0.98828125,0.0037994384765625,0.00014004099648445845
8,1024,1,22085002,9,6,251,694f66feb6165c02a4c08a3cef83d8774d9ecbf3771c23239a2e19d57cda3768,"[-0.040685513803684084,-0.0011101172366295182,2.9886137816860258e-05,-0.0014394685715812428,-0.00044123652601201017,-0.00042497350179533774,-0.0004997819556626397,0.00017432767694578152,0.0005949543473609499]",0.0037967929271707905,0.9993036998998591,0.06234877140822923,0.9500519234332413,0.94140625,194,-0.03515625,0.90625,0,0.98828125,0.0037994384765625,0.00013958400813862681
8,1024,2,22085003,9,3,252,76d9dcca94ba6b3382f426d4aa7d86e567f7c38cb0cca0e8568f39e790c47c4d,"[-0.04405839410311504,-0.003243521309027104,-0.0030795269563197755,-0.003037047881149233,-0.002867606752584811,-0.0029088981715961336,-0.003333459435184226,-0.002842089156109882,-0.0033242216480745762]",0.0037805422811963024,0.9950265820902846,0.06221519890189003,0.9749447654131608,0.90625,0,0.0,0.90625,0,0.98828125,0.0037994384765625,0.0001382910122629255
8,1024,3,22085004,9,2,250,a93e4f1b8a013539cb74043d52ea9c9a8f2fac97918f81be5baab8c6317b330f,"[-0.044860227666231885,-0.003948989881180813,-0.0038975012995908927,-0.004236404069182544,-0.0039307077301351,-0.003978381435497718,-0.0037367758602688127,-0.0038592306235184044,-0.003921048892093002]",0.003804175895893933,1.001246873547409,0.062409361421906166,0.9826192674576992,0.90625,0,0.0,0.90625,0,0.98828125,0.0037994384765625,0.00013091698929201812
8,1024,4,22085005,9,3,253,05f6b8cba4a8d0b108775b320fcf3a787ed1ae313313bf99cce409b09fa31108,"[-0.043827030846064784,-0.0027956209441995774,-0.0028560182609997627,-0.002621457169491645,-0.002708819249184019,-0.0023250227910408053,-0.0031436266385518083,-0.0023895833560434367,-0.0029233566893883036]",0.003774887749338029,0.9935383274723577,0.06216865406229224,0.9718405359449641,0.90625,0,0.0,0.90625,0,0.98828125,0.0037994384765625,0.0001331249950453639
8,1024,5,22085006,9,2,250,588106ec5aa1408744756e1b0c15a5e4f11ab226b4c7ae047d229c5487254ad4,"[-0.04486244990942869,-0.003913949923344196,-0.004017732660422844,-0.0037849645437033888,-0.004123578026394504,-0.00394663003681952,-0.003944302243362429,-0.003769673902251227,-0.0042906396187052205]",0.0038053836130628547,1.0015647408260533,0.06241926723043347,0.982903920864432,0.90625,0,0.0,0.90625,0,0.98828125,0.0037994384765625,0.00013770800433121622
8,1024,6,22085007,9,6,248,f42528db3ba05fb670055b2df0a9f5c0fd1f6c8e01fd1a43da7f30c2ca27b390,"[-0.04020512755819131,-0.0013289130719791346,0.0009174776868804708,0.00037403752201862437,-2.0422185497228955e-05,0.000490646281530011,-0.0008473873352621908,3.01025875473523e-05,-0.0004833570574198898]",0.003807627616657149,1.0021553553624214,0.0624376685837463,0.9473229431303734,0.953125,86,-0.046875,0.90625,0,0.98828125,0.0037994384765625,0.00013412500265985727
8,1024,7,22085008,9,5,252,0befc726ba775f1450849220e52274932abcfa75ea8c6b2b16cc56d59910f661,"[-0.0419435161840069,-0.0013903548472401388,-0.0008142280801910955,-0.00028780210266634464,-0.0014893817906227247,-0.0008924108306624935,-0.0006650641537090112,-0.0013621098178734346,-0.001276711282921682]",0.0037781652071253074,0.9944009438319845,0.062195636445039906,0.9563715790898938,0.90625,0,0.0,0.90625,0,0.98828125,0.0037994384765625,0.00013279200356919318
8,1024,8,22085009,9,8,256,3ca959723ebbca5f5cf47d33d061259eb8347a6e67adc40aee0db5b8288ff018,"[-0.03964958566942219,0.002232663705689472,0.001835939553822945,0.0013287547304263025,0.0020242408133662377,0.0016280096303527736,0.002138372251866208,0.0009639920773845586,0.0008839413339365151]",0.003884529153379978,1.0223955927546595,0.06306503436543634,0.9328636715725772,0.0,255,0.90625,0.90625,1,0.98828125,0.0037994384765625,0.00013858301099389791
8,1024,9,22085010,9,0,253,cc1544eb9014b0f0044315789c1b6d761c350424f72508fef04f320d8a0a3696,"[-0.04687500000000003,-0.0058593749999999835,-0.005859375000000023,-0.005859375000000003,-0.005859374999999989,-0.005859374999999987,-0.005859375000000012,-0.005859375000000003,-0.0058593749999999774]",0.00390625,1.0281124497991967,0.06324110671936758,1.0,0.90625,0,0.0,0.90625,0,0.98828125,0.0037994384765625,0.0001609590108273551
8,1024,10,22085011,9,1,249,2006db69c9d7f03ace2d2af48876a9608d8a3f06c3de1da0ce017eeae023c4c4,"[-0.04598635065732514,-0.004743596131087046,-0.004867932236638465,-0.004859475246387947,-0.0049035801369274375,-0.00490757152880985,-0.00476462420366099,-0.004834539317890836,-0.004823473178488947]",0.0038446364289953646,1.011895955866025,0.06274037100215792,0.9909411426372167,0.90625,0,0.0,0.90625,0,0.98828125,0.0037994384765625,0.00014745800581295043
8,1024,11,22085012,9,3,253,3f10bb40811f32f5eb7bea05db4eb2faebf17156fea070c226f05ae50156b59e,"[-0.044127706981236844,-0.0031417852117620994,-0.0028999018434023517,-0.00281324528969715,-0.003288348601847227,-0.0032900769726958924,-0.003101660102307541,-0.0029173921563165773,-0.0029269779778676053]",0.003780080782421546,0.9949051170954957,0.06221140141567997,0.9747570951371333,0.90625,0,0.0,0.90625,0,0.98828125,0.0037994384765625,0.00016391700773965567
8,1024,12,22085013,9,3,249,e36bae511bcb2b9cf8da6f0df871716a4b0830f156a954ac2d82d2a864ce17eb,"[-0.04398708474714113,-0.0027596881400483862,-0.0025292128084133487,-0.0028240308094973896,-0.002918017960702731,-0.0026276020492395215,-0.0025773919428814848,-0.003080601881161837,-0.002542526771333729]",0.0037750930477827827,0.9935923613634234,0.06217034457010492,0.9720961571104195,0.90625,0,0.0,0.90625,0,0.98828125,0.0037994384765625,0.00015037499542813748
8,1024,13,22085014,9,1,253,f31b32b6da79d34c0769656e59c2b6f76b78395a9bb1140068b7f329ab257c61,"[-0.04573859606027394,-0.004784877035955839,-0.0047564032785138936,-0.0048802335272978906,-0.004957638898489873,-0.0048651790812015,-0.004766000314631705,-0.004960541645888708,-0.0048633650453224625]",0.003843971580942716,1.011720969994626,0.06273494596161827,0.9908228348875758,0.90625,0,0.0,0.90625,0,0.98828125,0.0037994384765625,0.0001584579877089709
8,1024,14,22085015,9,8,250,c6a2ca4ae10dce9c085fc50f7817692ebed4b04e0bca620b106cea1ab598e737,"[-0.03879073155889808,0.002654118583296301,0.0025225531603431926,-0.00017883020811223087,0.0027564473011292244,0.0026648395723087182,0.0014786401321721764,0.0019747886451950006,0.0011761848405048765]",0.003911287012626051,1.0294381753392001,0.06328186750398318,0.9299919895320609,0.98828125,251,-0.08203125,0.90625,0,0.98828125,0.0037994384765625,0.0001477920013712719
8,1024,15,22085016,9,2,255,5eac85af91c24dcf795478fc0e86e684c5d3a2ae00f6232f4f78277d3c3ff680,"[-0.04483815887639326,-0.0038284204935836686,-0.0037708614714216443,-0.0038895181727110163,-0.0038285068072265605,-0.0037393912107413175,-0.0039051036646797857,-0.003963326547149052,-0.003805762079650127]",0.003800977304586684,1.0004050145919394,0.06238311867904547,0.9818190493235565,0.90625,0,0.0,0.90625,0,0.98828125,0.0037994384765625,0.0001322919997619465
8,1024,16,22085017,9,4,251,4d1b20b378f3ee84dac652a7991c57a593fb6e8bb53225bafeff75ecc7c83c2d,"[-0.043018314182465,-0.0015046832512277222,-0.0020720423483535063,-0.0026133430260883114,-0.0018351394391842833,-0.0019470124209701053,-0.0016914653764508372,-0.0016239454537000997,-0.001950051488278198]",0.0037697652765603922,0.9921901090950276,0.06212645872190874,0.964505996986718,0.90625,0,0.0,0.90625,0,0.98828125,0.0037994384765625,0.0001376250002067536
8,1024,17,22085018,9,4,253,f835a96ebe87de50167234aedd750aec5f79b25e682013cbbf70526ec78fbc79,"[-0.04282972700599589,-0.0019228695238003174,-0.0019641824459539345,-0.00229501047534195,-0.0017271087224832846,-0.0018705019320591778,-0.0021797064289919453,-0.001914523407838317,-0.0022075961621928378]",0.00376923364389789,0.9920501850863138,0.06212207786305097,0.9651612261046576,0.90625,0,0.0,0.90625,0,0.98828125,0.0037994384765625,0.00013195800420362502
8,1024,18,22085019,9,4,251,350698e564935ccabd19759fc430f3b0b99e35a5940b5b1388bd9c13837f1c6e,"[-0.04331247644207303,-0.0017264882361622644,-0.0023338928076751552,-0.0016301630944000876,-0.0017872861688709384,-0.002125309510857695,-0.0018742878825984035,-0.002033158782637027,-0.001631745732447906]",0.0037695127543977787,0.9921236460731439,0.062124377880093035,0.9647048086577225,0.90625,0,0.0,0.90625,0,0.98828125,0.0037994384765625,0.00013291698996908963
8,1024,19,22085020,9,5,254,80899cacb77692376d777ce96448231e4be8465d18ae05a6f8b51e791be05536,"[-0.041790215364328816,-0.0005494467016209746,-0.0014355870886053094,-0.0005712251457064241,-0.0014543429333059772,-0.0010622827981889358,-0.001061901162728358,-0.0006186679236805312,-0.0005343126365085851]",0.0037800881153053838,0.9949070470869623,0.06221146175681882,0.9553279817546739,0.90625,0,0.0,0.90625,0,0.98828125,0.0037994384765625,0.0001325839984929189
8,1024,20,22085021,9,2,255,fbefc875feae4970f916f932bdda5b1d3e14f9e0f3af9ebd4801a4b7aaf2cac4,"[-0.04478684459613803,-0.0038057170052290877,-0.003760924946421576,-0.003643400180744498,-0.003910819208314095,-0.003981853878980233,-0.0038300821669416014,-0.0038073158591377648,-0.0034690271520391304]",0.0037989908931296426,0.999882197478491,0.06236681566983272,0.981245984993946,0.90625,0,0.0,0.90625,0,0.98828125,0.0037994384765625,0.00013495900202542543
8,1024,21,22085022,9,7,248,4858f1696d1b5ea75601e824e6ffbeaffcaf850a4bb8152e6e964e853249786c,"[-0.04062072761028966,0.000631516035785154,0.0009124439899858334,0.001778507248730878,0.00037973491870660944,0.0009582267373854599,0.0004337711788112148,0.000456612986808407,-2.996135582822224e-05]",0.0038323719150149226,1.0086679751904335,0.06264021916479968,0.9413498758699044,0.98828125,127,-0.08203125,0.90625,0,0.98828125,0.0037994384765625,0.0001392090052831918
8,1024,22,22085023,9,8,255,eda95d9b7b05056238b5f75552b9ac4908a7e08ff8c6e015809c7191a56359ce,"[-0.03909299894729229,0.0014573492527850539,0.00206214601431535,0.002117915133390002,0.0028207472165491907,0.0016870887650889054,0.0009031939490683275,0.0011576713949485562,0.002075847041590529]",0.0038983786884320814,1.026040745883875,0.0631773574103443,0.9310610401795564,0.0,255,0.90625,0.90625,1,0.98828125,0.0037994384765625,0.00013250000483822078
8,1024,23,22085024,9,7,256,9cb0f02ae52d282ae1512a01dd867763a49aecdfa2398e284f1e3e0dc80b64e3,"[-0.04099166164774764,0.0009434095919554637,0.0012473288767780371,0.0009478982987368223,0.0009130859524973323,0.0002135411352666796,0.0007979263445690433,0.0013306188017787317,0.0012049648700611102]",0.0038411129264791883,1.0109685813242573,0.06271161450819837,0.9396428877761044,0.0,255,0.90625,0.90625,1,0.98828125,0.0037994384765625,0.00013425000361166894
8,1024,24,22085025,9,3,253,81c0205c03cc2b933d051a6f6c70388b1764e99dd9f115dc240fc3e113f9ee56,"[-0.043339338351145534,-0.003252434851473862,-0.0033687953645353914,-0.002992012583747111,-0.0028694119054317197,-0.003121539453987693,-0.0028050033175924575,-0.0029168603109547405,-0.0027474099773876453]",0.003778319995318551,0.9944416835871348,0.06219691048297409,0.9736628061162561,0.90625,0,0.0,0.90625,0,0.98828125,0.0037994384765625,0.00013158300134819
8,1024,25,22085026,9,2,250,742a45efd75a8c9acfd1b37d0f72c97249cd3396b339319cebb8b583e8d5f923,"[-0.04474739795939471,-0.0037898613948445996,-0.0036414128344178093,-0.003725763793484971,-0.004114565459381934,-0.0037883539345731007,-0.004104701540944191,-0.003896675025017865,-0.003633673373408862]",0.00380072145293752,1.0003376752598927,0.06238101907529713,0.9816924053154681,0.90625,0,0.0,0.90625,0,0.98828125,0.0037994384765625,0.00013187500007916242
8,1024,26,22085027,9,5,252,11f8e6cf77b2b3583b24b5365a6665d8cf2db0164c217fdd309a31e8cdc82731,"[-0.04159108035099436,-0.001730550011766745,-0.0010648877266117675,-0.001620329671324985,-0.0013336834466760672,-0.0008930487316452951,-0.001094366164321362,-0.0008420935634167203,-0.0010890102788771153]",0.0037759941512842095,0.9938295289098874,0.0621777640657042,0.9575090499456345,0.90625,0,0.0,0.90625,0,0.98828125,0.0037994384765625,0.00013245901209302247
8,1024,27,22085028,9,3,252,a32dc494a22ef91056d4f1e6deaf850417ebb26f1f2a03f4ff636872a656b50a,"[-0.04350771169299768,-0.0026196823497306237,-0.0032303644186205327,-0.0024586642673257693,-0.0025347898470449316,-0.002691000043316364,-0.0033037015774187322,-0.003037386901124433,-0.0028631608003939378]",0.003776253227021323,0.9938977168115238,0.06217989707665589,0.972496461897973,0.90625,0,0.0,0.90625,0,0.98828125,0.0037994384765625,0.00013262500579003245
8,1024,28,22085029,9,5,249,a6125dcf18c2859d87d61add318230be90d1ff1d4acf278419223cf10b99f686,"[-0.041301552432237036,-0.0009142368827648831,-0.0011775968032895032,-0.0007812793554638379,0.00014682382024952688,-0.0010675326027094192,-0.00040286042023899644,-0.0007410607601759241,-0.0012272768712193697]",0.0037843477353226808,0.9960281653899887,0.06224650360878758,0.9537165723078495,0.91796875,8,-0.01171875,0.90625,0,0.98828125,0.0037994384765625,0.00013187500007916242
8,1024,29,22085030,9,6,252,ea865bf20780935dd2d2d535bb0ea9482a2ceea342bf2d6620095ab938ef07a2,"[-0.04097144678824287,0.00015748025071256872,0.00020931874648343887,-0.0005354677586299425,-0.000661496859006987,0.00046030113482452154,0.0007077307775261102,0.0010741892578456326,-0.00015368876983750144]",0.0038110263728860757,1.0030498970821762,0.06246552885552222,0.9459630800083251,0.96484375,115,-0.05859375,0.90625,0,0.98828125,0.0037994384765625,0.00014045801071915776
8,1024,30,22085031,9,2,250,337b25ad04acc799c0955dd2aaf709f1a022829629d5a7aeaa4f4fff3c759e24,"[-0.04502969894969034,-0.0038483697272853994,-0.0039010747914649735,-0.003875778331002109,-0.0038257782749042415,-0.003742637765708727,-0.003913164113947555,-0.0037098072451927223,-0.003870851097099927]",0.0038015660112572375,1.000559960296202,0.06238794953348505,0.981967160296296,0.90625,0,0.0,0.90625,0,0.98828125,0.0037994384765625,0.00013633300841320306
8,1024,31,22085032,9,4,251,5d10884832218fe4d239690304531b50395364767f19db3895b20dd514ac9e95,"[-0.04277976494148493,-0.001504749381299192,-0.0020756282376881235,-0.00189716457713663,-0.0018777377570826925,-0.001680682595073212,-0.00218897910625655,-0.002370279823657839,-0.002493679125241076]",0.0037697775452665092,0.9921933381790601,0.06212655981714784,0.9651186655449202,0.90625,0,0.0,0.90625,0,0.98828125,0.0037994384765625,0.00013254200166556984
8,1024,32,22085033,9,2,253,bb49793eb502352a7772a2c85708e3f47fb5bd7d874b318bb596292fb0d91844,"[-0.0450885260096059,-0.003791094247260629,-0.004130250250664624,-0.0038368645826753938,-0.003741813803811021,-0.004008826632519958,-0.003886094361272423,-0.003903880853376688,-0.003679510798408293]",0.0038030283726095677,1.0009448491057857,0.06239994787231026,0.982316861539595,0.90625,0,0.0,0.90625,0,0.98828125,0.0037994384765625,0.00013158300134819
8,1024,33,22085034,9,4,246,738f56716185ed95fdd36108a9ed6adab2212ac58d3cb21f641fc968644ef0ab,"[-0.042920206566405675,-0.0023632553784755186,-0.00160880539911914,-0.0021242605083936247,-0.0019810317073430225,-0.001152757192694277,-0.001980012726759714,-0.002301861177238721,-0.002194267077082478]",0.0037700611619633684,0.9922679851824551,0.06212889679831898,0.9648764577335122,0.90625,0,0.0,0.90625,0,0.98828125,0.0037994384765625,0.00013116600166540593
8,1024,34,22085035,9,5,252,44267197b2f09fea0a8bccfd379120fa30e66d8d3a966d9e398d037137b2186c,"[-0.042438395503499295,-0.0011989980216291062,-0.0013624226977118096,-0.0009601097559189458,-0.0007248953723225569,-0.0007700250921685541,-0.0004591915279089265,-0.0006732985067437195,-0.0014176930067516082]",0.0037781706442153555,0.9944023748566166,0.06219568119733841,0.9562550294846546,0.90625,0,0.0,0.90625,0,0.98828125,0.0037994384765625,0.00013183399278204888
8,1024,35,22085036,9,2,253,22e43276f359ca583a928135ba7add5da594f33a30f2fe187d323a91a323cbdc,"[-0.04499364167845552,-0.0038491724001106257,-0.003898002384244643,-0.0037676080893105156,-0.003751180915560943,-0.003861392813140682,-0.003767385071075084,-0.003974059757329584,-0.0039053265842349085]",0.0038017522764581067,1.0006089846986284,0.0623894779248869,0.9820177696934625,0.90625,0,0.0,0.90625,0,0.98828125,0.0037994384765625,0.00013166699500288814
8,1024,36,22085037,9,4,253,5aefc2f4c42a97bb348b11a2a8dac4e21302d6aae3d90af4214e247551f91e45,"[-0.04310817903112615,-0.0015408459705333127,-0.0020718876444474166,-0.001846590713539107,-0.0021241965157085675,-0.001947140951907145,-0.0014143534436931516,-0.00142273917642871,-0.0021233806152727436]",0.0037697656391688476,0.992190204532408,0.06212646170983731,0.9638493140626563,0.90625,0,0.0,0.90625,0,0.98828125,0.0037994384765625,0.00013358400610741228
8,1024,37,22085038,9,5,248,52001f7594da52eec5cd8c2e030b79ef8216718c5bc7e362b6ed04996499da82,"[-0.04263428999883593,-0.0006751097791869981,-0.00027861970803848204,-0.0009454633259578428,-0.0009819504916925737,-0.0008844163849581691,-0.0012019185297992626,-0.0006346671477677496,-0.00040339825143176345]",0.003781275048150312,0.9952194439983086,0.062221228067750635,0.9548898336176688,0.90625,0,0.0,0.90625,0,0.98828125,0.0037994384765625,0.00013204199785832316
8,1024,38,22085039,9,4,252,4f170e53b90c3a556884a6d47ecaac9c45c2000c77b41f841e1e312b7d26fcd5,"[-0.04279825890243614,-0.0022509597670821555,-0.0021416181148963182,-0.001996640265484927,-0.0018232748771854533,-0.0021542942999031407,-0.0023579055541846773,-0.0017583638005113974,-0.0016668510492082312]",0.003769417156571418,0.9920984850323873,0.0621235901134066,0.9651981666308924,0.90625,0,0.0,0.90625,0,0.98828125,0.0037994384765625,0.0001329580118181184
8,1024,39,22085040,9,5,254,0e3ddb93ceb0588355bca1cb2ce50832b8bcfa82eb45705fc400fba7e8108598,"[-0.04153827263946098,-0.000737434964251552,9.038925573562365e-05,-0.0002503672697149096,-0.00035336662826389515,-0.0005544304846880799,-0.000999549013654641,-0.0013315865165949778,-0.001483129194199915]",0.003785552487081634,0.9963452521822569,0.06225641094586254,0.9534077474550933,0.91796875,2,-0.01171875,0.90625,0,0.98828125,0.0037994384765625,0.0002165000041713938
8,1024,40,22085041,9,1,254,5e81725021636e7aa2e66b198a3f3414517f589cafd2fb53254219b6c26cfdb6,"[-0.04586932697737536,-0.0048149137864039555,-0.004728755819998969,-0.004853965486138343,-0.004928973817353671,-0.004800275441796652,-0.004899476578232894,-0.004835749965629985,-0.004861325143164177]",0.0038440531664818115,1.0117424430463935,0.06273561171019641,0.990842763016094,0.90625,0,0.0,0.90625,0,0.98828125,0.0037994384765625,0.00027062499430030584
8,1024,41,22085042,9,2,252,52ddc648ad8fbf9320a870a74475e7ac34b20fa761d34331700197cb704efd09,"[-0.045198646738550174,-0.0039341386225793945,-0.0038973369708127795,-0.00394753399507953,-0.00400486315778745,-0.003996391704005931,-0.0038770038391923696,-0.004019801866162272,-0.004153273557844124]",0.003806773065327474,1.0019304401979974,0.06243066170280627,0.9832789904520141,0.90625,0,0.0,0.90625,0,0.98828125,0.0037994384765625,0.0001624590076971799
8,1024,42,22085043,9,5,250,afdef5fa52b365bae6dc30569329590985bd3c3f291694159a54db7581886f2f,"[-0.041808404924737155,-0.0010750651232668748,-0.0004318268966059156,-0.0015121710041661478,-0.001593520989682022,-0.0008096335684475013,-0.0009744748954532158,-0.0004196300649536919,-0.0010253836075072866]",0.0037791540311567042,0.9946611991401035,0.06220377485523758,0.9559001110748198,0.90625,0,0.0,0.90625,0,0.98828125,0.0037994384765625,0.00015300000086426735
8,1024,43,22085044,9,6,252,0fb55251787da8851b9ff85e528e7749671f4593ce833b90ceaf9af83629a7af,"[-0.04149101482120304,-0.0005145563131151064,-0.0002581002052460428,0.0009103645597806789,-0.00034269201330859383,0.00019650909681414517,-4.593439743834764e-05,0.00022891884311332595,0.0006357084332789836]",0.0038065619321046838,1.0018748706120986,0.062428930397925395,0.946930796817324,0.953125,212,-0.046875,0.90625,0,0.98828125,0.0037994384765625,0.00014645799819845706
8,1024,44,22085045,9,6,252,b7ab8a7d98b77320c32451c6105e9df25a12918b42cf9c805aa712608b28efd6,"[-0.04121355977484772,-0.0006410770969744886,0.0001932760154449042,-0.0001820441973021208,0.00034324734230533076,0.0005986104623434618,-2.5789587762308042e-05,-0.0007731916628858686,7.10064539024547e-05]",0.0038024554778108535,1.00079406503539,0.06239524767703391,0.9478795220457763,0.953125,154,-0.046875,0.90625,0,0.98828125,0.0037994384765625,0.00015100000018719584
8,1024,45,22085046,9,4,252,b2bb86fd7303c8446b78f76229ef4eb72f208c0878f334cb6fb3b4e8f5fe1cd3,"[-0.04345843254470692,-0.00154475783474539,-0.0019299042597302203,-0.0013474861468641627,-0.0017245867683726634,-0.0020466970606584844,-0.0018039227282553468,-0.0017825208551581204,-0.0016937020141664727]",0.003769874441628516,0.9922188409902266,0.062127358246083744,0.9635820102126578,0.90625,0,0.0,0.90625,0,0.98828125,0.0037994384765625,0.00013662500714417547
8,1024,46,22085047,9,4,248,e29fc0a86f1dc437f82c84800c0f4cdf05825b4bf2108c85f067e990a2e59b2d,"[-0.043042056664561804,-0.0017800073082693062,-0.0020650938448753316,-0.002389739359288803,-0.0022213224231816464,-0.002471100793141116,-0.0021656576504183516,-0.0023398492050845654,-0.0016614167918787602]",0.0037697794593577784,0.9921938419617324,0.06212657558941679,0.9663862440406997,0.90625,0,0.0,0.90625,0,0.98828125,0.0037994384765625,0.00013779199798591435
8,1024,47,22085048,9,2,252,30619846194129cc12837f984be873a6dcd2c136a4320b33d654a5b79ce4fe33,"[-0.04489147976761391,-0.0039639090005954255,-0.003645087261855256,-0.003448170816408906,-0.00374546618961003,-0.0038819155663631713,-0.0036693266124207136,-0.003759494757818018,-0.003445186341482245]",0.0037971262254945684,0.9993914229478394,0.062351507965813964,0.9807000363141677,0.90625,0,0.0,0.90625,0,0.98828125,0.0037994384765625,0.00013916600437369198
8,1024,48,22085049,9,4,252,9ef3e903777901f0e93844d057939f50f83981244648d248214f5d30d332d1d6,"[-0.04242095217116581,-0.0019491633532219103,-0.0020211296641768,-0.001408350288180786,-0.0014934292584718497,-0.002116710944572803,-0.001754245229178176,-0.001858064343055307,-0.0016946546818014697]",0.0037698758778475796,0.9922192189984698,0.062127370080494834,0.9629666999338249,0.90625,0,0.0,0.90625,0,0.98828125,0.0037994384765625,0.00013475000741891563
8,1024,49,22085050,9,2,247,2e28f2a383d19594d4a6b1da390026b86d8d54516b1931e7c0b603e74213af61,"[-0.04513349819978489,-0.004161179963426062,-0.003890060809265861,-0.0037264538816768906,-0.004000147703174744,-0.004060599241981939,-0.0039422502383754535,-0.00372626652980143,-0.0037798834552198665]",0.003804448401759585,1.0013185962157276,0.06241159667771055,0.9826703400227071,0.90625,0,0.0,0.90625,0,0.98828125,0.0037994384765625,0.00013425000361166894
8,1024,50,22085051,9,8,253,33a6520497fa4bd55981117b87d7b427acefa757375c7d33c1b3b7b332b4904d,"[-0.038164997678401084,0.0017448948154983376,0.0018118195370364746,0.0022637076026632836,0.0011502542363352318,0.001632368762587163,0.0030988958453791195,0.0016106344291454387,0.0017003268455965995]",0.0039116865044115596,1.0295433202936384,0.06328509916924611,0.9294020956041594,0.0,255,0.90625,0.90625,1,0.98828125,0.0037994384765625,0.00013575000048149377
8,1024,51,22085052,9,3,254,67452ab08d7b17ad40617931ab0d6a38124287b9c8ccfb6f09073c1ef84e307c,"[-0.04398503228127206,-0.0033157748444623872,-0.002463028384926159,-0.0029954380306302137,-0.0031462813724282067,-0.0025932561761547734,-0.0030959574981059656,-0.002682499740020335,-0.00318571558852361]",0.0037783476838678964,0.9944489711243633,0.06219713838043541,0.9737129839165237,0.90625,0,0.0,0.90625,0,0.98828125,0.0037994384765625,0.00013379199663177133
8,1024,52,22085053,9,5,247,8f9c3e19ebbc341c2302029cb3bce576e93076cdb1ce787ae7c88f561efe47fa,"[-0.04295875815511472,-0.0007836938900301985,-0.0012962035813508968,-0.0009202888836622857,-0.0012037883239082118,-0.0019220661435945619,-0.0015954242290951539,-0.001447003581783021,-0.0007875027818400919]",0.00377409211758257,0.9933289197505676,0.062162102084423104,0.9591647295703791,0.90625,0,0.0,0.90625,0,0.98828125,0.0037994384765625,0.00013441700139082968
8,1024,53,22085054,9,4,252,8e1914ff32914adad0f97714e7783887312afb320da55c77b5c85aa7588c31a2,"[-0.042343526307608945,-0.0018099661141160184,-0.001971866158571597,-0.001617594423628477,-0.0015337703335240602,-0.0020120290169170084,-0.0022099417887066902,-0.0023998296396538065,-0.0016148729862202609]",0.0037700044719107197,0.9922530645427347,0.06212842968339436,0.9637633967689468,0.90625,0,0.0,0.90625,0,0.98828125,0.0037994384765625,0.0001336249988526106
8,1024,54,22085055,9,7,251,0c48f32975448573f7905def797e27834724749320667fa3f5461b87de1b370b,"[-0.04064541981996274,0.0008162776084260706,-0.00010959639667046993,0.0009743164192606236,0.0010312225387721454,7.498554030130337e-05,0.0010519475017087981,0.0005575130571312249,0.0002003199371866479]",0.0038269475152328193,1.0072402905955744,0.06259587248885508,0.9422984336138464,0.98828125,253,-0.08203125,0.90625,0,0.98828125,0.0037994384765625,0.00013437500456348062
8,1024,55,22085056,9,5,253,63b82d178776f2e56bddf6a307fa771e3bb0eb881cd2a559e340188d9d329de7,"[-0.041845881726716924,-0.0012597847810317333,-0.001394260320665428,-0.0009489091559233885,-0.000765500491479752,-0.0007359522138355901,-0.001013927403564104,-0.0009353870021135252,-0.0013950496181770755]",0.003777104523901094,0.9941217754151891,0.06218690542147029,0.9565446527135075,0.90625,0,0.0,0.90625,0,0.98828125,0.0037994384765625,0.00013333300012163818
8,1024,56,22085057,9,2,253,e5b9483eedc1de3365f7e0d92f98c21d4393a62ab9b7e788361720c17d59d1f5,"[-0.04479426387731748,-0.003963121212704797,-0.0037215827856896086,-0.0037238368390921845,-0.003943343315289191,-0.003796927130507595,-0.0037347501182408674,-0.003602871952363663,-0.0035787332099298224]",0.003798455377845682,0.9997412515762836,0.06236241982354016,0.9811094304411352,0.90625,0,0.0,0.90625,0,0.98828125,0.0037994384765625,0.00013437500456348062
8,1024,57,22085058,9,6,253,3440525dc589db9ea6297404c14c354c057330db2f168446fd156c44a09bacdc,"[-0.04134004175147572,0.00023314872880455907,-0.00024040972104677312,9.154006471268185e-05,-0.0003942096139502383,-0.0003902366471021361,0.00042640398486917374,-0.0005746665482439121,-0.00010677447207587346]",0.0037993115840166906,0.9999666022896299,0.06236944795402822,0.9485452459755083,0.94140625,37,-0.03515625,0.90625,0,0.98828125,0.0037994384765625,0.00013979199866298586
8,1024,58,22085059,9,6,253,d0baff8ba938559f1c9e74c7472b9b3629ffa1e03fdc6b69e1bf6c4161154628,"[-0.040193849411281,0.00048679029751644005,0.0002740999703075918,0.00021849228332372929,0.0013931803240680115,0.0002804400848168785,0.0006859810076727317,-0.00026990372200014386,0.0006077891084209472]",0.003824793578838574,1.0066733814568867,0.06257825446508178,0.9427669800571548,0.98828125,191,-0.08203125,0.90625,0,0.98828125,0.0037994384765625,0.00014262500917539
8,1024,59,22085060,9,3,249,8f2e584a53d160f8cab4c2a1d8b37d565a4825c47952d44737c6b0ff67007272,"[-0.04400901752451747,-0.003236295934303439,-0.0031667304789548744,-0.0027707015109393876,-0.0029788084754255643,-0.0029772188167665457,-0.0035149257988348497,-0.0031893186023344206,-0.0031326840908114037]",0.0037812504029602063,0.9952129574634542,0.062221025297987335,0.975225701232888,0.90625,0,0.0,0.90625,0,0.98828125,0.0037994384765625,0.0001322919997619465
8,1024,60,22085061,9,3,245,f5e6cea7a3192e2f672ceb81c66802f6f18925809a3bbdcbfae5092612d782d5,"[-0.044039261117180886,-0.002729200423647179,-0.0032076732556962327,-0.0030490708211808686,-0.0028387553337005465,-0.0026708257914794566,-0.002856240329867267,-0.002751632901009639,-0.0025975817258885973]",0.003776612166274151,0.9939921884696497,0.06218285215860101,0.9729902416996506,0.90625,0,0.0,0.90625,0,0.98828125,0.0037994384765625,0.00013324999599717557
8,1024,61,22085062,9,2,249,fb08c8cf07d0e9ea5ad26d28d997724294a29a9c22ba5fc80e581e85c526f7fd,"[-0.044777102800808946,-0.003792916146716779,-0.003946602542178937,-0.003913636393720989,-0.0037131797809703947,-0.004294977428167483,-0.003948526585429003,-0.004108745780459874,-0.00376171972729743]",0.003803874836340534,1.001167635640214,0.062406891858623345,0.9825074071857498,0.90625,0,0.0,0.90625,0,0.98828125,0.0037994384765625,0.00013258300896268338
8,1024,62,22085063,9,5,251,af749cf54329302562d5df690bc40640d6ca93b805befc1783a25435672c4e88,"[-0.041837437233421135,-0.0015639379437634724,-0.0008581093913043786,-0.0010705881820311008,-0.0009840073644887652,-0.0017928901075790278,-0.001623471895509672,-0.0020092323175393643,-0.001688802391736992]",0.0037734767138502536,0.9931669474654226,0.06215703379938609,0.959678476827374,0.90625,0,0.0,0.90625,0,0.98828125,0.0037994384765625,0.00014250000822357833
8,1024,63,22085064,9,6,251,c7aedcf029e00d2ad1ddb493ed5284317364815a47c2790e730379876901a786,"[-0.04110130955166143,0.00012811452685997028,0.00015370792382459066,1.7008375993537842e-05,-5.40961544642947e-05,9.61727213345449e-06,-0.000544271683610931,-0.0010064741270943514,-0.0005642026754340341]",0.003797328749270818,0.9994447265550697,0.06235317073572536,0.9492119060934535,0.953125,23,-0.046875,0.90625,0,0.98828125,0.0037994384765625,0.00013187500007916242
8,1024,64,22085065,9,4,252,746c89439ed532e7aac7c7ad285672cd082f09cc020e57170de79503defccbdb,"[-0.04245679949499788,-0.0012199593758879964,-0.0023386893446892096,-0.001460837110548599,-0.0018321908616899015,-0.0020322236593242355,-0.002462163597099611,-0.0014430626628661942,-0.0023697464747061297]",0.003770825269817449,0.9924690959146841,0.06213519255464402,0.9638656725818098,0.90625,0,0.0,0.90625,0,0.98828125,0.0037994384765625,0.00014620900037698448
8,1024,65,22085066,9,4,250,3a2dff8c7d121c07838e04cecec1e11a4a7976e6b98582ca7e4cfbcaddd358f5,"[-0.0433192264052741,-0.0022112301159497487,-0.0018832369402309716,-0.0020637424152818865,-0.0021099161005949337,-0.001524253645712863,-0.001818571437619012,-0.0016133584541119256,-0.0018229107819399233]",0.003769486486749688,0.9921167325125605,0.06212416142451307,0.9646164462967154,0.90625,0,0.0,0.90625,0,0.98828125,0.0037994384765625,0.00013758298882748932
8,1024,66,22085067,9,4,251,e13f7187ae9d0b2add04e0181c8cb50fe9f8da29010021a401f63b1125701279,"[-0.043603547441025195,-0.0017562003419083884,-0.0019004116174718073,-0.0018706578150105297,-0.0020509431652932066,-0.0019960213453741574,-0.0018499757770477532,-0.0020318041643080714,-0.0017713089576787725]",0.00376943352082314,0.9921027920508646,0.062123724962498766,0.9650808706251179,0.90625,0,0.0,0.90625,0,0.98828125,0.0037994384765625,0.00013258300896268338
8,1024,67,22085068,9,6,254,45a7a179a1fa9935e7347d7757d738f6f0e10aed9b243996f994ff330a275b9f,"[-0.04151542232568205,0.0004933627496523447,0.0006109520758803824,0.00030798156524871457,0.000426844667479116,0.0004046352732153112,0.0007117992080437216,0.0007744202981435705,-0.0001993761302294327]",0.0038175457048364404,1.0047657643058674,0.06251893435164621,0.9442348026182483,0.98828125,127,-0.08203125,0.90625,0,0.98828125,0.0037994384765625,0.0001336249988526106
8,1024,68,22085069,9,2,253,67090ed97ba31d5d8ad319aef8b84c5b242f76b56b4214e5f48d131b089019aa,"[-0.04469643555527533,-0.004220316628364415,-0.003654908531825396,-0.004048329781497416,-0.004094646531049666,-0.004119334859961135,-0.003927738468807424,-0.003364723039165973,-0.0037754562913452595]",0.003802823082296866,1.0008908173550497,0.06239826365167928,0.9821518896872921,0.90625,0,0.0,0.90625,0,0.98828125,0.0037994384765625,0.00013937499898020178
8,1024,69,22085070,9,9,252,0e42637fad2ccd825fe97af611ca7260e591fd4d873b1fa138e43493b7342b51,"[-0.03805792506162437,0.004097613260249894,0.0025945221227922552,0.0038138233464594705,0.002602076207216204,0.0032452743749750886,0.0019983434607479694,0.0006142780797389477,0.0016916434447372846]",0.003966850533776953,1.0440623155887807,0.06372977169603046,0.9236503507647073,0.0,255,0.90625,0.90625,1,0.98828125,0.0037994384765625,0.00013162499817553908
8,1024,70,22085071,9,0,249,5e7fab777fb84a8cf8a6cf9f07bfdce3fd0778b71e004ad9637a2d0458bfdc45,"[-0.046875000000000056,-0.005859374999999972,-0.005859375000000018,-0.005859374999999989,-0.005859374999999999,-0.00585937500000001,-0.005859374999999994,-0.005859374999999987,-0.005859374999999991]",0.00390625,1.0281124497991967,0.06324110671936758,1.0,0.90625,0,0.0,0.90625,0,0.98828125,0.0037994384765625,0.00013541699445340782
8,1024,71,22085072,9,1,250,d8a89cfab68b4f598dff073b76ff7c0d89249fdd4734bf9fc95151a18abd9c19,"[-0.04578661344184997,-0.004782268611263293,-0.004889674240776037,-0.004779468259635418,-0.004787664092286765,-0.004802024490483898,-0.004925899776216579,-0.004737095516189798,-0.004776889896916471]",0.0038421892141231183,1.0112518567741875,0.06272039985370495,0.9905175983256183,0.90625,0,0.0,0.90625,0,0.98828125,0.0037994384765625,0.00013104200479574502
8,1024,72,22085073,9,2,248,83d2f78eaf9ba9f23ab9e5d77959dfd1714e0639aab6b9b94fb9f41db8db6f7a,"[-0.04484994717829511,-0.003843457497397764,-0.0038155552845490423,-0.0038434988666626413,-0.003884722950609916,-0.0040388434621181,-0.0035505993228957477,-0.0037957799563963683,-0.003930916841105392]",0.0038010155723458175,1.0004150865431947,0.062383432710932496,0.9818033213600301,0.90625,0,0.0,0.90625,0,0.98828125,0.0037994384765625,0.0001323750038864091
8,1024,73,22085074,9,5,251,febf121acecf7e16bd2d3d6c7f00c3524b310e02d697a53ca81b971def56079a,"[-0.041934351575636575,-0.0006549403951606093,-0.0012427210493054007,-0.0009818235567700074,4.073766039305836e-05,-0.00044402822809686454,-0.0007329445132310883,-0.00019992385743722318,-0.0006810131108897369]",0.0037855579467733196,0.9963466891555673,0.06225645584032481,0.9530810086261344,0.91796875,8,-0.01171875,0.90625,0,0.98828125,0.0037994384765625,0.00013254200166556984
8,1024,74,22085075,9,6,248,7d858085a2b487fbe127f8cde6308f28fbf5e7acb25afc0ccb09f18f179d7e75,"[-0.04068500349817541,-0.0002584502105179328,-0.000699249497320967,-1.3675915902814724e-05,0.00011452693263446337,0.00019455650568822326,0.0006037094419553425,-0.001099548168401659,-0.00018093181090583213]",0.0038016363705251103,1.0005784786294523,0.062388526867948005,0.9482740662209466,0.94140625,56,-0.03515625,0.90625,0,0.98828125,0.0037994384765625,0.00013354100519791245
8,1024,75,22085076,9,5,252,aa034331815fe7aa18218bd71df4b219ea4b99ae574b9177b2247de7910f7d8c,"[-0.040731614008108256,-0.0004663500663885497,0.00017992177173444272,-0.0007360989100601923,-0.0014485606522892586,-0.0010419372265691033,-0.0008449720893143399,-0.0011305225334276726,-0.0013693190790313298]",0.0037854975720051946,0.9963307987105721,0.06225595938324698,0.9538394527934543,0.91796875,2,-0.01171875,0.90625,0,0.98828125,0.0037994384765625,0.00013245799345895648
8,1024,76,22085077,9,3,253,f305b9d851dc218fddf6c3f798aa7dc011f2f839488ac88b4abe7a31e3b9b2b1,"[-0.043666650013804494,-0.0023932033172324512,-0.0026266666521052675,-0.0030920099337116177,-0.0036529072130865223,-0.0027849555710177326,-0.0031180762523990227,-0.002553268133065752,-0.0027396892793251407]",0.003777269517278369,0.9941652011419888,0.062188263646459165,0.972877426365748,0.90625,0,0.0,0.90625,0,0.98828125,0.0037994384765625,0.00013158399087842554
8,1024,77,22085078,9,5,247,b0d57e2f7761a4e7cb936bb58009aa7459f0c424dd258442aa38ee3c2bdfc452,"[-0.04218036726463124,-0.0015493105156596015,-0.0010502529695216225,-0.000711384777474632,-0.0012393518612045845,-0.0018080549183743578,-0.0016729023733778549,-0.0006700619759211711,-0.0007830022605775049]",0.0037756870886881404,0.9937487110211485,0.0621752358766961,0.9579146889167426,0.90625,0,0.0,0.90625,0,0.98828125,0.0037994384765625,0.00013279099948704243
8,1024,78,22085079,9,6,255,505b245d6bae2fb29a65c53f829534a35e701e133ed03b1139fc7b82ec59a484,"[-0.04034981127681586,0.00046213340839869343,-0.00015843101499697748,-0.0003096996494348947,-4.3058532214007904e-05,7.879983685217729e-05,-0.0006653662802849729,0.0011228530736262048,0.0010614220518282683]",0.003815519515046614,1.0042324776630318,0.06250234096296692,0.9450511583830413,0.953125,209,-0.046875,0.90625,0,0.98828125,0.0037994384765625,0.00013279200356919318
8,1024,79,22085080,9,6,248,a4e8bf9434bdfdcead97c8185db94509fa837e7d5778a87a39adc92c2689e448,"[-0.040623868703311146,-0.0002915568809366499,-0.0008563626879583325,0.00014663588700303,-2.9857620408552588e-05,6.896716941915427e-06,0.0008921027355191332,0.000724625444349523,0.0003737004424729593]",0.003811012486192257,1.003046242148979,0.062465415048849324,0.9459076846663281,0.96484375,244,-0.05859375,0.90625,0,0.98828125,0.0037994384765625,0.00013162499817553908
8,1024,80,22085081,9,7,254,50a1df743ea9ccd97856f9c789c69721fee77c94f206835bedeb8024eae17030,"[-0.04051879015147609,0.0007483192193438801,0.0008584338234747495,0.0009302317578165082,0.0009542067421715237,-0.0002483822274815607,0.0007656765747027041,0.001074046503743993,0.0011996770093165702]",0.0038362941473829384,1.0097002941481457,0.06267226546277818,0.9404865807483878,0.98828125,239,-0.08203125,0.90625,0,0.98828125,0.0037994384765625,0.00013433300773613155
8,1024,81,22085082,9,5,246,cc301da69c18b574a99302b1453c1dd0b70fc8d8f81d7ea5ed1bcc5984bd4583,"[-0.041408824508672525,-0.001231877267254763,-0.0008402998406265225,-0.0008555018153099905,-0.0014311555069996952,-0.0010927027929306357,-0.0010870432753180767,-0.0013327537471579552,-0.0009582554667274507]",0.0037774551227183427,0.9942140518974671,0.06218979151443284,0.9564884142209976,0.90625,0,0.0,0.90625,0,0.98828125,0.0037994384765625,0.00013816700084134936
8,1024,82,22085083,9,5,250,0d50e06541037de9820378fbb370d96fd0af57cc8bd44d8e65f2c23a86b1c95d,"[-0.04145735175403756,-0.0021472539479093695,-0.0014075944520582787,-0.001216473893010901,-0.000231567897156346,-0.0004997073971655174,-0.0009071832039203844,-0.0008012306574187507,-0.0009195339391118249]",0.0037806485144609657,0.9950545423442323,0.06221607301951253,0.9558378971417889,0.90625,0,0.0,0.90625,0,0.98828125,0.0037994384765625,0.00013254200166556984
8,1024,83,22085084,9,3,250,226e2ba68ebc2ef7b453c6c95ba44e38ec638f891632f3bdd65c9b53461d9157,"[-0.04409996842520578,-0.002696592340992109,-0.002918192886155995,-0.002696002143051579,-0.0024375032383378383,-0.002771390822144447,-0.002970669644466222,-0.0029884612579747435,-0.0032692878843473398]",0.003776980303966862,0.9940890811275995,0.06218588282376791,0.973098068642676,0.90625,0,0.0,0.90625,0,0.98828125,0.0037994384765625,0.0001332500105490908
8,1024,84,22085085,9,3,251,28aa126260cd48d20cef6a2529195b374de7dd3fe83fa68e01fda5f41e81b32a,"[-0.0441204322192777,-0.002788043648783905,-0.003102702703326013,-0.0025988898974356896,-0.0030556011113255597,-0.002448127338581427,-0.0028785618540400357,-0.002750612052597514,-0.002356185899301737]",0.0037757982586701993,0.9937779706032538,0.06217615120267738,0.9723491567246696,0.90625,0,0.0,0.90625,0,0.98828125,0.0037994384765625,0.00013537499762605876
8,1024,85,22085086,9,3,250,89685145621a86a08ea47734e9cc8dc375f363c9a166a380f668e5ce15052e73,"[-0.04382403885274331,-0.002615017764838872,-0.00277624482225979,-0.0032442949041450926,-0.0032318397986453563,-0.0025795224348710184,-0.0029556033154724153,-0.003187056718254348,-0.0024426001502945815]",0.00377722978691819,0.9941547442388373,0.06218793658896441,0.9731062187615248,0.90625,0,0.0,0.90625,0,0.98828125,0.0037994384765625,0.0001355419954052195
8,1024,86,22085087,9,3,254,200c1cc8c9561bad6bd9a95441d1626667f485a89c6a0b2185b0ebfe83b49f15,"[-0.04375659765961858,-0.0029141361618285995,-0.0028321969849393123,-0.003111245029949123,-0.002717324020156699,-0.0031436484458398552,-0.0029447412484876244,-0.002493497378629102,-0.003221059382696551]",0.0037774634632920774,0.994216247109677,0.06218986017153643,0.9733844463121455,0.90625,0,0.0,0.90625,0,0.98828125,0.0037994384765625,0.00013195800420362502
8,1024,87,22085088,9,3,252,0f0d42454268e84a281a3b891c3a8840f585baad2a950715861825db08232139,"[-0.04342993168184088,-0.0028713124734582214,-0.002988889062422583,-0.0030120402654182665,-0.0030635196235664075,-0.0029750421134468485,-0.0027056302510534663,-0.0025354943363514013,-0.00288333372619644]",0.0037762187612278017,0.9938886455254025,0.062179613318621804,0.9727151935337546,0.90625,0,0.0,0.90625,0,0.98828125,0.0037994384765625,0.00013137501082383096
8,1024,88,22085089,9,5,250,ee061974125d8efac2d1e65c70b14bdc0bb2ec257e99c591ac1099595ee1417e,"[-0.041289841517179925,-0.0010216957069606163,-0.000984940038950171,-0.00025642698597063936,-0.0011480461731435108,-0.0009696672649228457,-0.0004969108925804019,-0.0005086353673516348,-0.00033882673096426896]",0.003784851768689755,0.9961608253528185,0.06225064874453993,0.9532649906780241,0.90625,0,0.0,0.90625,0,0.98828125,0.0037994384765625,0.0001322919997619465
8,1024,89,22085090,9,6,248,b3ea6aa355174d0c03beee0e4119190607df1e0547aa133556aa8c0e7446b379,"[-0.040717825806162115,0.00013145290085600319,-0.00022318965750605253,-0.00169423403786454,-3.773624322700079e-05,0.0006256772475784062,-0.000889762416267883,-0.00041876818234469997,-0.0006607964935142692]",0.0037968667629268574,0.9993231332336326,0.06234937764965246,0.9501351826884521,0.9296875,17,-0.0234375,0.90625,0,0.98828125,0.0037994384765625,0.0001322089956374839
8,1024,90,22085091,9,1,251,8cd776283734f885c53588b6f46a1a38674b9bc81d82811c256ba40c52b48f8b,"[-0.045930154969285264,-0.004812492838282789,-0.0048328237477450195,-0.004723595632719711,-0.004878919729065794,-0.004857194078249555,-0.004876907873278709,-0.004981664572036365,-0.004771200530284998]",0.0038444909746004736,1.011857672736613,0.06273918416054307,0.9909149539709482,0.90625,0,0.0,0.90625,0,0.98828125,0.0037994384765625,0.00013204201241023839
8,1024,91,22085092,9,5,252,68710c240d050ab24327874f05c6e1b989e634db6f193422166185cf9f9e2584,"[-0.0414145495973774,-0.00045397179709413316,-0.0011758645251931617,-0.0016660528004252251,-0.00041615335115618366,-0.0010217401181466083,-0.00040305543651165916,-0.0008401256712678986,-0.0008105306125032965]",0.0037824472066875048,0.9955279523593266,0.06223087130865217,0.9544520439096755,0.90625,0,0.0,0.90625,0,0.98828125,0.0037994384765625,0.00013170800230000168
8,1024,92,22085093,9,6,252,90078d8f41020a3e67ca4776b0251b9b6def478acf46ac25d6f356e06aeffdfe,"[-0.041677098203014636,-0.0005804883497597936,0.0004784813576641336,0.00014036154976754218,0.0005612007148479007,0.0001395070009546631,-0.0006783440787570962,-1.5330753374158675e-05,-0.0004146205813598549]",0.003801216840865789,1.0004680597710054,0.0623850843293916,0.9482963313430313,0.953125,30,-0.046875,0.90625,0,0.98828125,0.0037994384765625,0.000134832996991463
8,1024,93,22085094,9,8,252,5c9f411f1206ae855540199c4186fa02f24410ef5f2371a04a3f0dade847f922,"[-0.03991956128556503,0.0011454194150474525,0.001973764812651564,0.0011507211109043943,0.0005604698907216263,0.0023734477174104534,0.0015876667136898465,0.0013545042156114864,0.0029057476427560847]",0.0038849974031265693,1.0225188345835456,0.06306883525034922,0.9331178197667721,0.0,255,0.90625,0.90625,1,0.98828125,0.0037994384765625,0.0001334590051556006
8,1024,94,22085095,9,7,249,907db2004f2455f63db102bb987d4bac57a69bf6cfea7cdbb2e4ec70fa08bcf7,"[-0.04059716374808547,0.00021706172738844456,0.001018773670711209,0.0011841850120975228,0.0010926143269866754,0.0010079880103368694,0.0015863199339376133,0.0011647222312785785,0.0004386803801113405]",0.0038439440191227227,1.0117137158121556,0.06273472105199668,0.9391368184552372,0.0,255,0.90625,0.90625,1,0.98828125,0.0037994384765625,0.00013225000293459743
8,1024,95,22085096,9,3,254,1252138ed4af51337eea8dc218c164f47683cde7a21b4cd2c93cba409bd49ecb,"[-0.04427712777756114,-0.0030405042222316964,-0.0027889202294420603,-0.0027535146093562086,-0.002640046315855233,-0.002970154614342723,-0.00268557451683563,-0.002867725463302939,-0.0028421430532698344]",0.003776823861143433,0.9940479058791005,0.06218459493833502,0.9731157108021975,0.90625,0,0.0,0.90625,0,0.98828125,0.0037994384765625,0.0001348750083707273
8,1024,96,22085097,9,4,251,4180862c5fe85d1dda2b5364602702b9f11a14b86ae29bccac0ea399e2c46c51,"[-0.04298657136880147,-0.001475201185156111,-0.0024776507277062907,-0.0021597456895028626,-0.0018468459908515843,-0.0020394295333072657,-0.0011790582052650077,-0.0016774954863261538,-0.0017248398418864387]",0.0037702134554050263,0.9923080683270032,0.06213015164904442,0.9638168380288031,0.90625,0,0.0,0.90625,0,0.98828125,0.0037994384765625,0.0001323750038864091
8,1024,97,22085098,9,5,250,e3d914f73d77c569e13e7c9d9e3133d7e9d29752fe6afcef7fcd5803b4214906,"[-0.04156486537376197,-0.00075904485247773,-0.001629314600872518,-0.0006946248641244738,-0.001481084783997725,-0.0014755123393566042,-0.0013207162081745152,-0.0010289329131492953,-0.0004613003320893427]",0.0037779368421988688,0.9943408389170485,0.062193756760617294,0.9566653962680042,0.90625,0,0.0,0.90625,0,0.98828125,0.0037994384765625,0.00013462500646710396
8,1024,98,22085099,9,3,253,6ef50c13d7f9bfa044282868e91a3be663aa3ae1422129d78fc9263e1f077cbf,"[-0.04392084686377144,-0.002601110344784981,-0.0023835267687551394,-0.002390241561314414,-0.003242974850337709,-0.0030207056811914477,-0.002106103121063183,-0.0027036428788887604,-0.002985517329549506]",0.0037750795429147203,0.9935888069255386,0.06217023336714369,0.9716046693996566,0.90625,0,0.0,0.90625,0,0.98828125,0.0037994384765625,0.00013699999544769526
8,1024,99,22085100,9,2,253,88146ebc6282a40d5174122b5cb5714f14732c9af4019c5cccc877377ff69532,"[-0.0448609992392189,-0.003804902094369691,-0.0037294703522236326,-0.0037519984566028062,-0.003830229064525898,-0.0041190969662997816,-0.0039838909670529225,-0.003934167495324616,-0.0036758619619837465]",0.003801553249200557,1.0005566013638862,0.0623878448135862,0.981940616597602,0.90625,0,0.0,0.90625,0,0.98828125,0.0037994384765625,0.00013220799155533314
8,4096,0,25157001,9,22,256,989a8196abff542f2cce54e42c3b4243fac70311ec832ea19f5917c892cf35a7,"[-0.04117524992455375,-0.00031116663834348455,-0.0007181093793831144,-0.0003302776582466072,-0.0004962841990311843,-0.0004952762661080771,-0.0006505698865759015,-0.00021109108681791622,-0.0010614726947213964]",0.0037887665491593138,0.9971911829947984,0.06228283423759546,0.9516994977337815,0.90625,0,0.0,0.90625,0,0.98828125,0.0037994384765625,0.00033245899248868227
8,4096,1,25157002,9,24,256,1cfcba506f41c88bf60e42e0bd42846fdad4180ba6cd7d9168769dba64be6268,"[-0.041095732720494146,0.0002285575554034866,-7.423964299894951e-05,6.920389748633066e-05,-0.0002671756051283412,0.00015615475095618597,-5.9670257729798145e-05,0.00028069061597213994,0.0005903851919260184]",0.00380714488888722,1.0020283029643087,0.0624337105612053,0.946421826214607,0.96484375,213,-0.05859375,0.90625,0,0.98828125,0.0037994384765625,0.00033570799860171974
8,4096,2,25157003,9,13,256,c1182df9d38cee99f19aa914ec3546b907dcf2a1f014ec5d4bef0167782304cb,"[-0.04366847379024886,-0.002520572566939895,-0.0026432026755430155,-0.002595120280162484,-0.0026058147138232654,-0.00273484384480928,-0.0027543896880620512,-0.0025797448894776015,-0.0025094078696934765]",0.0037730020901315994,0.9930420280275682,0.062153124655051156,0.97086157031876,0.90625,0,0.0,0.90625,0,0.98828125,0.0037994384765625,0.00031687499722465873
8,4096,3,25157004,9,16,256,234d7677223baf4863500ad829cbc6b557e2eab839302db98fa6f62117c405f5,"[-0.04287584714503873,-0.0021569485658531067,-0.001630311857761663,-0.0017426486100089436,-0.00185498266156383,-0.0019768674677877254,-0.0018363489354097575,-0.0020111235063598443,-0.0020176850208634]",0.0037691509461551683,0.992028419306125,0.06212139637388411,0.964352763770647,0.90625,0,0.0,0.90625,0,0.98828125,0.0037994384765625,0.0003252090100431815
8,4096,4,25157005,9,15,256,3884c348473cd40b8a46c5c60f0dd7cace794abf6b98308911319823b69e607d,"[-0.04323800948802117,-0.00240586000724699,-0.0020847403381280536,-0.0023886591893543365,-0.001985627955873035,-0.0023292687182534955,-0.0022337289757501937,-0.0021661414956425733,-0.002358254660907052]",0.0037698361659231953,0.9922087669475603,0.062127042854347315,0.9674402908291769,0.90625,0,0.0,0.90625,0,0.98828125,0.0037994384765625,0.00032912500319071114
8,4096,5,25157006,9,19,256,0686619418205fce8cb053e1d5d121320f5379e30a49d633db073b2bf2313d17,"[-0.04246944411456323,-0.0012163641370753952,-0.0014623631859868454,-0.0014342687051444745,-0.0010596691891678648,-0.001145624566505851,-0.0014891757689060561,-0.000961920187770625,-0.0013476345613757702]",0.0037732377551627618,0.9931040543066135,0.06215506569417529,0.9588364644164962,0.90625,0,0.0,0.90625,0,0.98828125,0.0037994384765625,0.0003256249910918996
8,4096,6,25157007,9,16,256,5aea9b368bf44fa627fba51b9775db2e881343e2a5743332d0cb34de8f568200,"[-0.042992916640748696,-0.0018595491745635822,-0.0020686716486326895,-0.0019071981671012147,-0.002195181615356906,-0.0015845138209115788,-0.0018638502129460996,-0.0016674528015310824,-0.0017163532791520338]",0.0037692858042478843,0.9920639135228487,0.062122507698187196,0.9641056873609439,0.90625,0,0.0,0.90625,0,0.98828125,0.0037994384765625,0.0003212080046068877
8,4096,7,25157008,9,12,256,6d00e6e27f0f9bcdc9185f24614312760d5085f20e3430413f74a071bc0f5332,"[-0.04389728500658428,-0.0029091728483062337,-0.002934721716299345,-0.002952715808819216,-0.002984248552073989,-0.002908563689209828,-0.002890891703306097,-0.002995684886282429,-0.0026357027865451387]",0.00377706814589221,0.994112200840128,0.06218660595381847,0.9733589869974266,0.90625,0,0.0,0.90625,0,0.98828125,0.0037994384765625,0.0003259590012021363
8,4096,8,25157009,9,19,256,2d6447f147c1e46bd4f2e0967d4ff957a068c67d8ea8a8942c58946d14a109a5,"[-0.04220718859844003,-0.0015609656139130663,-0.0009964826241533765,-0.0011357336389682113,-0.00100039981746584,-0.0013068777368880724,-0.001307931653562296,-0.0011606256368348064,-0.0010615976252818756]",0.003774402428015588,0.9934105924595565,0.062164657553623104,0.9579878029455076,0.90625,0,0.0,0.90625,0,0.98828125,0.0037994384765625,0.0003152090066578239
8,4096,9,25157010,9,18,256,fb9ed4fc9789ce5da8de708dfb5cb5ee06d3ba5adf76c177b881b71c5b966181,"[-0.04242752298593011,-0.0012604241103444213,-0.0018535388149394704,-0.001400505190052224,-0.0012562743255019983,-0.0013724863889592051,-0.0015052904860161451,-0.0015685459978316343,-0.0017358073242384328]",0.003771227391495592,0.992574933048414,0.062138505521968646,0.9606303956238136,0.90625,0,0.0,0.90625,0,0.98828125,0.0037994384765625,0.0003206249966751784
8,4096,10,25157011,9,15,256,0a6e3704f9628effe41efbfff8402434cccc2c1ed09ec3ff5d2aa43a131f03c4,"[-0.04309071258177502,-0.0021323731992643046,-0.0022256144347552313,-0.0020617106259565596,-0.0020031207788256474,-0.002163879046468187,-0.002024127649946038,-0.0022192657176551118,-0.002087369575165577]",0.0037691947552658685,0.9920399497233091,0.06212175739354894,0.9662581736098117,0.90625,0,0.0,0.90625,0,0.98828125,0.0037994384765625,0.00032033400202635676
8,4096,11,25157012,9,19,256,ab51a7702dca0dfc3d2c0e616229faf9fd39e63a5d2a10a6c8f2b37d8e646c8d,"[-0.042099744379224154,-0.0017639448350272261,-0.0010743467615144764,-0.0011747508054812444,-0.0011806076257435871,-0.0013577174240813345,-0.000960765331313686,-0.0012218788984886696,-0.0015735134129786763]",0.003773704872725389,0.9932269981483176,0.06215891289731429,0.9586572694738531,0.90625,0,0.0,0.90625,0,0.98828125,0.0037994384765625,0.0003211250004824251
8,4096,12,25157013,9,8,256,6d770bc5c5fe2aebf7036ad8603e8fd7a2ec72ce68488bc491f24c249f992969,"[-0.045033146011566036,-0.003936032992752098,-0.0038030166153372852,-0.0040812943148104555,-0.0037904229530368477,-0.003884144110767147,-0.0038709038583546705,-0.003831653783276567,-0.004054748216938813]",0.003803793821918294,1.0011463129045675,0.062406227288227985,0.98253536285684,0.90625,0,0.0,0.90625,0,0.98828125,0.0037994384765625,0.0003311249893158674
8,4096,13,25157014,9,17,256,5171877ae24bf7c8ed6861cbb830df7111e00892699a29ff0d25c669893bf269,"[-0.042692415599645615,-0.0017452338581146404,-0.0015532725041406397,-0.0016678216536219076,-0.0016423835187798323,-0.0015247023109462227,-0.001465684581547087,-0.0017027192128572666,-0.0015912469310831498]",0.00376999312110828,0.992250077048001,0.06212833615458461,0.9618354801707364,0.90625,0,0.0,0.90625,0,0.98828125,0.0037994384765625,0.00033983300090767443
8,4096,14,25157015,9,15,256,a95f890182510ac2626b42d755501fb1a1f30488d8af6ea787234318b3d8585c,"[-0.043129429044441205,-0.0020958490479096076,-0.002457433502112773,-0.002426807741600596,-0.0023837177577050676,-0.0021532505912520475,-0.002050464911564535,-0.002213235624233293,-0.0023223683523223492]",0.0037698847223753868,0.9922215468497725,0.06212744295914492,0.9674825565731415,0.90625,0,0.0,0.90625,0,0.98828125,0.0037994384765625,0.0003182500076945871
8,4096,15,25157016,9,22,256,8da042c3f2d573aec6bb791cfe8197c80ac4f6d908e7d11fa47d8803badcb040,"[-0.04119213693040556,-0.0008114115815632102,-0.0004022484873374494,-0.0005511309349938726,-0.000502356774821787,-0.0006278230037978097,-0.0005141026939981722,5.047615572363271e-05,4.0806213178529e-05]",0.003791673685577833,0.9979563319599553,0.06230672459527602,0.9507599280380157,0.9296875,192,-0.0234375,0.90625,0,0.98828125,0.0037994384765625,0.00031479200697503984
8,4096,16,25157017,9,19,256,c0472370ed5c4926d53dd2cb6f29b29da377e160981419ca6cdbce95f59bc39e,"[-0.042278288032602085,-0.0015160041655963021,-0.001387994188408479,-0.0012890228436852262,-0.0011774382469468948,-0.0013251126805487166,-0.0015481358934648119,-0.0012042023958908524,-0.0011543260471651628]",0.003772708185720678,0.992964673330885,0.06215070384626251,0.9591305244943086,0.90625,0,0.0,0.90625,0,0.98828125,0.0037994384765625,0.0003207500121789053
8,4096,17,25157018,9,13,256,843df7fccc70be1e15e55d78ff9749123f6c894442dc1c6214b94f30309909ea,"[-0.043839897560414946,-0.0027313041531330513,-0.0027017467364539027,-0.0025997014239990367,-0.002782321901024768,-0.0026322089468885563,-0.0025956958987072456,-0.002537681213420183,-0.002812182284255133]",0.0037739051601319864,0.9932797131502404,0.062160562401276015,0.9714827401182968,0.90625,0,0.0,0.90625,0,0.98828125,0.0037994384765625,0.00032737500441726297
8,4096,18,25157019,9,11,256,0ab6f66517a46a205c5dfe306c77c1acb4b72cc29a4f7c3d764e5397d292e376,"[-0.044166213810768185,-0.003006805562577156,-0.0030232629616827197,-0.0031493986228651916,-0.0031760017891365247,-0.0031215942192092706,-0.003158918286185221,-0.0029479775964801383,-0.0030920727222824565]",0.003780642945590824,0.9950530766355029,0.06221602719756456,0.9750922455711869,0.90625,0,0.0,0.90625,0,0.98828125,0.0037994384765625,0.0003210420109098777
8,4096,19,25157020,9,16,256,1903a8f86ad421dc24d2f399c3f9410f3d143e23bb4f3af4036705ae3c9f003d,"[-0.0426096102174662,-0.0019350782768940734,-0.0019069188649172603,-0.0018435114000922876,-0.0019557277451097764,-0.001870949967108068,-0.0017129979831655298,-0.0018388335847551276,-0.002262383514958593]",0.003769237479504517,0.9920511946056547,0.06212210947104021,0.9641860115544669,0.90625,0,0.0,0.90625,0,0.98828125,0.0037994384765625,0.000324500011629425
8,4096,20,25157021,9,17,256,c6889c0c501850c9f36006066ea24ff3f5b87f5da6ed56f7568b3b6078928aaa,"[-0.04271684634051264,-0.0016671947731067536,-0.001797577549954547,-0.0015168881402146477,-0.0015390399692460927,-0.0018163816970007752,-0.0017554849097015724,-0.001706684100931806,-0.0016223647939539957]",0.0037696799697724053,0.9921676566225075,0.06212575578177365,0.9623884622746228,0.90625,0,0.0,0.90625,0,0.98828125,0.0037994384765625,0.00032454098982270807
8,4096,21,25157022,9,14,256,6d81ce06f39ac9864bf80bc72ea05d6eac85c2caca3893e44973ac3b3ab36938,"[-0.043388458194282706,-0.002604146184921147,-0.0024974296262239353,-0.0023810047881146746,-0.002547261124905585,-0.002507573094077939,-0.0025475407682272982,-0.0025095720677338,-0.002681497532314628]",0.0037718541310427524,0.9927398888836058,0.06214366870053791,0.9699144833808018,0.90625,0,0.0,0.90625,0,0.98828125,0.0037994384765625,0.0003122500056633726
8,4096,22,25157023,9,12,256,57d90512eeae645b6c693f083833893b11e5d83d9563a4d41aa51eac35fafeba,"[-0.043817019582881665,-0.002825959312608429,-0.0029103045956592175,-0.002787975105958681,-0.002642364277156888,-0.002717416755980614,-0.0027575465700689287,-0.003053566315305814,-0.002681569977716343]",0.003775463356843594,0.993689825518481,0.06217339372373715,0.9724437224933365,0.90625,0,0.0,0.90625,0,0.98828125,0.0037994384765625,0.0003241660015191883
8,4096,23,25157024,9,14,256,043500f1a15eb0a5e85e71091c171c8e78019f76ef1ad256f31589da52de3c1d,"[-0.04318519562021686,-0.002118813152525201,-0.00230762829053734,-0.0022367670822833067,-0.0024385203620976674,-0.002437420995825615,-0.002139097417205772,-0.0022745833521472933,-0.0022017269255393706]",0.00376987120052037,0.9922179879409758,0.06212733153942105,0.9675897531983785,0.90625,0,0.0,0.90625,0,0.98828125,0.0037994384765625,0.00032050001027528197
8,4096,24,25157025,9,14,256,454cb24a32eae989f4fe05564f831c38c56618352caff5bc0952d7509a4ac609,"[-0.04357829388256131,-0.0022942363998452718,-0.0022281794347180682,-0.002237834452799439,-0.002639084701483414,-0.0025519770402882957,-0.0024999352652928914,-0.002630722632722008,-0.0023200138324293075]",0.003771287425495622,0.9925907338043417,0.062139000110044244,0.96923027764214,0.90625,0,0.0,0.90625,0,0.98828125,0.0037994384765625,0.0003206670080544427
8,4096,25,25157026,9,18,256,7b7bca6ad3342b22808e479cda46929223a928bd32228c9c9715359d570cc50f,"[-0.04245191545143832,-0.001491435704469778,-0.0014095714334914613,-0.0014638880999110094,-0.0016114523095767037,-0.0014104021334775288,-0.001697838233461443,-0.001662608997464885,-0.0014869816267294067]",0.0037707141254803376,0.9924398430822466,0.06213427683657404,0.9609360939900206,0.90625,0,0.0,0.90625,0,0.98828125,0.0037994384765625,0.0003224579995730892
8,4096,26,25157027,9,12,256,7af9cff86a4005205ae7820efe4bf0c64b3c3b519d7a431c8fb8d56e5578cc9e,"[-0.04394091335981629,-0.0028107317892393075,-0.0027438108995711916,-0.0028723676829281275,-0.0029192390593033167,-0.0029771376481758454,-0.002932780557695551,-0.0028546297089919875,-0.002790034179165248]",0.0037765265117479536,0.9939696444735497,0.0621821469931372,0.9730916448848869,0.90625,0,0.0,0.90625,0,0.98828125,0.0037994384765625,0.0003234999894630164
8,4096,27,25157028,9,23,256,e3192bdc19ffc18e9ce3bb8b854a4c26eff615e00a01093b834913362b851cc1,"[-0.04143082697694965,-0.00037971839578018263,-0.0005897752474474786,-0.0007955026163390692,-0.0006347672854097134,-5.012625399704833e-05,-0.000718219504755931,-0.000529632786736071,-0.0007906745150041193]",0.003787222610219851,0.9967848232263782,0.0622701426808204,0.9521692435824193,0.90625,0,0.0,0.90625,0,0.98828125,0.0037994384765625,0.0003139159962302074
8,4096,28,25157029,9,16,256,e092ef0294f7955d93d5eae3cbab7ad0a5729e15e9229fd5309e0d70ea5294a7,"[-0.04318509554079595,-0.0018017358431125197,-0.001877237716382748,-0.001923381965152768,-0.001707179373424126,-0.0018587182009532908,-0.001722478754417023,-0.0018796351880307433,-0.0021445120199929664]",0.003769161895364707,0.9920313011028973,0.06212148660371324,0.9643499746022621,0.90625,0,0.0,0.90625,0,0.98828125,0.0037994384765625,0.0003231250011594966
8,4096,29,25157030,9,21,256,6b51a695e6de200faf5562cbd0ea5fe3f281b44c3dbaba3e1ad8ad1a67026719,"[-0.04152313623609535,-0.0005918767696868888,-0.0005697357695574634,-0.0006556657229407816,-0.0009879644489131053,-0.0009915924668972064,-0.0008567757488904346,-0.001129580019136703,-0.0006297476456743189]",0.0037819484760143974,0.9953966880485122,0.0622267684797458,0.9541860748277923,0.90625,0,0.0,0.90625,0,0.98828125,0.0037994384765625,0.00032220799766946584
8,4096,30,25157031,9,18,256,c86c4c79c939f77b396a70afc6d043c868126edb17182e33ba03ed070a194af9,"[-0.04283177319070802,-0.001548712258327891,-0.0015123379245407793,-0.0013825464952307112,-0.0014284805282716812,-0.0016192944951196316,-0.00155477590246965,-0.0016135046468367608,-0.0018675265033436812]",0.003770291109543526,0.9923285066467651,0.062130791485305065,0.9616089519448487,0.90625,0,0.0,0.90625,0,0.98828125,0.0037994384765625,0.0003219170030206442
8,4096,31,25157032,9,13,256,206142b9e2a4d6efffac64ac5428dc7ec0530f8976a45130242595635975a5b6,"[-0.04356370226880234,-0.0024623311013131227,-0.002706447622766531,-0.00249422733971308,-0.002759537633444046,-0.002747842596887155,-0.0026678170384934977,-0.0024806217904344736,-0.002542772900145103]",0.0037728130438234126,0.9929922716466312,0.06215156754407395,0.9706753002919993,0.90625,0,0.0,0.90625,0,0.98828125,0.0037994384765625,0.0003211250004824251
8,4096,32,25157033,9,17,256,a12c93b2d392637f2e66273b24b30e02b7afccd873521de339344b1b86cca7bc,"[-0.04288684834685073,-0.0015947516700829814,-0.0020518480734005107,-0.0017884120573084757,-0.0017051771299257327,-0.0018753383871808794,-0.0017674278376913824,-0.0016652701508348357,-0.0019617607707544684]",0.0037692778616908182,0.9920618230673472,0.06212244224655417,0.96354683442403,0.90625,0,0.0,0.90625,0,0.98828125,0.0037994384765625,0.00033591699320822954
8,4096,33,25157034,9,18,256,ba72b4aed8a37fd2da5c9f804504e55aa3be9cdfec24aa1430d208e18ad2a2d3,"[-0.04240397758210241,-0.0018061724192008483,-0.0016172563611139066,-0.0018605610642327213,-0.0012759857187234146,-0.0014936696202556218,-0.0014687659557823208,-0.0015200301259784628,-0.001728317468319121]",0.003770525167339457,0.9923901099066612,0.06213271997968467,0.9614247363157088,0.90625,0,0.0,0.90625,0,0.98828125,0.0037994384765625,0.00032062501122709364
8,4096,34,25157035,9,16,256,05ee9de13d4f3935b132d600c3d951440df51f0324dae66d0f3e582a21ce6f7f,"[-0.04289512347683368,-0.001963890284337688,-0.0016857534948443043,-0.0017657787579525637,-0.0019643105500410036,-0.002006210463275306,-0.0017928497571215742,-0.001892738381232669,-0.0020759953985889307]",0.0037690803963449353,0.9920098508227376,0.06212081498655089,0.9642926505642277,0.90625,0,0.0,0.90625,0,0.98828125,0.0037994384765625,0.00032500000088475645
8,4096,35,25157036,9,10,256,0664341a72337a34746cdf933e5653a2c9b2f0171448e09ef89a28310b5fb13d,"[-0.044242345679698925,-0.003185955661947708,-0.00326263971075836,-0.0033412876298217777,-0.003134673820307959,-0.003067962384514113,-0.0031723354054484566,-0.0034146022047522855,-0.003212516383828235]",0.003783552016397519,0.9958187347254129,0.06223995910913546,0.9762843188810778,0.90625,0,0.0,0.90625,0,0.98828125,0.0037994384765625,0.00034141600190196186
8,4096,36,25157037,9,16,256,93f6465319436780402a2b34be51d9e93299ce5df66960546ceeb2b485344a65,"[-0.04297395293508934,-0.0017862460079606103,-0.002087705602923236,-0.0018567707539409559,-0.0019329703117119507,-0.0019609238681681813,-0.001927621584437364,-0.0018792853146300085,-0.0017255126969201006]",0.003769034547303093,0.991997783502231,0.06212043715055275,0.9643809890757817,0.90625,0,0.0,0.90625,0,0.98828125,0.0037994384765625,0.0003350829938426614
8,4096,37,25157038,9,26,256,12396cbfb6269738f172306f78a9cca3840ded53a76da70743093bf608b809f7,"[-0.04099271929478478,0.0001435572633767057,0.0002921024188363009,-3.466151412960541e-05,-8.709695874452733e-05,-0.0001225857676240818,-2.3607038707657935e-05,0.0004018367647628976,-0.00010121537669817248]",0.0038054746088692663,1.0015886906299447,0.06242001352281556,0.946774389503713,0.94140625,67,-0.03515625,0.90625,0,0.98828125,0.0037994384765625,0.00043474999256432056
8,4096,38,25157039,9,13,256,218890c8fe34f71ca14216c1548fe3c131dceb9299684897115e25530c51d90b,"[-0.043641741991971204,-0.00260966153008908,-0.0026299448243666144,-0.0026196181462999077,-0.0026585412169538285,-0.0027436942648566016,-0.0024941201907764782,-0.0027461574091909298,-0.002538973693552631]",0.003773094561754704,0.9930663662616718,0.062153886298560175,0.9709324532680572,0.90625,0,0.0,0.90625,0,0.98828125,0.0037994384765625,0.0004489169950829819
8,4096,39,25157040,9,17,256,da3e4fc7f2e978f06925d59150d4b5791b83e9f744ce4eeba39c1f15159df14c,"[-0.042518272783622475,-0.0018204333775936033,-0.0017182919851291233,-0.0018476511935645228,-0.0015008747912717152,-0.0016381192683748082,-0.0019124245656220642,-0.0017830272868175963,-0.0018914664898891684]",0.0037695458568868584,0.9921323585419163,0.06212465065633224,0.9628805617418851,0.90625,0,0.0,0.90625,0,0.98828125,0.0037994384765625,0.0003706250136019662
8,4096,40,25157041,9,13,256,6c6524c0ad77d9b93be44ab9da8d52e06f9c7f9fe29f0703c6bc67bdffc9426c,"[-0.043739658686689734,-0.002840682095555029,-0.0027545324850658066,-0.0026956275051673983,-0.002583174105558407,-0.002748309399149311,-0.002590497393408015,-0.002812726206098012,-0.0026191164472473176]",0.003774114502679159,0.9933348114360697,0.06216228643373847,0.971634324323939,0.90625,0,0.0,0.90625,0,0.98828125,0.0037994384765625,0.00034395899274386466
8,4096,41,25157042,9,20,256,b2ba5f98101d1d4dbd42ebfc3239c59cc83b0bffe3652faf348b022463063fd7,"[-0.04186729473781325,-0.0011373352226849796,-0.0009436389540077853,-0.0010161034528955173,-0.0010526081609989542,-0.0012756131603740882,-0.0011829025974677322,-0.0012535670924712005,-0.0012286260095951606]",0.0037755741620222657,0.9937189890855068,0.0621743060731368,0.9572076893883087,0.90625,0,0.0,0.90625,0,0.98828125,0.0037994384765625,0.0003485829947749153
8,4096,42,25157043,9,14,256,178eb2d43fca91df16257a3fe4dfe89dfcabf35e3f104970c48707b912ff3ddc,"[-0.04338617830449268,-0.002354842967586981,-0.0025440557877396486,-0.00250074287275098,-0.002726778487330057,-0.002739089266896705,-0.002563637163009351,-0.0027091577237050484,-0.00256704816230135]",0.00377244309845983,0.9928949032155158,0.06214852031543405,0.9703415307358128,0.90625,0,0.0,0.90625,0,0.98828125,0.0037994384765625,0.00038204199518077075
8,4096,43,25157044,9,17,256,8fd3a1e7f1a6b02695feec937f045f55f43905eaf41500206309657221c87f62,"[-0.04249174398519484,-0.0016125292425367558,-0.001400250999991471,-0.0015330797904031968,-0.0017933096215238115,-0.001512149045964466,-0.00127928405528986,-0.0015112695580787759,-0.0019319124340212268]",0.0037706162948541663,0.9924140943757536,0.06213347079898605,0.9613155287330044,0.90625,0,0.0,0.90625,0,0.98828125,0.0037994384765625,0.0003784580039791763
8,4096,44,25157045,9,23,256,a6ccefa9352f3c8c8705d3dbac7cca5a09a6fe99391cf9bb1521de5053bad8c9,"[-0.04141088298150315,-0.0008118046582545802,-0.0006628637432020872,-0.0004179590398162936,-0.0005006891386534998,-0.00028278294685412953,-0.0003201620206751625,-0.0007057320674029656,-0.0003745393917127283]",0.003788286071092065,0.9970647227112032,0.06227888486723284,0.9517374159880746,0.90625,0,0.0,0.90625,0,0.98828125,0.0037994384765625,0.0003635000030044466
8,4096,45,25157046,9,13,256,700d6f50e872f41cc54756dd7b66405013fb291dde0bc857108680b71c4a41b7,"[-0.04361855326107998,-0.002724427564443747,-0.00268778914316491,-0.002691536670278796,-0.0027806064364797266,-0.0023023918660406975,-0.002831839330730093,-0.002776575690475623,-0.0025496369334458984]",0.003773635782832436,0.993208813910468,0.062158343884574876,0.9712133568961395,0.90625,0,0.0,0.90625,0,0.98828125,0.0037994384765625,0.0003575830050976947
8,4096,46,25157047,9,19,256,1605e181309b45c82ee56370d44994311eb11f747cfcb49d7f67ef84408928a5,"[-0.04195142182051581,-0.0011656249451635398,-0.0011225106473113737,-0.0012638902525577906,-0.001413568365460571,-0.0013670391763853942,-0.0012885316265915283,-0.0008598684661384083,-0.0013408311019849706]",0.003774387392111488,0.9934066350579055,0.06216453373233244,0.9580232864021094,0.90625,0,0.0,0.90625,0,0.98828125,0.0037994384765625,0.0003528340021148324
8,4096,47,25157048,9,11,256,e157cf3504e213005370247dc02a9cbd8554d2080f0ed5a1e003ea6b6858cd73,"[-0.044207724600175254,-0.003242770011088011,-0.0029848865925069285,-0.0033584386010607026,-0.002954529367964559,-0.002980242091165387,-0.0030423931534539917,-0.0032960735500725423,-0.0031033316207260825]",0.0037815293504688775,0.9952863755515196,0.062223320316573155,0.9754203895882134,0.90625,0,0.0,0.90625,0,0.98828125,0.0037994384765625,0.00033399999665562063
8,4096,48,25157049,9,16,256,10d6a80c36afae65d414df3ac08d8496f14acaef46b1b51978824869d3e6fefa,"[-0.042997216163731505,-0.0017254536904689327,-0.0020128041712024515,-0.001806871814529439,-0.0017827171425191986,-0.0019657028499196006,-0.0020883963273189915,-0.002014040209621174,-0.0017707556813631562]",0.0037690829591862343,0.9920105253543335,0.062120836106525315,0.9644139580506744,0.90625,0,0.0,0.90625,0,0.98828125,0.0037994384765625,0.0003271669993409887
8,4096,49,25157050,9,15,256,cb10408499bf1e872315e51e033261c490f49ad551b09b6a2bdf4307e7775d19,"[-0.04332041675451402,-0.002092096884590222,-0.002274590170157127,-0.0020712232680337984,-0.0023376785648314084,-0.0022225201064053042,-0.0024380454001276452,-0.002556201265240774,-0.002266010441715478]",0.003770098369428348,0.9922777780676957,0.06212920337863015,0.9678287828556158,0.90625,0,0.0,0.90625,0,0.98828125,0.0037994384765625,0.00032670800283085555
8,4096,50,25157051,9,17,256,c38f134c58b7b9122f3784081c38f86f303904020dfb1918b80d0244d556f227,"[-0.04274293541510643,-0.0019250537055414154,-0.0017062412244785389,-0.001731056382219121,-0.0017532813473957797,-0.00162758807406321,-0.0018168456790029718,-0.0019609452509263374,-0.00177249617858309]",0.003769280116487859,0.9920624165226841,0.06212246082749768,0.9632864432573169,0.90625,0,0.0,0.90625,0,0.98828125,0.0037994384765625,0.00033075000101234764
8,4096,51,25157052,9,12,256,1418ad22e6e99fa146b1991e85fab75c62032b85715fd07be10fed3acd0fc7a8,"[-0.0439343232090579,-0.0029519668790672017,-0.002980827742670553,-0.0029060276296268388,-0.0029216769045134314,-0.003004758026561846,-0.0029804993799770097,-0.003038236163543879,-0.0030303952528052524]",0.0037782526118735225,0.9944239484808963,0.06219635586335613,0.9739987111878239,0.90625,0,0.0,0.90625,0,0.98828125,0.0037994384765625,0.00033145799534395337
8,4096,52,25157053,9,18,256,2f8de5e52e966b9e28b601c30150ceba0474067542aa7fee91f856044c0d1351,"[-0.04249324004481778,-0.0016848687492648931,-0.001393275508679234,-0.0015496946743127618,-0.0016067560004471217,-0.001296174585423107,-0.0016680507119151184,-0.0013913016557500705,-0.0014747349601920302]",0.0037708724822327747,0.9924815220707114,0.06213558153359757,0.9608080968908022,0.90625,0,0.0,0.90625,0,0.98828125,0.0037994384765625,0.0003155409940518439
8,4096,53,25157054,9,26,256,03d855cff43e9d9c8054fa0beb1ba4e8ce800b23327a23d207d56a3211cce2df,"[-0.040631124782633705,0.000449493707004995,0.0003848905890220193,0.0002739041595247628,0.0005192004151220557,0.00030930378053316016,0.0006682989209369944,0.0008269267788428312,0.0005053374520670844]",0.003822459508357275,1.0060590616052305,0.06255915744143753,0.9429437689795798,0.0,255,0.90625,0.90625,1,0.98828125,0.0037994384765625,0.0003227909910492599
8,4096,54,25157055,9,16,256,3ef8781f704beabc09dfcf12079f31e5cc7245cc746750df9f9bef1f290dca6c,"[-0.04292604544683935,-0.0016344957560314496,-0.0016312196856276414,-0.0017958019714643322,-0.0016092787152905328,-0.0019708592831067457,-0.001951562467331659,-0.0017694122400538064,-0.0017697917791375743]",0.0037693385289400546,0.9920777904924314,0.0621229421808467,0.9633084673448831,0.90625,0,0.0,0.90625,0,0.98828125,0.0037994384765625,0.00033158299629576504
8,4096,55,25157056,9,14,256,583a9347c86fe64725e511a72e3d4bd14116911261f57ac3c579bbb56276547d,"[-0.04368911850077659,-0.0026054895853164593,-0.002246971631855868,-0.0025133766881171916,-0.0025540444766370095,-0.0022346253418765367,-0.002412610161498066,-0.0026409058835513005,-0.0023500235159975786]",0.0037715476808129725,0.9926592321677067,0.06214114416913764,0.9694971657856266,0.90625,0,0.0,0.90625,0,0.98828125,0.0037994384765625,0.0003155409940518439
8,4096,56,25157057,9,16,256,c3e67b316f01994c056c7d4a6eb5e2ee8106c6a7b9a12211fcd0bdf41d1fe630,"[-0.04341370363018457,-0.002065198478209123,-0.0020165099823574646,-0.0021902515114934165,-0.0017832511588526763,-0.0017821436739346315,-0.001920096782487869,-0.0020037814555995018,-0.0016629228047172384]",0.003769337655263036,0.9920775605434471,0.06212293498125589,0.9650878594778365,0.90625,0,0.0,0.90625,0,0.98828125,0.0037994384765625,0.00032337500306311995
8,4096,57,25157058,9,11,256,d1edbb0ed35f3a97cdbd068308af7b1fcfd3d70adc4a0a95898213b1eb688f09,"[-0.044162504874471285,-0.003194509397933795,-0.0032143143659344774,-0.0032565192691781167,-0.0032433946535132424,-0.0031923939776629224,-0.003155961826937998,-0.0031365660681588864,-0.0032264841649284914]",0.003782845795733655,0.995632859715666,0.06223415012377476,0.9760326485987192,0.90625,0,0.0,0.90625,0,0.98828125,0.0037994384765625,0.000334834010573104
8,4096,58,25157059,9,22,256,63b07a8bd3e13f6acb61200c39bcf808cece9a9ff23d05661ce9cffef8342be6,"[-0.04158872476477909,-0.0006081890031579025,-0.0007266606126588129,-0.0006146267282573071,-0.0004135954968446247,-0.0006010948889565867,-0.0006056318225574809,-0.0007109853423440993,-0.00034258792107236404]",0.0037860806284270533,0.9964842572875315,0.06226075364590571,0.9524620965806283,0.90625,0,0.0,0.90625,0,0.98828125,0.0037994384765625,0.0003233330062357709
8,4096,59,25157060,9,14,256,d97eacc34922edd6299b439d16ffacbc63fb8a450360a4ce175195ec076406bd,"[-0.04332583961675149,-0.002521299668401595,-0.0026754068317431648,-0.002495577516051573,-0.002355779250046774,-0.002319684368069048,-0.0024671439753201764,-0.0023666459529782776,-0.002435408030509839]",0.003771151487884801,0.992554955461921,0.062137880187007194,0.969212785209872,0.90625,0,0.0,0.90625,0,0.98828125,0.0037994384765625,0.00033058400731533766
8,4096,60,25157061,9,20,256,a883c4b9fbb0037a94a674b89c8f02322041b8a88775ba4fefc7e68699f9efa0,"[-0.04179425390253485,-0.0005120974632886043,-0.001026819647839531,-0.0011445879254370957,-0.0008731796276266914,-0.0010026891453488924,-0.0006469730030557733,-0.0008909707240519235,-0.0011866205928831167]",0.0037793800177606876,0.9947206780882105,0.062205634664281584,0.9553281920320664,0.90625,0,0.0,0.90625,0,0.98828125,0.0037994384765625,0.0003355000080773607
8,4096,61,25157062,9,16,256,cbd4a1cc08315d898b9bcb29154318c9b29c07598d26269cd014aba71c82d0a2,"[-0.0426967011806571,-0.0019196249472637932,-0.0019030422058318912,-0.0016784448036630739,-0.002006556497755637,-0.0019537386160045855,-0.0020726099417344955,-0.0014802994632256883,-0.002149265799565992]",0.0037693531559019294,0.9920816402618026,0.06212306271512855,0.9641102834557023,0.90625,0,0.0,0.90625,0,0.98828125,0.0037994384765625,0.0003427920019021258
8,4096,62,25157063,9,16,256,08b3a9497278c3a75017d40cf6c60e8425efa41c7adafbbef43f2c0b9b261640,"[-0.04329176932557661,-0.0017216953908695193,-0.0018108795908295297,-0.0021088017230844794,-0.002057474399399195,-0.002112681088881164,-0.002009824243733835,-0.0018566113344960474,-0.0020444333517284437]",0.0037691804824343364,0.9920361931599063,0.06212163977502898,0.9652641704485988,0.90625,0,0.0,0.90625,0,0.98828125,0.0037994384765625,0.00033525000617373735
8,4096,63,25157064,9,15,256,0e0b768ea3ab3b4ae962ccec8bacf0f2df4a6d83ed6325f9656829a8efd4ea4d,"[-0.04315911830501365,-0.0019676941777694427,-0.0018435731800462525,-0.00204506443940508,-0.002048776861691252,-0.0018718206879125131,-0.0020320577066121927,-0.0016185633487662517,-0.0020781382432760688]",0.0037691273551032204,0.9920222102170468,0.06212120196519591,0.9649148069504927,0.90625,0,0.0,0.90625,0,0.98828125,0.0037994384765625,0.00031695800134912133
8,4096,64,25157065,9,10,256,9f11761eb69d7a37abe5fd1c17f38858633a8000d54f6bca78fe0c1713337ac6,"[-0.044428495864696466,-0.0034026491036675236,-0.003377351216203389,-0.0033302090058186166,-0.003304329380905085,-0.0034671282602606055,-0.003308955102271395,-0.003350056553758995,-0.003284399558508503]",0.0037867576013614155,0.9966624343888423,0.06226631968705516,0.9775035740460906,0.90625,0,0.0,0.90625,0,0.98828125,0.0037994384765625,0.00032341599580831826
8,4096,65,25157066,9,15,256,1311fa682056d7628c7022065cb238d596a66f116b27b34078291a14ab8c8b4b,"[-0.043353851600810275,-0.0023567019135508163,-0.002349286249569294,-0.0020428052260163232,-0.0021529923756646867,-0.0022859798471654967,-0.0021004393574919787,-0.0021160750363762642,-0.0017910427357852718]",0.003769622326495984,0.9921524850973527,0.06212528078842776,0.9667991743424305,0.90625,0,0.0,0.90625,0,0.98828125,0.0037994384765625,0.00041399999463465065
8,4096,66,25157067,9,18,256,97cc4862042b221009059f9e3f2d3ac50ce116b13732edad5551bf9215c4ecb4,"[-0.04213853143179581,-0.001362387853431519,-0.001344311303871599,-0.0016205635903665874,-0.0015585227172815756,-0.0013376294210635,-0.001704658746197148,-0.001511658294203338,-0.001694001852350957]",0.0037712987017990683,0.9925937016911797,0.06213909300904904,0.960522265210562,0.90625,0,0.0,0.90625,0,0.98828125,0.0037994384765625,0.0003668749995995313
8,4096,67,25157068,9,20,256,c6d587e69a942088c5ba4a75e28ab6578b49f4387c27f6e8bef373a993210823,"[-0.0416808971403552,-0.0011446603915125355,-0.0012284956677596202,-0.0011973558204420433,-0.0008972571097837788,-0.0009256459666896566,-0.0008761130327924777,-0.0009965329105409255,-0.0009006061886608032]",0.003777682742387513,0.9942739606630846,0.0621916651841485,0.956097564228537,0.90625,0,0.0,0.90625,0,0.98828125,0.0037994384765625,0.0003672500024549663
8,4096,68,25157069,9,17,256,ba4123cdeae583a053d57a55593b4f6bc3b6d2e34c2f97defd19facb9c1e6fe4,"[-0.04303652324831632,-0.0018069502761637716,-0.0016803647493469367,-0.0019258698377243443,-0.001899780190073523,-0.0016280803425537463,-0.001828198155718764,-0.0017764685387968552,-0.0015043309306883607]",0.0037693787297352187,0.9920883712125594,0.062123273457143004,0.9633365662693826,0.90625,0,0.0,0.90625,0,0.98828125,0.0037994384765625,0.00034074998984578997
8,4096,69,25157070,9,24,256,36c8d93d816a48d27a91ddef05a040c21de5ec011512f2dbcb2925a63f35f791,"[-0.041177058745846956,-0.0004931300513304511,0.00020531015027069178,2.211200430147172e-05,5.264138573370366e-05,0.0003035486759939101,0.00044739247318981867,-7.341048810645363e-05,-0.00012950281424894272]",0.003804560128294674,1.0013480022808023,0.06241251310231613,0.9470920974100432,0.96484375,62,-0.05859375,0.90625,0,0.98828125,0.0037994384765625,0.0003348749887663871
8,4096,70,25157071,9,10,256,517c57d83bf834d14183784b4c784e7115b4804a92ff2d35fde5d61212c9804b,"[-0.04460133925338366,-0.0035057095172024667,-0.003444788522847836,-0.003436435819927316,-0.003316051931109271,-0.003615029758013047,-0.003365305040180145,-0.0034015968995039694,-0.0033675287854682246]",0.003789134394466861,0.9972879986979125,0.06228585763478292,0.978303785527636,0.90625,0,0.0,0.90625,0,0.98828125,0.0037994384765625,0.00033145899942610413
8,4096,71,25157072,9,19,256,f913934108f029bb584520f1b10dcb88cbdb185ba15f33a553b1ee96f91678be,"[-0.04227263305370804,-0.0010854997274075912,-0.0012978271406206981,-0.0013298578989471746,-0.0015320647584410817,-0.001216515376730132,-0.0012005344627481086,-0.001166355968121785,-0.0015196397429726775]",0.003773069320976277,0.9930597229698847,0.06215367840354582,0.9588709281296973,0.90625,0,0.0,0.90625,0,0.98828125,0.0037994384765625,0.0003761670086532831
8,4096,72,25157073,9,11,256,4b7297ee7117a79ddd64c64df5029073650d47da72a5519348dafe35c77beee1,"[-0.044155766950057324,-0.003361074736850748,-0.00321776212660999,-0.003069455440777367,-0.0031596105207195154,-0.003165468463584677,-0.003333900352888475,-0.003137806218083883,-0.0033334303928063236]",0.0037832983679801655,0.9957519752769001,0.062237872798222474,0.9761842752023783,0.90625,0,0.0,0.90625,0,0.98828125,0.0037994384765625,0.00033312498999293894
8,4096,73,25157074,9,22,256,2e7df07e65fb0310ce62c2f00a4b4eb7f51be481a28a8e2d9aa108256d219683,"[-0.04160848500218498,-0.0002666358499178072,-0.0003786223423794407,-0.00039661791286631166,-0.0007687493395996677,-0.0006053750396268433,-0.0009472153365429739,-0.0007362052381769268,-0.0006505620981461705]",0.0037859258316179497,0.9964435152647146,0.062259480843573106,0.9526084681594411,0.90625,0,0.0,0.90625,0,0.98828125,0.0037994384765625,0.000338084006216377
8,4096,74,25157075,9,20,256,b0a71b00fa997610b9483e6339fa877a838e26ab4f624a78a9b67ac5a0742f06,"[-0.04167825907112696,-0.0011769888346220764,-0.0010360272241700353,-0.0008874401104497283,-0.000554463121513369,-0.0012450967655120036,-0.0008505515871951898,-0.0011308120800687074,-0.0008293742424928112]",0.0037787776467015305,0.9945621359607691,0.06220067718884362,0.9556390130371508,0.90625,0,0.0,0.90625,0,0.98828125,0.0037994384765625,0.00032662499870639294
8,4096,75,25157076,9,16,256,c34e0cade50f87ab7f90d4fa21ab6705a0d387d2a63ab39386efb163c23791fa,"[-0.04278721751035583,-0.0018761716004985266,-0.002084730702942394,-0.0020054886580488105,-0.0019561865394517506,-0.0016978766853113537,-0.0019272174045574235,-0.0017365643757149118,-0.001811482943747693]",0.003769112629576489,0.992018334505722,0.06212108061504939,0.9641329364206287,0.90625,0,0.0,0.90625,0,0.98828125,0.0037994384765625,0.0003401669964659959
8,4096,76,25157077,9,23,256,2ac3fa662880e6eaae167aa230c96e26cf470ddea09bb5765cf8b46d42ee35c3,"[-0.041657033465998694,-0.0002469682328921225,-0.00015171260980460677,-1.8189112082575824e-05,-0.0004965670346637726,-3.845478644922185e-05,-0.00014622578522907847,-0.0005223143556071574,-0.0001494294198729774]",0.0037948944778581806,0.9988040341402158,0.062333181832453996,0.9496768948026002,0.90625,0,0.0,0.90625,0,0.98828125,0.0037994384765625,0.0003320419928058982
8,4096,77,25157078,9,13,256,42f70c4530801bc26b5aaaeedae1b3a446a990a3b3c60b599c3f6d320b7d3884,"[-0.04361380159783155,-0.002599548984299817,-0.002423590187701249,-0.0026990883982561617,-0.0027059989501151223,-0.0026325241259347707,-0.0024438980931562517,-0.002754884788934038,-0.002732674270226538]",0.0037730524292631314,0.9930552771252553,0.06215353927500188,0.9708560093964556,0.90625,0,0.0,0.90625,0,0.98828125,0.0037994384765625,0.00032550000469200313
8,4096,78,25157079,9,19,256,6cc71337687dddd616a33fcd1e2c49022b3bccc47a490a1d2f111b28037dc28b,"[-0.04211184691718379,-0.0013712074857535302,-0.0013499164364830438,-0.0013385083186471646,-0.0013729381393266164,-0.0009399389038241232,-0.00098085476713857,-0.001116805861782243,-0.0012772246356872149]",0.003774200166828242,0.9933573579648821,0.06216299190374369,0.9581092414658263,0.90625,0,0.0,0.90625,0,0.98828125,0.0037994384765625,0.00032458300120197237
8,4096,79,25157080,9,15,256,86906747270608f787d4d521f6bb325a5f0c08a04fb97836b1f6050635151e26,"[-0.04306592508062377,-0.0023834954978113167,-0.0023416105385933605,-0.0022836965887904704,-0.0019738753979437803,-0.0024852012911825414,-0.002183202717126017,-0.002073341883207146,-0.0019990445435791406]",0.003769728791006254,0.992180506214401,0.06212615807669724,0.9670393935388575,0.90625,0,0.0,0.90625,0,0.98828125,0.0037994384765625,0.0003263749968027696
8,4096,80,25157081,9,25,256,fd3d2031cf6663ec543d42c3adc7b8cf547892bc1b468af2817317ce770824dd,"[-0.04140643476222481,-2.5356138611480653e-06,0.00039272364378760356,0.0007708123766751156,0.00045733341154334203,-4.043935127568346e-05,0.00013609916910220662,-0.00016697863293119205,-9.928436810621236e-05]",0.0038085499446910403,1.0023981091376386,0.062445230316525234,0.9462087041272907,0.953125,46,-0.046875,0.90625,0,0.98828125,0.0037994384765625,0.0003239999932702631
8,4096,81,25157082,9,16,256,0ff04cc4b0b271db55e0a00b5b433d8621b5c85c2128aa5ba42a6a79b3bfb252,"[-0.042701751258450216,-0.0019671576571739357,-0.001963463154005501,-0.00202180292668314,-0.00216948958781404,-0.001988069852944407,-0.0021035362443489474,-0.0019233140486083868,-0.0018358297914762213]",0.0037690825123947976,0.9920104077602628,0.06212083242458746,0.9649244145215048,0.90625,0,0.0,0.90625,0,0.98828125,0.0037994384765625,0.0003359159891260788
8,4096,82,25157083,9,16,256,c2a4025bb93f4a8b84c9ae54fbe0bbe753d2f2b4768ccce97c5296bbd26a83ae,"[-0.04309851981036609,-0.002040319239419202,-0.0019417991962922833,-0.0018236812205291953,-0.0019753961321954438,-0.002240816123513653,-0.0019183093981221917,-0.0021346716277338296,-0.0016720274843877606]",0.0037691586747457804,0.9920304534463432,0.062121460063373005,0.9650955402325596,0.90625,0,0.0,0.90625,0,0.98828125,0.0037994384765625,0.00033762500970624387
8,4096,83,25157084,9,19,256,a24bf5e1abdf90026a865fbf4f21f7cc62f990e23bc2f0f25b6f1fede4cf60cf,"[-0.04246898171017764,-0.0011554963539680484,-0.0014552302438369487,-0.0015223285182517999,-0.0012287174915287314,-0.0009382519588001133,-0.002192472605548117,-0.0012806122878611785,-0.0017644280436318624]",0.00377234026372858,0.9928678374446435,0.06214767324236072,0.9602565192136044,0.90625,0,0.0,0.90625,0,0.98828125,0.0037994384765625,0.00033562500902917236
8,4096,84,25157085,9,20,256,7cd879cd7b1cd21f70f3b589d8dd487948305ba245ea123ebfaab4c63c1cb7b0,"[-0.04213694084217119,-0.0010129468228928127,-0.0008175564528061178,-0.0009091198025385118,-0.0009063506938980181,-0.0012607070978527448,-0.0010632069608208785,-0.0010150857597805356,-0.0014214333165590443]",0.0037764059494729755,0.9939379128701242,0.06218115443014122,0.9567933477493198,0.90625,0,0.0,0.90625,0,0.98828125,0.0037994384765625,0.0003328749880893156
8,4096,85,25157086,9,6,256,81da0bb4fb2f104cad63dc85771fd9855aa32564bfea919d6107b96e2e6fed4a,"[-0.04553627705205557,-0.004391777260735092,-0.0043950369016824056,-0.0044320641634523015,-0.004452206481669039,-0.004413318343075962,-0.004408005951040789,-0.004513741914558745,-0.0043517934351053195]",0.0038242029608268153,1.0065179326937597,0.06257342266561357,0.9871442215033752,0.90625,0,0.0,0.90625,0,0.98828125,0.0037994384765625,0.00034316600067541003
8,4096,86,25157087,9,20,256,a79d483d219dc05d04789229c8389e8256839e35393ef2673c253fe4698cb987,"[-0.041890338231773946,-0.0009958510495997597,-0.0008055726283498881,-0.0015533588986339768,-0.0012335708325356583,-0.0005419335024200255,-0.0011489571702370878,-0.0006698155491261529,-0.0009567527505134995]",0.0037782724795243764,0.9944291775827692,0.06219651939051871,0.95604615061319,0.90625,0,0.0,0.90625,0,0.98828125,0.0037994384765625,0.00039441700209863484
8,4096,87,25157088,9,9,256,e1560a970417f1fd668ee312fa73abe417317c486bbeb6eebadbe817155d95e1,"[-0.04464449589423406,-0.0036955494583187634,-0.003595024069314442,-0.003738738498199649,-0.0036140930977469794,-0.003600108416874745,-0.0034592891703170247,-0.003726920196125706,-0.0035530235334601903]",0.0037940952384715658,0.9985936769014961,0.06232661751852229,0.9798772423345916,0.90625,0,0.0,0.90625,0,0.98828125,0.0037994384765625,0.0003982089983765036
8,4096,88,25157089,9,15,256,76968911d41bf178e40389fd93ace7ba0391bdf4de31e03951f545d2cf35070b,"[-0.04329895317889305,-0.0022200254074352392,-0.0020605552030088163,-0.0020742654331380984,-0.0026659257812532322,-0.0021573651940785176,-0.0021800866961602665,-0.0024322162050884034,-0.0024284767944629197]",0.003770184182990848,0.9923003639216395,0.062129910455397994,0.9677678698935186,0.90625,0,0.0,0.90625,0,0.98828125,0.0037994384765625,0.0003400830028112978
8,4096,89,25157090,9,13,256,5ae7475a6371b1aab09ab426d102a4419bdd7d52917cce5dd45fbff2468be127,"[-0.04356909357599067,-0.0024808961526827274,-0.0026973805026297057,-0.0026534806212170866,-0.002658755687476122,-0.002611822266737651,-0.0028349155555338385,-0.002646772708759694,-0.0026451639063695583]",0.0037732736838176433,0.9931135106131449,0.06215536161279126,0.971048280977397,0.90625,0,0.0,0.90625,0,0.98828125,0.0037994384765625,0.00032466599077451974
8,4096,90,25157091,9,14,256,9ef6fc44d1612edc2e43dd2799cca6ee9cc9ecb79271b9a983a1a62d1a1b237e,"[-0.043289647184628216,-0.002405948537086316,-0.002399335602597776,-0.002432970351531938,-0.002211534871377443,-0.0021877223203084026,-0.0024394710620961736,-0.0024509760394162195,-0.002103283291614083]",0.0037702870252860248,0.9923274316833129,0.06213075783296728,0.9681708892606565,0.90625,0,0.0,0.90625,0,0.98828125,0.0037994384765625,0.00032666701008565724
8,4096,91,25157092,9,10,256,d5a43ded21ef2299f2aaf4c890129052dd46429d5bc64ebf02dbdfd56e250f24,"[-0.044336425511349926,-0.0034013136190454893,-0.003412496164206307,-0.0034928460601797626,-0.0034327830190584527,-0.003585453698981068,-0.00337623003015362,-0.0033740090224016386,-0.00337891299887061]",0.003788320085740827,0.9970736752574733,0.06227916446460209,0.9780404701242469,0.90625,0,0.0,0.90625,0,0.98828125,0.0037994384765625,0.00032537500374019146
8,4096,92,25157093,9,16,256,26f89030f9487368de9c9d5f748f677ba6cf1abbbde0635b904cecf347b50efe,"[-0.04305022327731472,-0.0022709277946128645,-0.0020610987208006045,-0.0022030547539940368,-0.0021900106885472744,-0.001855665619920662,-0.00202473941207921,-0.0020650733752191576,-0.0020069249886754494]",0.0037691888268167125,0.9920383893745385,0.06212170853884006,0.965977718631164,0.90625,0,0.0,0.90625,0,0.98828125,0.0037994384765625,0.00032954099879134446
8,4096,93,25157094,9,16,256,311dd54f55da61eb8b0bc410a60bd9b2e29f98736f646a8bd65a0ef8e84dfd2e,"[-0.042904764314725535,-0.0018664963878278211,-0.0018315591641821435,-0.001922450383304129,-0.0017327960798074779,-0.0021790526856755353,-0.0019344493433120136,-0.002225965390639381,-0.001610755002579263]",0.003769239812332693,0.9920518085985356,0.06212212869511215,0.9644582887520533,0.90625,0,0.0,0.90625,0,0.98828125,0.0037994384765625,0.00031549998675473034
8,4096,94,25157095,9,21,256,065793919460c70250c6ed78f9dd3a69a29bc2bbdceb5893e8a90cef09ec25d9,"[-0.04186879105203783,-0.0009317510319720129,-0.0007861771610589858,-0.0005288709546555906,-8.795603457455166e-05,-0.0005881757532399757,-0.0008809571557402019,-0.0007153931085579728,-0.0008391424922310797]",0.003783828702616546,0.995891557649309,0.06224223483100461,0.9534772147440682,0.90625,0,0.0,0.90625,0,0.98828125,0.0037994384765625,0.00032300000020768493
8,4096,95,25157096,9,14,256,2d74f0cb0c5a6636cdbdc9d60d66e91f494b5226a0b073ab33d067d03d5f3b2c,"[-0.043539694079277894,-0.002568020056666979,-0.0022563070972495217,-0.0023299766814253607,-0.002072493888740346,-0.0026388928226185643,-0.002408395871904615,-0.0024712156011320262,-0.0023565781491641114]",0.0037709818984032564,0.9925103200552442,0.06213648299447927,0.9688915742481794,0.90625,0,0.0,0.90625,0,0.98828125,0.0037994384765625,0.00035804200160782784
8,4096,96,25157097,9,14,256,d1a05e2ce9b13a637f721c15013009ef8d6492b6a255dd4c195b1b3f88ce1baa,"[-0.04352608302157772,-0.0026320851911169505,-0.002224564136088523,-0.002292562486359134,-0.0028770976927609826,-0.0026479340291595465,-0.0025845930522376357,-0.0024755193552479632,-0.0023676653442719076]",0.003772061379071699,0.9927944358989673,0.062145375947888,0.9698781043088204,0.90625,0,0.0,0.90625,0,0.98828125,0.0037994384765625,0.0003411250072531402
8,4096,97,25157098,9,14,256,e97bc143f0285ccd5292c5834dba2e203005a87b5300f6ebc5ce5345acff1a89,"[-0.04319247960673643,-0.0023545497345519102,-0.0025013480192865776,-0.0024430509898588034,-0.002244483948635748,-0.0022134953965513952,-0.002035823259291971,-0.002496110255857653,-0.0024980796886891463]",0.0037704240015295994,0.9923634833905375,0.06213188644207127,0.9682294208994596,0.90625,0,0.0,0.90625,0,0.98828125,0.0037994384765625,0.00033737500780262053
8,4096,98,25157099,9,17,256,a69f84e5c455115d1da4e4c8b83c256e4f5bbcc3db8936c822e67796d7428b3f,"[-0.04318960933827009,-0.001704367086622329,-0.0019489553488001945,-0.0017422377560854143,-0.0016145645555025818,-0.0016710333993300945,-0.0019209558975311401,-0.001668000657807159,-0.0016567382378656025]",0.0037694404233000866,0.9921046087606203,0.06212378184205119,0.9633664622778146,0.90625,0,0.0,0.90625,0,0.98828125,0.0037994384765625,0.0003389590128790587
8,4096,99,25157100,9,13,256,4aefab00972970c1d1aa10b4d4bbccf92778f7a9d44b9fb405c78d4504756b95,"[-0.043826395341370374,-0.002584521478196935,-0.0027444568069524083,-0.002504937818808165,-0.0024415092156408,-0.0026123537150594092,-0.0026907218769855377,-0.0026519562599760364,-0.002563716923123668]",0.003773064157317737,0.993058363911547,0.06215363587312101,0.9708705694361133,0.90625,0,0.0,0.90625,0,0.98828125,0.0037994384765625,0.0003335840010549873
12,64,0,21525001,13,0,64,7dc0b2a5bf1f6b1ea94a809bac720e433e5a2697089b588ebdaf46970b87b05a,"[-0.00439453125,-0.0003662109374999998,-0.00036621093750000027,-0.0003662109375000007,-0.0003662109375000005,-0.0003662109374999996,-0.0003662109375000008,-0.00036621093749999913,-0.00036621093750000076,-0.00036621093750000005,-0.0003662109375000009,-0.0003662109375,-0.00036621093750000076]",0.000244140625,1.002447381302007,0.015636452479843636,1.0,0.9912109375,0,0.0,0.9912109375,0,0.999267578125,0.0002435445785522461,0.00010025000665336847
12,64,1,21525002,13,0,64,0c0ddec1f135dd74ee5e19e4ff12292603b1f17864d76683a3419967e4e6bb40,"[-0.004394531249999999,-0.0003662109375000006,-0.00036621093749999924,-0.0003662109374999993,-0.000366210937500001,-0.0003662109375000011,-0.00036621093749999995,-0.0003662109375000003,-0.000366210937499998,-0.00036621093750000114,-0.0003662109374999993,-0.00036621093750000087,-0.0003662109375000007]",0.000244140625,1.002447381302007,0.015636452479843636,1.0,0.9912109375,0,0.0,0.9912109375,0,0.999267578125,0.0002435445785522461,9.283400140702724e-05
12,64,2,21525003,13,0,64,dcf8fcac32240277e14bd1c20787aa4bbe4dc7204c6929acd6b760bc51ab5c2b,"[-0.004394531250000001,-0.0003662109375000007,-0.0003662109375000021,-0.0003662109375000024,-0.0003662109374999972,-0.0003662109374999987,-0.0003662109375000004,-0.0003662109374999985,-0.0003662109374999997,-0.0003662109374999994,-0.00036621093750000363,-0.0003662109375000012,-0.0003662109375000018]",0.000244140625,1.002447381302007,0.015636452479843636,1.0,0.9912109375,0,0.0,0.9912109375,0,0.999267578125,0.0002435445785522461,8.879200322553515e-05
12,64,3,21525004,13,0,63,3ced6241b808176a78edbb8481f32f27c19dbf03d6b7e0ee1e5b3a2f03fcdb6a,"[-0.0043945312499999965,-0.00036621093750000043,-0.0003662109374999987,-0.000366210937499999,-0.00036621093750000314,-0.0003662109374999982,-0.00036621093749999827,-0.00036621093750000206,-0.00036621093749999843,-0.0003662109374999998,-0.000366210937500001,-0.0003662109374999988,-0.0003662109375000007]",0.000244140625,1.002447381302007,0.015636452479843636,1.0,0.9912109375,0,0.0,0.9912109375,0,0.999267578125,0.0002435445785522461,8.395900658797473e-05
12,64,4,21525005,13,0,64,047b332034e8ae80271c734be6401a6739a82a64050a2b59adf109e80fd6bea9,"[-0.004394531250000002,-0.00036621093750000136,-0.00036621093749999913,-0.0003662109375000056,-0.0003662109375000008,-0.00036621093750000005,-0.0003662109375000009,-0.0003662109375000006,-0.00036621093749999675,-0.00036621093750000396,-0.0003662109375000002,-0.0003662109374999956,-0.00036621093750000276]",0.000244140625,1.002447381302007,0.015636452479843636,1.0,0.9912109375,0,0.0,0.9912109375,0,0.999267578125,0.0002435445785522461,8.262498886324465e-05
12,64,5,21525006,13,0,64,db9c7d95a61f3cc157f7a3b4b51b4b7636cc4555803fdd775e8459e24c3a7e6f,"[-0.004394531249999998,-0.00036621093750000027,-0.0003662109375000004,-0.0003662109375000009,-0.00036621093749999946,-0.0003662109374999997,-0.0003662109374999987,-0.00036621093749999913,-0.0003662109374999985,-0.0003662109374999996,-0.0003662109374999993,-0.00036621093750000005,-0.00036621093750000125]",0.000244140625,1.002447381302007,0.015636452479843636,1.0,0.9912109375,0,0.0,0.9912109375,0,0.999267578125,0.0002435445785522461,8.470899774692953e-05
12,64,6,21525007,13,0,64,8da67183007327efc6b248cdc0dacc3bd756e49d7cfdc530066ca6926d8e8a29,"[-0.004394531250000002,-0.0003662109375000025,-0.00036621093749999913,-0.000366210937499998,-0.00036621093749999827,-0.00036621093749999734,-0.0003662109375000026,-0.0003662109375000016,-0.00036621093750000005,-0.00036621093750000054,-0.00036621093749999913,-0.0003662109375000022,-0.00036621093749999816]",0.000244140625,1.002447381302007,0.015636452479843636,1.0,0.9912109375,0,0.0,0.9912109375,0,0.999267578125,0.0002435445785522461,9.079200390260667e-05
12,64,7,21525008,13,0,64,0f69c4d8436ab16a98a2764dd443163f2d8a8352e70e763cf6c64bbbdd6b00f0,"[-0.004394531249999998,-0.00036621093750000136,-0.0003662109375000003,-0.00036621093750000005,-0.0003662109375000004,-0.00036621093749999875,-0.00036621093749999973,-0.0003662109374999998,-0.0003662109374999986,-0.00036621093750000103,-0.00036621093749999913,-0.00036621093749999984,-0.0003662109374999999]",0.000244140625,1.002447381302007,0.015636452479843636,1.0,0.9912109375,0,0.0,0.9912109375,0,0.999267578125,0.0002435445785522461,8.366699330508709e-05
12,64,8,21525009,13,0,64,09701f3005f625e4c878b8a2f8b0edf5cd20ff7e987d5fd49c50f24bc77f6552,"[-0.004394531249999999,-0.0003662109374999977,-0.0003662109375000015,-0.0003662109375000026,-0.00036621093749999995,-0.0003662109374999985,-0.0003662109374999988,-0.0003662109374999985,-0.00036621093750000005,-0.0003662109375000006,-0.0003662109374999983,-0.00036621093749999935,-0.0003662109374999993]",0.000244140625,1.002447381302007,0.015636452479843636,1.0,0.9912109375,0,0.0,0.9912109375,0,0.999267578125,0.0002435445785522461,8.391700976062566e-05
12,64,9,21525010,13,0,64,ff29a86930f9193699cc17d09ff191ca624ff1ef7c5ab6253b2bf1dbe6cfb4ad,"[-0.004394531250000001,-0.00036621093750000005,-0.0003662109375000002,-0.0003662109374999992,-0.0003662109375000019,-0.0003662109374999983,-0.0003662109374999995,-0.0003662109375000001,-0.0003662109374999989,-0.00036621093750000206,-0.00036621093749999864,-0.0003662109375000007,-0.00036621093750000103]",0.000244140625,1.002447381302007,0.015636452479843636,1.0,0.9912109375,0,0.0,0.9912109375,0,0.999267578125,0.0002435445785522461,8.57090053614229e-05
12,64,10,21525011,13,0,63,58fa0251707019b3c173b208811307d0c37042a49a3e0c1311fb1b653f8237e0,"[-0.0043945312499999965,-0.00036621093749999913,-0.00036621093749999957,-0.00036621093750000423,-0.000366210937499999,-0.00036621093750000125,-0.0003662109375000028,-0.0003662109374999981,-0.00036621093750000065,-0.0003662109374999982,-0.00036621093749999707,-0.0003662109374999968,-0.0003662109375000007]",0.000244140625,1.002447381302007,0.015636452479843636,1.0,0.9912109375,0,0.0,0.9912109375,0,0.999267578125,0.0002435445785522461,8.462500409223139e-05
12,64,11,21525012,13,0,64,ea129f32740e8002b34c6c6165a2ed47ff58f1eb315be1f475452b2f14734062,"[-0.004394531249999998,-0.0003662109374999988,-0.00036621093749999995,-0.0003662109374999986,-0.0003662109374999992,-0.00036621093749999924,-0.000366210937499999,-0.00036621093749999827,-0.00036621093749999886,-0.00036621093749999973,-0.00036621093749999984,-0.00036621093750000087,-0.0003662109375000015]",0.000244140625,1.002447381302007,0.015636452479843636,1.0,0.9912109375,0,0.0,0.9912109375,0,0.999267578125,0.0002435445785522461,8.104200242087245e-05
12,64,12,21525013,13,0,62,6c5e728cd5f2dc5fe23d307de001943cd6c781ab6759e967f120256589ea0d33,"[-0.004394531249999999,-0.00036621093749999946,-0.0003662109374999997,-0.0003662109375000015,-0.0003662109374999999,-0.00036621093749999957,-0.00036621093749999946,-0.0003662109374999996,-0.00036621093749999805,-0.00036621093750000184,-0.0003662109375000019,-0.0003662109375000019,-0.0003662109375000003]",0.000244140625,1.002447381302007,0.015636452479843636,1.0,0.9912109375,0,0.0,0.9912109375,0,0.999267578125,0.0002435445785522461,8.250000246334821e-05
12,64,13,21525014,13,0,64,52beba0a02bf05cf47d0f0a9cdba5c9bb252e9a9a0e11d8b72ea6ea977c969cf,"[-0.004394531249999998,-0.000366210937499999,-0.00036621093749999995,-0.0003662109374999983,-0.000366210937499999,-0.0003662109374999999,-0.0003662109375000005,-0.00036621093750000266,-0.00036621093749999946,-0.0003662109374999988,-0.0003662109374999984,-0.0003662109375000018,-0.00036621093749999854]",0.000244140625,1.002447381302007,0.015636452479843636,1.0,0.9912109375,0,0.0,0.9912109375,0,0.999267578125,0.0002435445785522461,0.0005057499947724864
12,64,14,21525015,13,0,64,855e6268a02e3f43a9d8b10a1952c7c4a4c12b8000df7f98af76fe78f2a6a04d,"[-0.004394531249999999,-0.00036621093750000125,-0.00036621093750000146,-0.0003662109375000001,-0.00036621093749999973,-0.00036621093749999913,-0.00036621093750000233,-0.0003662109375000003,-0.0003662109374999997,-0.0003662109374999996,-0.00036621093749999973,-0.00036621093749999946,-0.0003662109375000004]",0.000244140625,1.002447381302007,0.015636452479843636,1.0,0.9912109375,0,0.0,0.9912109375,0,0.999267578125,0.0002435445785522461,8.895799692254514e-05
12,64,15,21525016,13,0,63,897f28488d9c3e182cf8ca147a0af9b68227f48c4391cb46955ac56d4d608e0c,"[-0.004394531249999999,-0.0003662109375000012,-0.00036621093749999875,-0.0003662109375000003,-0.00036621093749999864,-0.00036621093749999843,-0.00036621093750000087,-0.0003662109375000006,-0.00036621093750000054,-0.0003662109374999984,-0.00036621093749999957,-0.0003662109374999996,-0.0003662109375000008]",0.000244140625,1.002447381302007,0.015636452479843636,1.0,0.9912109375,0,0.0,0.9912109375,0,0.999267578125,0.0002435445785522461,8.541699207853526e-05
12,64,16,21525017,13,0,62,f674a2762b97573df8294e9d432e4972c9b1154651fdf64ab409f7c4f685a429,"[-0.004394531249999999,-0.00036621093749999843,-0.0003662109375000011,-0.00036621093750000027,-0.0003662109375,-0.0003662109374999988,-0.0003662109374999994,-0.0003662109375000019,-0.00036621093749999973,-0.0003662109375000008,-0.000366210937500001,-0.00036621093749999924,-0.0003662109375000017]",0.000244140625,1.002447381302007,0.015636452479843636,1.0,0.9912109375,0,0.0,0.9912109375,0,0.999267578125,0.0002435445785522461,8.504099969286472e-05
12,64,17,21525018,13,0,63,dc7dfbd730cf10459036cf761c5392a36024948cf9b55e62becab8260a090d5b,"[-0.004394531249999998,-0.00036621093750000087,-0.00036621093750000065,-0.00036621093750000076,-0.0003662109374999991,-0.0003662109375000021,-0.00036621093750000136,-0.0003662109374999986,-0.00036621093749999984,-0.0003662109374999997,-0.000366210937500001,-0.00036621093749999756,-0.00036621093749999897]",0.000244140625,1.002447381302007,0.015636452479843636,1.0,0.9912109375,0,0.0,0.9912109375,0,0.999267578125,0.0002435445785522461,7.950000872369856e-05
12,64,18,21525019,13,0,64,2ef0ceefdf118e0a6fd368da8e28762d9eae2574684e87f74b30e402503ec02a,"[-0.004394531250000001,-0.000366210937499999,-0.00036621093749999664,-0.00036621093749999973,-0.00036621093750000054,-0.00036621093750000157,-0.0003662109374999999,-0.00036621093749999946,-0.0003662109374999997,-0.00036621093750000114,-0.00036621093750000016,-0.000366210937500002,-0.00036621093750000065]",0.000244140625,1.002447381302007,0.015636452479843636,1.0,0.9912109375,0,0.0,0.9912109375,0,0.999267578125,0.0002435445785522461,8.441699901595712e-05
12,64,19,21525020,13,0,63,63bde998f828e7b03dd61b674e351392a58b897492d708f28127f450bf67ad3f,"[-0.004394531249999995,-0.00036621093750000114,-0.00036621093749999957,-0.00036621093750000076,-0.0003662109374999997,-0.0003662109375000013,-0.0003662109374999995,-0.00036621093750000076,-0.0003662109375000013,-0.00036621093750000005,-0.0003662109375,-0.00036621093749999995,-0.000366210937500001]",0.000244140625,1.002447381302007,0.015636452479843636,1.0,0.9912109375,0,0.0,0.9912109375,0,0.999267578125,0.0002435445785522461,8.137499389704317e-05
12,64,20,21525021,13,0,64,c8ef5c4f094dd32d727a5218ffe8dc92642bd970f410cff3db1cfc544c92490b,"[-0.004394531249999984,-0.0003662109374999905,-0.00036621093749998726,-0.0003662109375000025,-0.0003662109374999997,-0.00036621093749999854,-0.0003662109374999984,-0.00036621093750000363,-0.0003662109374999967,-0.00036621093750000754,-0.0003662109375000043,-0.0003662109375000063,-0.00036621093749998997]",0.000244140625,1.002447381302007,0.015636452479843636,1.0,0.9912109375,0,0.0,0.9912109375,0,0.999267578125,0.0002435445785522461,7.974999607540667e-05
12,64,21,21525022,13,0,64,d2902b43625afe2000832377773758705517eb9acfc194e4dfeed4067d694c9f,"[-0.004394531249999997,-0.00036621093749999946,-0.00036621093750000016,-0.00036621093750000146,-0.0003662109375000012,-0.00036621093750000016,-0.0003662109375000024,-0.0003662109375000012,-0.000366210937500001,-0.00036621093750000125,-0.0003662109375000009,-0.00036621093749999886,-0.0003662109374999999]",0.000244140625,1.002447381302007,0.015636452479843636,1.0,0.9912109375,0,0.0,0.9912109375,0,0.999267578125,0.0002435445785522461,8.295800944324583e-05
12,64,22,21525023,13,0,64,f33eb9d4315eb90e519917772e60044bb03165435de477f2d2562262b82442f4,"[-0.004394531249999999,-0.0003662109374999996,-0.00036621093750000206,-0.0003662109375000002,-0.00036621093750000065,-0.00036621093749999984,-0.00036621093749999995,-0.0003662109375000007,-0.0003662109375000007,-0.00036621093749999995,-0.0003662109375000001,-0.0003662109375000016,-0.0003662109374999997]",0.000244140625,1.002447381302007,0.015636452479843636,1.0,0.9912109375,0,0.0,0.9912109375,0,0.999267578125,0.0002435445785522461,8.116599929053336e-05
12,64,23,21525024,13,0,64,9f504bd515cb40b9641bb4453cc1446ec26d3f9a2e0eb31b3823dcb28fcfcc86,"[-0.00439453125,-0.0003662109375000015,-0.00036621093750000054,-0.0003662109375000003,-0.0003662109374999982,-0.00036621093750000054,-0.00036621093749999886,-0.0003662109375000011,-0.00036621093750000217,-0.00036621093750000173,-0.00036621093750000173,-0.0003662109374999993,-0.00036621093750000233]",0.000244140625,1.002447381302007,0.015636452479843636,1.0,0.9912109375,0,0.0,0.9912109375,0,0.999267578125,0.0002435445785522461,8.266700024250895e-05
12,64,24,21525025,13,0,64,6d742f54b49fc6d98be906644b67a444444b77f70f4008b0214ba83c2ae64e63,"[-0.004394531250000003,-0.0003662109375000007,-0.0003662109374999984,-0.00036621093750000065,-0.00036621093749999957,-0.0003662109374999999,-0.00036621093749999843,-0.0003662109374999977,-0.0003662109374999973,-0.0003662109375000002,-0.0003662109375000003,-0.0003662109374999983,-0.00036621093749999875]",0.000244140625,1.002447381302007,0.015636452479843636,1.0,0.9912109375,0,0.0,0.9912109375,0,0.999267578125,0.0002435445785522461,9.187500108964741e-05
12,64,25,21525026,13,0,64,72737465847c37483400d04226a19e63266e8cb7e0f2891fb95c765853bfd451,"[-0.0043945312499999965,-0.00036621093749999924,-0.00036621093750000065,-0.00036621093750000016,-0.00036621093750000103,-0.00036621093749999827,-0.00036621093749999924,-0.00036621093750000087,-0.0003662109374999996,-0.00036621093749999924,-0.0003662109374999988,-0.00036621093749999984,-0.0003662109375000007]",0.000244140625,1.002447381302007,0.015636452479843636,1.0,0.9912109375,0,0.0,0.9912109375,0,0.999267578125,0.0002435445785522461,8.158299897331744e-05
12,64,26,21525027,13,0,63,9e14e627e015e0307881118975543be6f51ed807f88020c3060e86661afada68,"[-0.004394531249999997,-0.0003662109375000012,-0.00036621093750000027,-0.0003662109374999984,-0.00036621093749999897,-0.00036621093749999854,-0.00036621093750000043,-0.0003662109375000014,-0.000366210937499999,-0.00036621093750000146,-0.0003662109375000014,-0.0003662109374999997,-0.0003662109374999989]",0.000244140625,1.002447381302007,0.015636452479843636,1.0,0.9912109375,0,0.0,0.9912109375,0,0.999267578125,0.0002435445785522461,8.204199548345059e-05
12,64,27,21525028,13,0,63,59332fe24ee2a8877f1373a27170f2f029f6b9064188373fa7c98e35b34546f4,"[-0.004394531250000001,-0.00036621093750001035,-0.00036621093749999816,-0.00036621093750000347,-0.00036621093750000065,-0.0003662109374999966,-0.0003662109375000004,-0.00036621093749999707,-0.0003662109375000019,-0.00036621093750000943,-0.0003662109374999963,-0.0003662109375000093,-0.00036621093750000575]",0.000244140625,1.002447381302007,0.015636452479843636,1.0,0.9912109375,0,0.0,0.9912109375,0,0.999267578125,0.0002435445785522461,8.187499770428985e-05
12,64,28,21525029,13,0,63,1398da93f5a6a13f30235b46c02bc203d5224875ab1ca1d102ff329eb4b87242,"[-0.00439453125,-0.00036621093749999875,-0.00036621093750000314,-0.00036621093750000374,-0.0003662109375000025,-0.000366210937499998,-0.000366210937499998,-0.00036621093749999745,-0.0003662109375000022,-0.0003662109375000004,-0.0003662109375000002,-0.00036621093749999843,-0.00036621093750000027]",0.000244140625,1.002447381302007,0.015636452479843636,1.0,0.9912109375,0,0.0,0.9912109375,0,0.999267578125,0.0002435445785522461,8.108299516607076e-05
12,64,29,21525030,13,1,64,3a7f70f757d9e2dc3959986439272a0b3fd6f75eede41397976d99109a10d1e2,"[0.018080744748946404,0.015135420732336643,0.009527605768536906,0.008165069801705999,0.006301935726317827,0.028630179397429352,0.020777434520020465,0.020365396492700492,0.02561144836667759,0.02526439122285433,0.023638651575645656,0.026600014710604553,0.019553236102795468]",0.005829104260726185,23.934444754949467,0.07640453113373356,0.7435594083334283,0.0,4095,0.9912109375,0.9912109375,1,0.999267578125,0.0002435445785522461,9.4292001449503e-05
12,64,30,21525031,13,0,63,8e36db5f773d1d9aa5d70ee3e2e44f4bcde5c92dd8e6130ea5813ab230a96baf,"[-0.004394531249999999,-0.00036621093749999995,-0.00036621093749999973,-0.0003662109374999997,-0.0003662109374999994,-0.00036621093750000054,-0.00036621093750000005,-0.0003662109375000003,-0.00036621093750000087,-0.0003662109374999981,-0.00036621093750000054,-0.00036621093749999875,-0.0003662109375]",0.000244140625,1.002447381302007,0.015636452479843636,1.0,0.9912109375,0,0.0,0.9912109375,0,0.999267578125,0.0002435445785522461,9.750000026542693e-05
12,64,31,21525032,13,0,63,983d3bcb729f12a5dea5a4701ef00e78e454b0afdd2e6f2fb0591fde07e9c956,"[-0.004394531249999998,-0.0003662109375000014,-0.0003662109375000003,-0.0003662109374999994,-0.00036621093750000114,-0.0003662109375000007,-0.0003662109374999984,-0.00036621093750000087,-0.0003662109374999994,-0.0003662109375000005,-0.00036621093749999995,-0.00036621093749999946,-0.00036621093749999913]",0.000244140625,1.002447381302007,0.015636452479843636,1.0,0.9912109375,0,0.0,0.9912109375,0,0.999267578125,0.0002435445785522461,8.229199738707393e-05
12,64,32,21525033,13,0,63,f3763aedec12d1e8c5b7e274268ce6acee5cee1c6a7209aebbbc94758f16d989,"[-0.004394531249999997,-0.00036621093750000076,-0.00036621093749999875,-0.000366210937499998,-0.0003662109374999993,-0.0003662109375000002,-0.00036621093749999924,-0.00036621093749999946,-0.0003662109375000008,-0.00036621093749999924,-0.00036621093749999913,-0.0003662109374999996,-0.000366210937500001]",0.000244140625,1.002447381302007,0.015636452479843636,1.0,0.9912109375,0,0.0,0.9912109375,0,0.999267578125,0.0002435445785522461,8.004200935829431e-05
12,64,33,21525034,13,0,63,94f6016f0c10de931258ad3350902cff982b0308e5d3f3cba7b879b69e4b3dad,"[-0.004394531249999997,-0.0003662109374999994,-0.00036621093749999496,-0.0003662109375000025,-0.0003662109374999994,-0.0003662109375000018,-0.00036621093749999854,-0.0003662109375000006,-0.00036621093749999507,-0.00036621093749999897,-0.00036621093749999843,-0.00036621093749999447,-0.0003662109374999963]",0.000244140625,1.002447381302007,0.015636452479843636,1.0,0.9912109375,0,0.0,0.9912109375,0,0.999267578125,0.0002435445785522461,8.125000749714673e-05
12,64,34,21525035,13,0,64,e03408de8716d9acf9ea10bc08e7646bc362449894b5e8426dc4e83171141e5c,"[-0.004394531250000001,-0.00036621093750000125,-0.00036621093749999924,-0.0003662109375000009,-0.00036621093749999973,-0.0003662109374999986,-0.00036621093750000016,-0.0003662109374999987,-0.0003662109374999996,-0.00036621093750000136,-0.00036621093749999913,-0.0003662109374999986,-0.00036621093749999637]",0.000244140625,1.002447381302007,0.015636452479843636,1.0,0.9912109375,0,0.0,0.9912109375,0,0.999267578125,0.0002435445785522461,8.262498886324465e-05
12,64,35,21525036,13,0,64,dce4ab4b6b9583e85d1207aab9473fd1aa76b731ffb825fac153001a5d616d0a,"[-0.004394531250000002,-0.0003662109375000019,-0.0003662109375000014,-0.0003662109375000002,-0.00036621093750000087,-0.00036621093750000146,-0.00036621093750000027,-0.0003662109375000014,-0.00036621093750000103,-0.00036621093750000206,-0.0003662109374999991,-0.000366210937499999,-0.000366210937500001]",0.000244140625,1.002447381302007,0.015636452479843636,1.0,0.9912109375,0,0.0,0.9912109375,0,0.999267578125,0.0002435445785522461,8.21249996079132e-05
12,64,36,21525037,13,0,64,19c7952b388cb1d4570431084ba33ac92a00e170e2d31df9764dc46a1a1053d2,"[-0.004394531250000003,-0.00036621093749999805,-0.00036621093750000087,-0.0003662109375000012,-0.00036621093749999957,-0.0003662109375000006,-0.00036621093749999767,-0.00036621093749999897,-0.00036621093749999995,-0.0003662109374999991,-0.00036621093750000266,-0.0003662109374999999,-0.00036621093750000065]",0.000244140625,1.002447381302007,0.015636452479843636,1.0,0.9912109375,0,0.0,0.9912109375,0,0.999267578125,0.0002435445785522461,8.149999484885484e-05
12,64,37,21525038,13,0,64,7e9727b4e9e6aea0a57581bdf0274114096e4b72a32e0344bfe6d0da617f3305,"[-0.004394531249999999,-0.0003662109374999998,-0.0003662109374999992,-0.0003662109375000014,-0.00036621093749999897,-0.00036621093750000103,-0.00036621093750000087,-0.00036621093750000016,-0.00036621093749999864,-0.0003662109374999977,-0.0003662109374999987,-0.00036621093750000087,-0.0003662109375000021]",0.000244140625,1.002447381302007,0.015636452479843636,1.0,0.9912109375,0,0.0,0.9912109375,0,0.999267578125,0.0002435445785522461,8.187501225620508e-05
12,64,38,21525039,13,0,64,155234599417180f93a48d0fda851f2d793266c3b76054108a6f7ac1698b9d2b,"[-0.0043945312499999965,-0.00036621093749999957,-0.00036621093749999924,-0.0003662109375000003,-0.0003662109375000001,-0.00036621093749999935,-0.00036621093749999924,-0.0003662109374999992,-0.0003662109374999994,-0.00036621093749999946,-0.0003662109374999993,-0.00036621093749999886,-0.00036621093750000087]",0.000244140625,1.002447381302007,0.015636452479843636,1.0,0.9912109375,0,0.0,0.9912109375,0,0.999267578125,0.0002435445785522461,8.187501225620508e-05
12,64,39,21525040,13,0,64,af9a7612ddce4aa2e72f3e5b1d746a9dcfb06860404b62da784c4a9cebf5133e,"[-0.004394531249999995,-0.0003662109374999972,-0.0003662109374999942,-0.00036621093749999973,-0.0003662109375000033,-0.0003662109374999999,-0.0003662109374999981,-0.00036621093750000206,-0.00036621093750000087,-0.0003662109375000001,-0.000366210937500009,-0.0003662109375000039,-0.00036621093750000054]",0.000244140625,1.002447381302007,0.015636452479843636,1.0,0.9912109375,0,0.0,0.9912109375,0,0.999267578125,0.0002435445785522461,8.245799108408391e-05
12,64,40,21525041,13,0,64,b42eb4c4f701d3e58b6abad6ff1026a6f6bf9dbdced9abae746c3f51045293da,"[-0.004394531249999996,-0.00036621093750000087,-0.0003662109375000005,-0.00036621093750000054,-0.00036621093749999946,-0.0003662109375,-0.0003662109374999978,-0.0003662109375000002,-0.0003662109374999994,-0.00036621093749999794,-0.000366210937499999,-0.00036621093750000027,-0.0003662109375000001]",0.000244140625,1.002447381302007,0.015636452479843636,1.0,0.9912109375,0,0.0,0.9912109375,0,0.999267578125,0.0002435445785522461,8.149999484885484e-05
12,64,41,21525042,13,0,62,8af6614954c6bb0023142a559410b37499ac1fa821e28d435ce15c5ac9ee3d99,"[-0.004394531249999997,-0.00036621093749999924,-0.0003662109374999986,-0.0003662109375000003,-0.0003662109374999987,-0.0003662109374999999,-0.0003662109375000022,-0.0003662109375000006,-0.00036621093749999924,-0.0003662109374999997,-0.00036621093749999924,-0.00036621093749999864,-0.00036621093749999913]",0.000244140625,1.002447381302007,0.015636452479843636,1.0,0.9912109375,0,0.0,0.9912109375,0,0.999267578125,0.0002435445785522461,8.262500341515988e-05
12,64,42,21525043,13,0,64,2714c16bb5fceee6ee5f3575f5d266c7d36b0651b7f39589752884ebb349768c,"[-0.0043945312499999965,-0.0003662109375000021,-0.00036621093750000087,-0.00036621093750000027,-0.00036621093750000125,-0.0003662109375000011,-0.0003662109374999995,-0.00036621093749999913,-0.0003662109374999983,-0.0003662109374999997,-0.0003662109375000008,-0.0003662109374999989,-0.0003662109374999969]",0.000244140625,1.002447381302007,0.015636452479843636,1.0,0.9912109375,0,0.0,0.9912109375,0,0.999267578125,0.0002435445785522461,7.945801189634949e-05
12,64,43,21525044,13,0,64,7553b678109fec35dee96c9a38a6759bac7c87c66ff374019342b44e7a3c2aa2,"[-0.004394531250000002,-0.0003662109375000045,-0.0003662109374999958,-0.00036621093750000255,-0.00036621093750000314,-0.00036621093750000385,-0.00036621093750000065,-0.0003662109375000009,-0.00036621093750000005,-0.0003662109375000038,-0.00036621093750000065,-0.00036621093750000136,-0.00036621093749999507]",0.000244140625,1.002447381302007,0.015636452479843636,1.0,0.9912109375,0,0.0,0.9912109375,0,0.999267578125,0.0002435445785522461,8.062498818617314e-05
12,64,44,21525045,13,0,63,fa57da34b1fa0037cd0f43b2ef17f3131b8ee1e1e3b4aceb8ce61b08e4cb9945,"[-0.004394531249999998,-0.00036621093750000065,-0.00036621093749999555,-0.0003662109375000023,-0.00036621093750000477,-0.00036621093750000304,-0.0003662109375000079,-0.000366210937500001,-0.00036621093750000347,-0.0003662109375000061,-0.0003662109374999925,-0.00036621093749999604,-0.0003662109375000012]",0.000244140625,1.002447381302007,0.015636452479843636,1.0,0.9912109375,0,0.0,0.9912109375,0,0.999267578125,0.0002435445785522461,8.608300413470715e-05
12,64,45,21525046,13,0,63,6d42e490951e9fb8e28e6c42e15bf3509e7e84922159adb9cb79e88bf04b562d,"[-0.004394531250000001,-0.0003662109374999989,-0.0003662109374999994,-0.0003662109375000004,-0.0003662109374999994,-0.0003662109374999997,-0.00036621093749999946,-0.00036621093749999794,-0.00036621093749999924,-0.0003662109375000002,-0.0003662109375000012,-0.0003662109375000003,-0.00036621093749999984]",0.000244140625,1.002447381302007,0.015636452479843636,1.0,0.9912109375,0,0.0,0.9912109375,0,0.999267578125,0.0002435445785522461,8.30000062705949e-05
12,64,46,21525047,13,0,64,d53a3dafc00439ba0edf06f31250a61cd0657ff71c4e5e59f2c95ddb5c663d16,"[-0.004394531249999997,-0.0003662109374999997,-0.00036621093749999864,-0.0003662109375,-0.0003662109375000014,-0.00036621093749999995,-0.0003662109375000021,-0.00036621093750000157,-0.0003662109375000006,-0.0003662109374999982,-0.0003662109374999996,-0.0003662109374999996,-0.00036621093749999924]",0.000244140625,1.002447381302007,0.015636452479843636,1.0,0.9912109375,0,0.0,0.9912109375,0,0.999267578125,0.0002435445785522461,8.112500654533505e-05
12,64,47,21525048,13,0,61,932c94f934a78d24d16d6734e41aeb7a16636cf24c6e4591095d88004b536b13,"[-0.004394531249999999,-0.0003662109375000004,-0.0003662109375000007,-0.0003662109375000004,-0.0003662109375,-0.0003662109374999979,-0.00036621093750000027,-0.00036621093749999973,-0.00036621093750000043,-0.00036621093749999924,-0.00036621093750000065,-0.0003662109375000015,-0.00036621093749999946]",0.000244140625,1.002447381302007,0.015636452479843636,1.0,0.9912109375,0,0.0,0.9912109375,0,0.999267578125,0.0002435445785522461,8.2333994214423e-05
12,64,48,21525049,13,0,64,df8b8257d1ace0fa9ece9884bd0847658a107c6c239da4e93b5679b86fab03cb,"[-0.004394531250000001,-0.0003662109374999987,-0.0003662109375000002,-0.0003662109374999999,-0.0003662109374999991,-0.00036621093749999886,-0.0003662109374999996,-0.0003662109375,-0.0003662109374999999,-0.000366210937500001,-0.00036621093750000293,-0.0003662109375000006,-0.0003662109375000013]",0.000244140625,1.002447381302007,0.015636452479843636,1.0,0.9912109375,0,0.0,0.9912109375,0,0.999267578125,0.0002435445785522461,8.07089963927865e-05
12,64,49,21525050,13,0,64,642537c50a84383b266501a04f1dc27ef42835e73a4c5f0ee73c99a323cba37f,"[-0.004394531249999998,-0.0003662109374999994,-0.0003662109374999995,-0.00036621093750000087,-0.00036621093750000136,-0.00036621093749999924,-0.0003662109374999995,-0.00036621093750000065,-0.00036621093749999973,-0.0003662109375000005,-0.0003662109375000006,-0.00036621093750000065,-0.0003662109375000005]",0.000244140625,1.002447381302007,0.015636452479843636,1.0,0.9912109375,0,0.0,0.9912109375,0,0.999267578125,0.0002435445785522461,8.162501035258174e-05
12,64,50,21525051,13,1,64,d0b62380b7a67e330069b3743c445b51fb6a5cf87c9a53fc581d245e2334b1bc,"[0.021572780486032186,0.0057952049645487785,0.0031348705579788195,0.013016600747832976,0.01517651180710136,0.023037996026240903,0.01229945012110605,0.021798535655777277,0.021159350532004607,0.019698689727903184,0.02449411054648241,0.009853490455902458,0.007372804949050801]",0.004135938937631779,16.982266500112306,0.06435840352675476,0.7928005409220382,0.0,4095,0.9912109375,0.9912109375,1,0.999267578125,0.0002435445785522461,8.191700908355415e-05
12,64,51,21525052,13,0,64,ca10dc49e0e141fccfdd4b398358c58f12d3f5037ac4d248b60ea28f7059b489,"[-0.004394531249999999,-0.00036621093750000233,-0.0003662109375000006,-0.0003662109374999974,-0.00036621093749999984,-0.00036621093749999913,-0.0003662109374999985,-0.00036621093749999995,-0.0003662109375000009,-0.00036621093749999935,-0.0003662109374999996,-0.0003662109375000002,-0.00036621093750000027]",0.000244140625,1.002447381302007,0.015636452479843636,1.0,0.9912109375,0,0.0,0.9912109375,0,0.999267578125,0.0002435445785522461,8.21249996079132e-05
12,64,52,21525053,13,0,63,9ebd98756126a4919a4f0cbe2a3628b4b6f3089758ee60be60c97790b478a632,"[-0.004394531250000001,-0.0003662109374999996,-0.0003662109374999991,-0.00036621093750000005,-0.0003662109375000004,-0.00036621093750000043,-0.00036621093749999935,-0.0003662109375000006,-0.00036621093750000087,-0.0003662109374999994,-0.0003662109375000001,-0.00036621093750000065,-0.00036621093749999984]",0.000244140625,1.002447381302007,0.015636452479843636,1.0,0.9912109375,0,0.0,0.9912109375,0,0.999267578125,0.0002435445785522461,8.141700527630746e-05
12,64,53,21525054,13,0,64,4cc4ef1e87fd18fef027942ce431c9ff37592e31badf38f5afe20ad5ba9e5461,"[-0.0043945312499999965,-0.00036621093749999957,-0.000366210937500002,-0.0003662109375000005,-0.0003662109375000016,-0.00036621093750000114,-0.0003662109374999999,-0.00036621093749999864,-0.0003662109374999995,-0.00036621093750000027,-0.00036621093750000233,-0.0003662109375000003,-0.00036621093749999816]",0.000244140625,1.002447381302007,0.015636452479843636,1.0,0.9912109375,0,0.0,0.9912109375,0,0.999267578125,0.0002435445785522461,8.80839943420142e-05
12,64,54,21525055,13,0,64,cebf691cd071e568d028f92f65ea0d924d28bf079580a737cbaf9d4a495964bd,"[-0.004394531249999999,-0.0003662109374999976,-0.0003662109375000003,-0.0003662109374999972,-0.0003662109374999987,-0.00036621093750000217,-0.00036621093750000314,-0.0003662109374999979,-0.00036621093750000266,-0.0003662109374999979,-0.0003662109375000002,-0.0003662109374999994,-0.0003662109374999955]",0.000244140625,1.002447381302007,0.015636452479843636,1.0,0.9912109375,0,0.0,0.9912109375,0,0.999267578125,0.0002435445785522461,9.058401337824762e-05
12,64,55,21525056,13,0,63,1912ad9b8dcf5d408369e1f812cf5b9f3cfebbd5108bd334ac5e85ce3b9f4582,"[-0.004394531249999997,-0.00036621093750000195,-0.00036621093749999957,-0.00036621093750000146,-0.00036621093749999886,-0.00036621093750000206,-0.0003662109375000024,-0.00036621093749999935,-0.00036621093749999973,-0.0003662109375000005,-0.00036621093750000087,-0.0003662109375000013,-0.0003662109375000002]",0.000244140625,1.002447381302007,0.015636452479843636,1.0,0.9912109375,0,0.0,0.9912109375,0,0.999267578125,0.0002435445785522461,8.345900278072804e-05
12,64,56,21525057,13,0,64,7cc2a8bbd077140b58a411574e068dee7e4e10974edc5ee50c265783d35e61fb,"[-0.004394531249999996,-0.0003662109375000017,-0.0003662109375000006,-0.0003662109375,-0.00036621093749999724,-0.00036621093750000043,-0.0003662109374999994,-0.00036621093750000157,-0.0003662109375,-0.00036621093749999946,-0.0003662109374999979,-0.00036621093750000114,-0.0003662109375000014]",0.000244140625,1.002447381302007,0.015636452479843636,1.0,0.9912109375,0,0.0,0.9912109375,0,0.999267578125,0.0002435445785522461,8.254100976046175e-05
12,64,57,21525058,13,0,64,40f70640f7090333eed1742fe8351b3d91acf03ec5d8df934d9ec41587dec912,"[-0.0043945312499999965,-0.00036621093749999995,-0.00036621093749999935,-0.0003662109374999995,-0.0003662109375000005,-0.00036621093749999995,-0.00036621093750000027,-0.0003662109375000003,-0.0003662109375,-0.0003662109374999994,-0.00036621093750000043,-0.0003662109375000007,-0.0003662109375000007]",0.000244140625,1.002447381302007,0.015636452479843636,1.0,0.9912109375,0,0.0,0.9912109375,0,0.999267578125,0.0002435445785522461,7.95419909991324e-05
12,64,58,21525059,13,0,62,08193a63a46b3b1ce1cd9c1a29f38cbfee032bea4dfd4d67d4eb9968f5008344,"[-0.00439453125,-0.0003662109374999977,-0.00036621093750000136,-0.0003662109375,-0.00036621093750000087,-0.00036621093750000027,-0.0003662109374999997,-0.0003662109375,-0.00036621093750000125,-0.00036621093750000195,-0.0003662109374999991,-0.0003662109374999989,-0.00036621093750000314]",0.000244140625,1.002447381302007,0.015636452479843636,1.0,0.9912109375,0,0.0,0.9912109375,0,0.999267578125,0.0002435445785522461,8.308399992529303e-05
12,64,59,21525060,13,1,64,f0fea0f546536bc7ea5ca48b0492288477f6ec3cdb4b14787b6d0d214b6a411e,"[0.00962403061652951,0.01099932997157227,0.03112332421145583,0.013228534148037725,0.025351753466854674,0.021195663176016316,0.01143575193619641,0.013265830867060211,0.015054431909677559,0.002437879644265008,0.022373129616005828,0.010016708951436791,0.01135161091244605]",0.004104833709128982,16.854547670616274,0.0641159360970646,0.7937529580724458,0.0,4095,0.9912109375,0.9912109375,1,0.999267578125,0.0002435445785522461,8.512500789947808e-05
12,64,60,21525061,13,0,64,c17d43b8d997cce967b86eaa83b10261ba1cde4bd1045d5ff57054bd82e52517,"[-0.004394531250000001,-0.0003662109375000007,-0.0003662109374999999,-0.00036621093749999973,-0.0003662109375000007,-0.0003662109375000009,-0.00036621093749999897,-0.00036621093749999897,-0.000366210937500001,-0.00036621093750000065,-0.00036621093749999984,-0.00036621093750000016,-0.0003662109374999999]",0.000244140625,1.002447381302007,0.015636452479843636,1.0,0.9912109375,0,0.0,0.9912109375,0,0.999267578125,0.0002435445785522461,7.995800115168095e-05
12,64,61,21525062,13,0,64,d6cb820a4b65ff83205c96c93dadb4c259f0363b3c56530b9190acb1dd7c5176,"[-0.004394531250000001,-0.0003662109375000021,-0.0003662109374999989,-0.00036621093749999946,-0.0003662109375,-0.00036621093749999973,-0.000366210937500001,-0.00036621093750000005,-0.00036621093750000217,-0.00036621093750000054,-0.0003662109374999995,-0.00036621093750000043,-0.00036621093749999897]",0.000244140625,1.002447381302007,0.015636452479843636,1.0,0.9912109375,0,0.0,0.9912109375,0,0.999267578125,0.0002435445785522461,8.337500912602991e-05
12,64,62,21525063,13,0,64,524ccc8e44627e13306f523039923ec3fa6c4b36203cd7ebf1cc9ad59dc0f760,"[-0.004394531250000004,-0.00036621093749999984,-0.0003662109375000031,-0.0003662109374999988,-0.0003662109374999918,-0.0003662109374999964,-0.00036621093749999187,-0.00036621093750000705,-0.0003662109374999994,-0.0003662109375000103,-0.00036621093750000065,-0.0003662109375000051,-0.0003662109375000023]",0.000244140625,1.002447381302007,0.015636452479843636,1.0,0.9912109375,0,0.0,0.9912109375,0,0.999267578125,0.0002435445785522461,8.820899529382586e-05
12,64,63,21525064,13,0,64,06fb64ca84ee7315e29a058e0644012b39290a0abcb73e4c89d3c9dc474dbf71,"[-0.00439453125,-0.00036621093750000157,-0.00036621093750000076,-0.00036621093750000125,-0.00036621093750000293,-0.0003662109375000025,-0.00036621093750000076,-0.00036621093749999946,-0.0003662109374999986,-0.0003662109375000005,-0.0003662109374999998,-0.000366210937500002,-0.0003662109375000008]",0.000244140625,1.002447381302007,0.015636452479843636,1.0,0.9912109375,0,0.0,0.9912109375,0,0.999267578125,0.0002435445785522461,8.370899013243616e-05
12,64,64,21525065,13,0,64,5914d115e4fe21bc192f2df174241f33fc56f750fa5600bfca63866b5e9ec7b2,"[-0.0043945312499999965,-0.0003662109374999824,-0.00036621093749999816,-0.00036621093749998986,-0.0003662109375000146,-0.0003662109374999981,-0.0003662109375000088,-0.0003662109375000035,-0.0003662109375000065,-0.0003662109375000147,-0.0003662109375000005,-0.00036621093749999024,-0.00036621093750000455]",0.000244140625,1.002447381302007,0.015636452479843636,1.0,0.9912109375,0,0.0,0.9912109375,0,0.999267578125,0.0002435445785522461,8.024999988265336e-05
12,64,65,21525066,13,0,64,558e7ea1b50090f6c47c40ecdab03d34ac2c124d17ee9fa3e3ee57273867b873,"[-0.004394531249999998,-0.00036621093750000195,-0.00036621093750000087,-0.0003662109375000043,-0.0003662109375000041,-0.0003662109375000034,-0.0003662109375000066,-0.0003662109374999995,-0.00036621093749999897,-0.00036621093750000385,-0.0003662109375000044,-0.0003662109374999957,-0.0003662109374999954]",0.000244140625,1.002447381302007,0.015636452479843636,1.0,0.9912109375,0,0.0,0.9912109375,0,0.999267578125,0.0002435445785522461,9.375000081490725e-05
12,64,66,21525067,13,0,64,7048a61f176f6d224dbe14fc0c48638af39e44ea491bc1c4e6412bbdaf743708,"[-0.00439453125,-0.0003662109374999972,-0.0003662109375000019,-0.0003662109375000013,-0.0003662109375000015,-0.00036621093750000043,-0.00036621093750000005,-0.0003662109374999995,-0.0003662109374999998,-0.0003662109374999975,-0.0003662109375000002,-0.0003662109374999991,-0.00036621093750000027]",0.000244140625,1.002447381302007,0.015636452479843636,1.0,0.9912109375,0,0.0,0.9912109375,0,0.999267578125,0.0002435445785522461,8.312499267049134e-05
12,64,67,21525068,13,0,64,9d595c01272ee37e956bfa3fd3066d8b1e22276c52c537d863cf37c8aec29c7b,"[-0.00439453125,-0.00036621093749999946,-0.0003662109374999996,-0.0003662109375000006,-0.0003662109375000009,-0.00036621093750000114,-0.0003662109375000005,-0.0003662109374999995,-0.00036621093750000173,-0.00036621093750000076,-0.00036621093750000173,-0.00036621093750000125,-0.0003662109374999988]",0.000244140625,1.002447381302007,0.015636452479843636,1.0,0.9912109375,0,0.0,0.9912109375,0,0.999267578125,0.0002435445785522461,8.862500544637442e-05
12,64,68,21525069,13,0,64,07db59af597f44e84087ab1ef7b20abb891ead3d6185d9dc0b6e332d444121d9,"[-0.004394531250000004,-0.000366210937499996,-0.00036621093749999664,-0.00036621093749999734,-0.0003662109374999974,-0.00036621093749999637,-0.00036621093750000634,-0.0003662109375000024,-0.0003662109374999971,-0.00036621093749999973,-0.0003662109375000024,-0.000366210937500005,-0.0003662109375000004]",0.000244140625,1.002447381302007,0.015636452479843636,1.0,0.9912109375,0,0.0,0.9912109375,0,0.999267578125,0.0002435445785522461,8.833300671540201e-05
12,64,69,21525070,13,0,63,223c14a61819189908f1ea88e2b8598e1277f01a22b4d551bf71f5d454484596,"[-0.004394531249999999,-0.0003662109375000014,-0.0003662109375000003,-0.00036621093750000065,-0.0003662109374999986,-0.0003662109374999995,-0.0003662109375000002,-0.0003662109374999988,-0.00036621093750000146,-0.00036621093750000087,-0.00036621093749999995,-0.00036621093749999957,-0.00036621093750000054]",0.000244140625,1.002447381302007,0.015636452479843636,1.0,0.9912109375,0,0.0,0.9912109375,0,0.999267578125,0.0002435445785522461,8.350001007784158e-05
12,64,70,21525071,13,0,64,40e2a86dd457512712fb5ed00b169ea9003bf02a684cb2b0fa80cc06d84b5f07,"[-0.004394531250000001,-0.00036621093749999935,-0.00036621093750000114,-0.0003662109374999999,-0.00036621093749999924,-0.00036621093750000103,-0.0003662109375000006,-0.00036621093749999946,-0.00036621093749999913,-0.00036621093750000065,-0.0003662109374999999,-0.0003662109374999999,-0.0003662109374999998]",0.000244140625,1.002447381302007,0.015636452479843636,1.0,0.9912109375,0,0.0,0.9912109375,0,0.999267578125,0.0002435445785522461,0.00010466598905622959
12,64,71,21525072,13,0,64,affbe229fb2c0bf847d24010c203023b2c79383bcadac7a2ba5fbe83ff5270d3,"[-0.004394531250000002,-0.0003662109374999987,-0.00036621093750000184,-0.00036621093749999507,-0.00036621093749999783,-0.00036621093750000016,-0.0003662109375000022,-0.00036621093750000054,-0.0003662109374999908,-0.0003662109375000042,-0.00036621093749998975,-0.0003662109374999992,-0.0003662109375000023]",0.000244140625,1.002447381302007,0.015636452479843636,1.0,0.9912109375,0,0.0,0.9912109375,0,0.999267578125,0.0002435445785522461,8.7417007307522e-05
12,64,72,21525073,13,0,64,59f877e1f784fe5da8722c000782ff3afbd3be94046c3cc7e8fda8b17fc34599,"[-0.004394531249999999,-0.00036621093750000255,-0.0003662109374999952,-0.0003662109374999983,-0.00036621093750000027,-0.00036621093749999805,-0.0003662109375000008,-0.00036621093749999957,-0.0003662109374999983,-0.000366210937500004,-0.0003662109374999942,-0.00036621093750000575,-0.00036621093749999995]",0.000244140625,1.002447381302007,0.015636452479843636,1.0,0.9912109375,0,0.0,0.9912109375,0,0.999267578125,0.0002435445785522461,8.295800944324583e-05
12,64,73,21525074,13,0,63,6a915305ae1d3aaa6e2bd56c3cd1484395fb6ba217fbb7d38fb16a0737c99090,"[-0.004394531249999994,-0.00036621093749999707,-0.000366210937500002,-0.0003662109374999987,-0.00036621093749999864,-0.00036621093749999984,-0.0003662109375000045,-0.0003662109375000001,-0.000366210937500005,-0.00036621093750000304,-0.0003662109374999985,-0.0003662109374999978,-0.0003662109374999967]",0.000244140625,1.002447381302007,0.015636452479843636,1.0,0.9912109375,0,0.0,0.9912109375,0,0.999267578125,0.0002435445785522461,8.087499008979648e-05
12,64,74,21525075,13,0,64,0d09054a9a8a3f73c33859f72c203b5f9cda98dc036bd22b235ac814c6eb7a19,"[-0.004394531249999998,-0.0003662109374999993,-0.00036621093750000065,-0.0003662109374999953,-0.00036621093749999957,-0.0003662109374999996,-0.0003662109374999954,-0.0003662109374999997,-0.0003662109374999947,-0.00036621093749999946,-0.0003662109374999964,-0.00036621093749999577,-0.00036621093750000005]",0.000244140625,1.002447381302007,0.015636452479843636,1.0,0.9912109375,0,0.0,0.9912109375,0,0.999267578125,0.0002435445785522461,8.004199480637908e-05
12,64,75,21525076,13,0,63,ba526197270d1092db2a8352694d865c1009575b1f616240b0b80073b2fda541,"[-0.004394531249999999,-0.0003662109374999995,-0.0003662109374999977,-0.00036621093750000005,-0.0003662109374999989,-0.00036621093750000195,-0.0003662109374999995,-0.00036621093750000043,-0.0003662109375000004,-0.0003662109374999989,-0.0003662109375000001,-0.00036621093750000016,-0.00036621093749999805]",0.000244140625,1.002447381302007,0.015636452479843636,1.0,0.9912109375,0,0.0,0.9912109375,0,0.999267578125,0.0002435445785522461,8.020800305530429e-05
12,64,76,21525077,13,0,64,9e792508b0bcdc422b7da0255b5a0d823f21571380361a402c81ed98d6f992ee,"[-0.0043945312499999965,-0.0003662109375000039,-0.0003662109374999973,-0.00036621093749999686,-0.000366210937499999,-0.0003662109375,-0.0003662109374999997,-0.000366210937500001,-0.00036621093749999913,-0.0003662109375000014,-0.00036621093750000276,-0.00036621093749999946,-0.0003662109374999991]",0.000244140625,1.002447381302007,0.015636452479843636,1.0,0.9912109375,0,0.0,0.9912109375,0,0.999267578125,0.0002435445785522461,8.399999933317304e-05
12,64,77,21525078,13,0,64,f367109ee73c49c0b9eb0fde58b44fd7a6fc46b0a5a16da91ee81b72900d99d8,"[-0.004394531249999996,-0.00036621093749999886,-0.00036621093749999973,-0.0003662109374999993,-0.0003662109375000003,-0.0003662109375000006,-0.00036621093750000054,-0.00036621093750000076,-0.0003662109374999987,-0.0003662109374999994,-0.00036621093749999935,-0.0003662109375000004,-0.00036621093750000005]",0.000244140625,1.002447381302007,0.015636452479843636,1.0,0.9912109375,0,0.0,0.9912109375,0,0.999267578125,0.0002435445785522461,8.141700527630746e-05
12,64,78,21525079,13,0,62,3e89c42bdb09ba41c9cdec2343cdb5c430c248e116ad5080aa5467ce22e3a9f2,"[-0.004394531250000001,-0.0003662109375000016,-0.000366210937500001,-0.0003662109374999992,-0.00036621093750000087,-0.0003662109375000001,-0.0003662109374999973,-0.0003662109375000006,-0.00036621093750000114,-0.00036621093750000184,-0.00036621093749999724,-0.0003662109374999993,-0.0003662109375000038]",0.000244140625,1.002447381302007,0.015636452479843636,1.0,0.9912109375,0,0.0,0.9912109375,0,0.999267578125,0.0002435445785522461,8.174999675247818e-05
12,64,79,21525080,13,0,64,6717e4f8a6118882ac1d4d5f73e393dd44a9995456a7cabe9bd0f1b0bfa36287,"[-0.0043945312499999965,-0.0003662109374999984,-0.00036621093749999783,-0.0003662109375000008,-0.0003662109374999989,-0.00036621093750000054,-0.0003662109374999994,-0.0003662109374999988,-0.00036621093750000087,-0.0003662109374999984,-0.00036621093750000076,-0.0003662109374999992,-0.0003662109375000003]",0.000244140625,1.002447381302007,0.015636452479843636,1.0,0.9912109375,0,0.0,0.9912109375,0,0.999267578125,0.0002435445785522461,8.225000055972487e-05
12,64,80,21525081,13,0,63,b0fbc654dca8b5249e7ff561e4bb7b78359fc2e908fdd4a055145334692fd87d,"[-0.004394531250000001,-0.000366210937499997,-0.00036621093750000087,-0.00036621093750000325,-0.0003662109375000013,-0.0003662109375000014,-0.0003662109374999945,-0.0003662109375000088,-0.0003662109374999916,-0.00036621093750000244,-0.0003662109374999953,-0.0003662109375000054,-0.00036621093750000775]",0.000244140625,1.002447381302007,0.015636452479843636,1.0,0.9912109375,0,0.0,0.9912109375,0,0.999267578125,0.0002435445785522461,8.12499929452315e-05
12,64,81,21525082,13,0,63,cb43657ad269c0704726553351f316edec809e86f4fec12a02af225d3811ff28,"[-0.004394531249999997,-0.00036621093749999973,-0.0003662109374999987,-0.00036621093750000173,-0.0003662109374999988,-0.00036621093749999875,-0.000366210937499999,-0.00036621093750000027,-0.00036621093749999995,-0.0003662109375000006,-0.0003662109375000012,-0.0003662109374999998,-0.0003662109374999974]",0.000244140625,1.002447381302007,0.015636452479843636,1.0,0.9912109375,0,0.0,0.9912109375,0,0.999267578125,0.0002435445785522461,8.008300210349262e-05
12,64,82,21525083,13,0,64,7a1d392d2ceb34a90f90eca6986cc883df24f57d2cb677fd6a0709a9dde24690,"[-0.00439453125,-0.0003662109375000014,-0.00036621093749999995,-0.00036621093749999935,-0.00036621093750000136,-0.0003662109374999999,-0.00036621093749999946,-0.0003662109375000018,-0.00036621093750000103,-0.00036621093749999886,-0.0003662109375000002,-0.0003662109374999993,-0.0003662109374999996]",0.000244140625,1.002447381302007,0.015636452479843636,1.0,0.9912109375,0,0.0,0.9912109375,0,0.999267578125,0.0002435445785522461,8.112500654533505e-05
12,64,83,21525084,13,0,64,c6409bfb105e86883418cf7e2172c13c90997c96e36def36bcfcb29d800f3653,"[-0.004394531249999998,-0.0003662109374999994,-0.00036621093749999973,-0.00036621093749999957,-0.0003662109374999998,-0.0003662109374999994,-0.0003662109374999996,-0.0003662109374999983,-0.0003662109375000004,-0.00036621093749999854,-0.00036621093750000103,-0.00036621093749999924,-0.0003662109374999992]",0.000244140625,1.002447381302007,0.015636452479843636,1.0,0.9912109375,0,0.0,0.9912109375,0,0.999267578125,0.0002435445785522461,8.087499008979648e-05
12,64,84,21525085,13,0,63,80188674a17001e2c14f7e19f008248a910fd7eab0c0a9d044d7735b6c80e588,"[-0.004394531249999997,-0.00036621093750000157,-0.00036621093749999935,-0.00036621093750000005,-0.00036621093749999946,-0.0003662109375000005,-0.00036621093750000005,-0.0003662109375000001,-0.0003662109374999986,-0.0003662109375000006,-0.00036621093750000016,-0.0003662109375000009,-0.0003662109374999984]",0.000244140625,1.002447381302007,0.015636452479843636,1.0,0.9912109375,0,0.0,0.9912109375,0,0.999267578125,0.0002435445785522461,8.079200051724911e-05
12,64,85,21525086,13,0,63,93965edff43b7a3768dc1a72dd95e9a3cdc7ec7c5b14da7896a8737096ff9916,"[-0.004394531249999998,-0.00036621093750000217,-0.0003662109374999965,-0.00036621093750000136,-0.0003662109374999992,-0.00036621093750000054,-0.0003662109374999984,-0.00036621093749999875,-0.00036621093749999745,-0.00036621093750000054,-0.00036621093749999957,-0.0003662109374999999,-0.0003662109374999965]",0.000244140625,1.002447381302007,0.015636452479843636,1.0,0.9912109375,0,0.0,0.9912109375,0,0.999267578125,0.0002435445785522461,8.108399924822152e-05
12,64,86,21525087,13,0,63,7a4b8c2355f731ae32f941fe22397543e4bc4cef9a02d81d6998ad5cc03be0b3,"[-0.004394531249999996,-0.0003662109374999997,-0.0003662109375000009,-0.00036621093749999946,-0.0003662109375,-0.00036621093749999946,-0.0003662109375000021,-0.0003662109374999986,-0.00036621093750000125,-0.00036621093750000114,-0.0003662109375000013,-0.00036621093750000206,-0.00036621093749999935]",0.000244140625,1.002447381302007,0.015636452479843636,1.0,0.9912109375,0,0.0,0.9912109375,0,0.999267578125,0.0002435445785522461,8.158299897331744e-05
12,64,87,21525088,13,0,64,61fde0c997e0dab4710b439ecdf2feadf7d422f2295faf7b1d709fd51f9cbd12,"[-0.00439453125,-0.0003662109375000002,-0.000366210937500001,-0.0003662109375000004,-0.0003662109375000013,-0.0003662109375000011,-0.0003662109374999986,-0.0003662109374999995,-0.0003662109375000026,-0.00036621093749999897,-0.0003662109374999995,-0.00036621093750000244,-0.00036621093749999816]",0.000244140625,1.002447381302007,0.015636452479843636,1.0,0.9912109375,0,0.0,0.9912109375,0,0.999267578125,0.0002435445785522461,8.225000055972487e-05
12,64,88,21525089,13,0,63,8f782c48dd774c632986a51d6a1e85abcc6df98ae4865113d8dabdef1d0d180a,"[-0.004394531249999999,-0.00036621093750000065,-0.00036621093749999984,-0.00036621093749999973,-0.00036621093750000087,-0.0003662109375000002,-0.0003662109374999995,-0.0003662109374999994,-0.00036621093749999984,-0.00036621093749999913,-0.00036621093749999973,-0.0003662109374999984,-0.00036621093749999854]",0.000244140625,1.002447381302007,0.015636452479843636,1.0,0.9912109375,0,0.0,0.9912109375,0,0.999267578125,0.0002435445785522461,8.254199929069728e-05
12,64,89,21525090,13,0,64,563b24534619288bc820b764ecbab70098d1c447a5ee96a76d98698ee70410f4,"[-0.0043945312499999965,-0.0003662109374999994,-0.00036621093750000065,-0.00036621093749999875,-0.00036621093750000146,-0.00036621093750000054,-0.00036621093750000184,-0.0003662109374999986,-0.00036621093749999724,-0.0003662109374999993,-0.00036621093750000087,-0.0003662109374999988,-0.000366210937500001]",0.000244140625,1.002447381302007,0.015636452479843636,1.0,0.9912109375,0,0.0,0.9912109375,0,0.999267578125,0.0002435445785522461,7.462500070687383e-05
12,64,90,21525091,13,0,64,c0cd8bc3880ecb26f51c6405bb6596e001d6e5427622e7ffe961be688a12eb76,"[-0.004394531249999999,-0.0003662109374999992,-0.000366210937499999,-0.00036621093749999913,-0.0003662109374999992,-0.0003662109374999979,-0.00036621093749999946,-0.00036621093749999756,-0.00036621093750000114,-0.00036621093750000184,-0.00036621093750000087,-0.00036621093750000076,-0.00036621093749999864]",0.000244140625,1.002447381302007,0.015636452479843636,1.0,0.9912109375,0,0.0,0.9912109375,0,0.999267578125,0.0002435445785522461,0.00015950000670272857
12,64,91,21525092,13,0,64,7a58545043a971ef374b593a43eea70c83d820557f36988a8a46375a23cbe670,"[-0.004394531249999996,-0.00036621093750000217,-0.00036621093749999756,-0.00036621093749999935,-0.00036621093750000103,-0.0003662109374999994,-0.0003662109374999986,-0.0003662109374999996,-0.00036621093750000087,-0.000366210937500001,-0.00036621093750000184,-0.0003662109375000009,-0.00036621093750000103]",0.000244140625,1.002447381302007,0.015636452479843636,1.0,0.9912109375,0,0.0,0.9912109375,0,0.999267578125,0.0002435445785522461,0.0001069169957190752
12,64,92,21525093,13,0,64,cd31e7eede95f2284ef2ebe20b8a634fc859b764feedda046c9561bddf32e879,"[-0.00439453125,-0.0003662109374999978,-0.0003662109375000014,-0.0003662109374999997,-0.0003662109375,-0.0003662109374999991,-0.0003662109375000021,-0.000366210937499999,-0.000366210937499999,-0.0003662109375000013,-0.00036621093749999946,-0.00036621093749999854,-0.00036621093749999935]",0.000244140625,1.002447381302007,0.015636452479843636,1.0,0.9912109375,0,0.0,0.9912109375,0,0.999267578125,0.0002435445785522461,8.79159924807027e-05
12,64,93,21525094,13,0,64,fe9781000774eb3795076aa4b133e8b00fc067879bc4506458ecbe09555cd405,"[-0.00439453125,-0.00036621093750000016,-0.000366210937500002,-0.0003662109375000003,-0.0003662109375000003,-0.00036621093750000065,-0.00036621093750000293,-0.00036621093750000103,-0.00036621093750000043,-0.00036621093750000043,-0.0003662109375000008,-0.00036621093750000016,-0.00036621093750000103]",0.000244140625,1.002447381302007,0.015636452479843636,1.0,0.9912109375,0,0.0,0.9912109375,0,0.999267578125,0.0002435445785522461,8.779100608080626e-05
12,64,94,21525095,13,0,61,34753428fe0f3f91828f537a82f477133ef42bd998916cfee1cabf89c5fe71a9,"[-0.004394531249999999,-0.000366210937499999,-0.00036621093750000076,-0.00036621093750000103,-0.0003662109375000018,-0.00036621093749999935,-0.0003662109374999993,-0.00036621093749999973,-0.000366210937500002,-0.00036621093750000233,-0.00036621093750000043,-0.00036621093749999913,-0.00036621093749999886]",0.000244140625,1.002447381302007,0.015636452479843636,1.0,0.9912109375,0,0.0,0.9912109375,0,0.999267578125,0.0002435445785522461,9.012500231619924e-05
12,64,95,21525096,13,0,64,e462f483734e56e01501d779e941be5e216ebde9d66e40ca7ac38aaefab6266a,"[-0.004394531249999999,-0.0003662109374999989,-0.00036621093750000054,-0.00036621093750000016,-0.00036621093749999767,-0.0003662109374999996,-0.00036621093750000125,-0.00036621093750000087,-0.00036621093749999973,-0.0003662109375000002,-0.0003662109374999982,-0.0003662109374999994,-0.0003662109375000001]",0.000244140625,1.002447381302007,0.015636452479843636,1.0,0.9912109375,0,0.0,0.9912109375,0,0.999267578125,0.0002435445785522461,8.383400563616306e-05
12,64,96,21525097,13,0,64,56f01c38848cb556a14fec62be1386a2c71c13adb1051ea97f9b5c9c7a0d839f,"[-0.004394531249999998,-0.0003662109374999978,-0.00036621093750000125,-0.00036621093750000374,-0.00036621093750000195,-0.0003662109374999969,-0.00036621093750000195,-0.0003662109374999976,-0.00036621093749999995,-0.00036621093750000076,-0.0003662109374999984,-0.0003662109374999985,-0.00036621093749999545]",0.000244140625,1.002447381302007,0.015636452479843636,1.0,0.9912109375,0,0.0,0.9912109375,0,0.999267578125,0.0002435445785522461,8.345900278072804e-05
12,64,97,21525098,13,0,63,4972bab12dc105ef03094076e5760e4c0361ceac569730f0beeab340dc49f85c,"[-0.00439453125,-0.0003662109374999999,-0.00036621093750000125,-0.00036621093750000423,-0.00036621093750000233,-0.00036621093749999767,-0.00036621093750000005,-0.00036621093750000087,-0.00036621093750000173,-0.00036621093750000005,-0.0003662109375000011,-0.00036621093750000146,-0.0003662109374999977]",0.000244140625,1.002447381302007,0.015636452479843636,1.0,0.9912109375,0,0.0,0.9912109375,0,0.999267578125,0.0002435445785522461,8.270899706985801e-05
12,64,98,21525099,13,0,64,7e2d5e39440509d1f57c3ea3d431117f97a315eb87275e605ed0ead7a7c1a675,"[-0.0043945312500000035,-0.0003662109375000016,-0.00036621093749999897,-0.00036621093750000244,-0.00036621093749999854,-0.0003662109375000008,-0.0003662109374999989,-0.00036621093750000114,-0.00036621093750000076,-0.0003662109374999992,-0.00036621093750000027,-0.0003662109374999987,-0.0003662109375000011]",0.000244140625,1.002447381302007,0.015636452479843636,1.0,0.9912109375,0,0.0,0.9912109375,0,0.999267578125,0.0002435445785522461,8.333299774676561e-05
12,64,99,21525100,13,0,63,7a82e4a4e1afec95ad710d694ba111757528a8eea23a7a05dccf33cb12a1b5da,"[-0.004394531249999998,-0.00036621093749999995,-0.0003662109375000014,-0.0003662109374999997,-0.0003662109375,-0.00036621093750000005,-0.00036621093749999913,-0.00036621093749999875,-0.0003662109374999983,-0.00036621093749999957,-0.0003662109375000009,-0.000366210937500001,-0.00036621093750000005]",0.000244140625,1.002447381302007,0.015636452479843636,1.0,0.9912109375,0,0.0,0.9912109375,0,0.999267578125,0.0002435445785522461,8.479200187139213e-05
12,256,0,21717001,13,0,247,a4d8e70de1320abf7fac0086495f0071d1478e7d6987f007a6be6a91797065a2,"[-0.00439453125,-0.0003662109375000012,-0.0003662109375000011,-0.00036621093749999946,-0.0003662109375000003,-0.0003662109375000003,-0.00036621093750000125,-0.000366210937500001,-0.00036621093750000103,-0.00036621093749999827,-0.0003662109374999999,-0.0003662109374999984,-0.0003662109375000011]",0.000244140625,1.002447381302007,0.015636452479843636,1.0,0.9912109375,0,0.0,0.9912109375,0,0.999267578125,0.0002435445785522461,0.00012570898979902267
12,256,1,21717002,13,0,245,509292c36336346e694b428a568b43aa5ce58551a0004a723c61a9e1e07d1f07,"[-0.004394531250000001,-0.0003662109375000019,-0.00036621093749999957,-0.00036621093750000114,-0.00036621093749999924,-0.0003662109375,-0.0003662109375000008,-0.0003662109375000009,-0.00036621093750000065,-0.0003662109375000011,-0.0003662109375000011,-0.00036621093750000043,-0.00036621093749999805]",0.000244140625,1.002447381302007,0.015636452479843636,1.0,0.9912109375,0,0.0,0.9912109375,0,0.999267578125,0.0002435445785522461,0.0001224590087076649
12,256,2,21717003,13,1,250,4d6674f078648c7a6ce77ab142aa967a476cbd7ff59e4248a1c662d93767dea6,"[-0.00025799636359890985,0.0036539276650287794,0.004007524002458082,0.002460317001138583,0.004008952781653711,0.0030239187041029994,0.0026230882988103705,0.004242402557943489,0.0047728661862030675,0.002858118502929809,0.004001616905861216,0.0035987481114678165,0.00251664633534619]",0.0004206980900778749,1.7273966539461487,0.020525959776528505,0.9497008068106548,0.0,4095,0.9912109375,0.9912109375,1,0.999267578125,0.0002435445785522461,0.00012599999899975955
12,256,3,21717004,13,0,250,3cb8e08b52843181b326252c52714e17a46711e3930c52f747e440230c9b9098,"[-0.004394531250000004,-0.00036621093750000016,-0.0003662109374999996,-0.0003662109375000006,-0.0003662109375000019,-0.00036621093750000016,-0.00036621093750000027,-0.00036621093749999935,-0.00036621093749999805,-0.00036621093750000043,-0.00036621093749999886,-0.00036621093750000065,-0.00036621093749999924]",0.000244140625,1.002447381302007,0.015636452479843636,1.0,0.9912109375,0,0.0,0.9912109375,0,0.999267578125,0.0002435445785522461,0.00011979200644418597
12,256,4,21717005,13,0,245,d6af9ace51893feb1f0ac8ea3bbb0d6cc402f6f686b55746eeac0d92f39f3762,"[-0.004394531250000001,-0.00036621093749999973,-0.0003662109375000005,-0.00036621093749999875,-0.0003662109374999992,-0.0003662109375000007,-0.00036621093750000005,-0.00036621093750000005,-0.0003662109374999986,-0.00036621093749999957,-0.0003662109375000004,-0.00036621093750000054,-0.00036621093750000103]",0.000244140625,1.002447381302007,0.015636452479843636,1.0,0.9912109375,0,0.0,0.9912109375,0,0.999267578125,0.0002435445785522461,0.00011987499601673335
12,256,5,21717006,13,0,244,b34c07db72788f9fbdcc3a01e402eb3329ad63da44da3378ce85ff155f1f02f2,"[-0.004394531250000002,-0.00036621093750000087,-0.00036621093749999995,-0.0003662109375000002,-0.0003662109375000005,-0.000366210937500001,-0.00036621093749999864,-0.00036621093750000054,-0.00036621093749999946,-0.00036621093750000184,-0.0003662109374999995,-0.00036621093750000114,-0.0003662109374999985]",0.000244140625,1.002447381302007,0.015636452479843636,1.0,0.9912109375,0,0.0,0.9912109375,0,0.999267578125,0.0002435445785522461,0.00011912500485777855
12,256,6,21717007,13,0,248,fd2017b0d8fa3f68ba377e1ebcdd56258d4c4688cecf15554fa00dd676c39438,"[-0.004394531250000003,-0.00036621093750000146,-0.0003662109375000021,-0.00036621093750000005,-0.0003662109375000016,-0.0003662109374999995,-0.00036621093749999827,-0.00036621093750000016,-0.0003662109374999989,-0.0003662109374999976,-0.0003662109374999993,-0.0003662109374999986,-0.00036621093749999767]",0.000244140625,1.002447381302007,0.015636452479843636,1.0,0.9912109375,0,0.0,0.9912109375,0,0.999267578125,0.0002435445785522461,0.00011891699978150427
12,256,7,21717008,13,0,246,16126739f7d440f58cc45db5849d2b6b3a4066ddea508dec6f9964489580a902,"[-0.00439453125,-0.00036621093749999984,-0.00036621093750000016,-0.0003662109375,-0.00036621093749999946,-0.00036621093749999973,-0.0003662109374999995,-0.00036621093750000027,-0.00036621093749999897,-0.00036621093750000005,-0.0003662109375000014,-0.0003662109374999991,-0.00036621093749999935]",0.000244140625,1.002447381302007,0.015636452479843636,1.0,0.9912109375,0,0.0,0.9912109375,0,0.999267578125,0.0002435445785522461,0.00011883399565704167
12,256,8,21717009,13,0,244,362a3b9eb6574fd23d4c04fd62cf0656041ebf5002446f3b76fc67111c0a6b8b,"[-0.004394531249999997,-0.0003662109374999998,-0.0003662109375000004,-0.0003662109375000002,-0.0003662109375,-0.0003662109374999986,-0.0003662109375000015,-0.00036621093750000136,-0.0003662109375000021,-0.00036621093750000043,-0.00036621093749999875,-0.00036621093749999886,-0.0003662109374999996]",0.000244140625,1.002447381302007,0.015636452479843636,1.0,0.9912109375,0,0.0,0.9912109375,0,0.999267578125,0.0002435445785522461,0.00011920899851247668
12,256,9,21717010,13,0,249,f24ab27b441d14724041236b1c1f63efa7b34a186d443f0032efb4fe4e1d3fd9,"[-0.004394531249999998,-0.00036621093749999957,-0.0003662109374999996,-0.0003662109375000005,-0.0003662109375000008,-0.0003662109374999991,-0.0003662109374999994,-0.00036621093750000016,-0.00036621093750000027,-0.0003662109374999999,-0.00036621093750000054,-0.0003662109375000023,-0.00036621093750000065]",0.000244140625,1.002447381302007,0.015636452479843636,1.0,0.9912109375,0,0.0,0.9912109375,0,0.999267578125,0.0002435445785522461,0.00012095901183784008
12,256,10,21717011,13,0,251,256f4364177fa705c4b58ce0f7ea2623a77f6432f1b0621e17ac6e2a1e9d6790,"[-0.004394531249999997,-0.0003662109374999994,-0.0003662109375000003,-0.00036621093749999995,-0.0003662109375000013,-0.0003662109375000009,-0.0003662109374999988,-0.00036621093749999734,-0.00036621093750000445,-0.0003662109375000007,-0.00036621093750000043,-0.00036621093750000005,-0.0003662109374999985]",0.000244140625,1.002447381302007,0.015636452479843636,1.0,0.9912109375,0,0.0,0.9912109375,0,0.999267578125,0.0002435445785522461,0.00012004100426565856
12,256,11,21717012,13,0,248,54a238367f5c0ea75530d26feaf63be5ab88c49a457842b851a8a2ee32eae8e8,"[-0.004394531250000002,-0.0003662109375000037,-0.0003662109374999992,-0.00036621093749999897,-0.0003662109375000004,-0.0003662109375000009,-0.00036621093749999946,-0.0003662109375,-0.00036621093749999957,-0.0003662109375000015,-0.00036621093750000054,-0.0003662109374999962,-0.00036621093750000016]",0.000244140625,1.002447381302007,0.015636452479843636,1.0,0.9912109375,0,0.0,0.9912109375,0,0.999267578125,0.0002435445785522461,0.00011829199502244592
12,256,12,21717013,13,0,245,0779eec0bbe724f94b551d7b5cceb7e0b85d6cf58aab11fbf3ef3b04ef392cfe,"[-0.004394531249999999,-0.0003662109375000009,-0.00036621093750000027,-0.00036621093749999805,-0.00036621093750000016,-0.00036621093750000054,-0.00036621093749999864,-0.0003662109374999986,-0.00036621093749999935,-0.00036621093750000125,-0.0003662109375000001,-0.00036621093750000125,-0.00036621093750000087]",0.000244140625,1.002447381302007,0.015636452479843636,1.0,0.9912109375,0,0.0,0.9912109375,0,0.999267578125,0.0002435445785522461,0.00011924999125767499
12,256,13,21717014,13,0,247,28f3b04927d926bf2a59e56b0a6b0a91fada646037b453288a7d4423073d06ff,"[-0.004394531249999991,-0.0003662109375000019,-0.00036621093750000114,-0.000366210937499997,-0.0003662109375000012,-0.00036621093749999973,-0.00036621093750000336,-0.00036621093749999653,-0.00036621093749999984,-0.0003662109374999983,-0.0003662109375000024,-0.0003662109374999999,-0.00036621093749999734]",0.000244140625,1.002447381302007,0.015636452479843636,1.0,0.9912109375,0,0.0,0.9912109375,0,0.999267578125,0.0002435445785522461,0.00012083399633411318
12,256,14,21717015,13,0,250,efbd79dd14018b11faa83a403f6f7f7844e672992cb04d5e9f67702f81f8a587,"[-0.0043945312500000035,-0.0003662109374999977,-0.0003662109375000015,-0.00036621093750000173,-0.00036621093749999794,-0.00036621093749999984,-0.0003662109375,-0.0003662109374999997,-0.0003662109375000022,-0.0003662109374999991,-0.00036621093750000043,-0.00036621093750000016,-0.0003662109375000014]",0.000244140625,1.002447381302007,0.015636452479843636,1.0,0.9912109375,0,0.0,0.9912109375,0,0.999267578125,0.0002435445785522461,0.00011912499030586332
12,256,15,21717016,13,0,250,aae20fda805315a091ba9362aa73f432e369ad1950c4de8c6441608f3633463e,"[-0.0043945312499999965,-0.00036621093749999886,-0.00036621093750000016,-0.0003662109374999996,-0.00036621093749999935,-0.00036621093750000027,-0.000366210937499999,-0.00036621093750000054,-0.00036621093750000016,-0.0003662109375000005,-0.0003662109374999992,-0.0003662109374999991,-0.00036621093749999973]",0.000244140625,1.002447381302007,0.015636452479843636,1.0,0.9912109375,0,0.0,0.9912109375,0,0.999267578125,0.0002435445785522461,0.00012541600153781474
12,256,16,21717017,13,1,245,b8378bda6ce86d9eefc3b3f0b8317fbf723364a72a2587d72a850ccc39ae0cb8,"[0.0010468715378538058,0.0026811467644830187,0.005266539822560435,0.0028312720086548712,0.002685548839302329,0.0036320978247226807,0.004169108829552167,0.003018583135589979,0.003472939982336034,0.002284306305789779,0.00476306017697369,0.002809857896742152,0.0024393175640853673]",0.00042398525908261234,1.7408938503291602,0.020605994618961513,0.9501102868113537,0.0,4095,0.9912109375,0.9912109375,1,0.999267578125,0.0002435445785522461,0.00012958400475326926
12,256,17,21717018,13,0,247,3f5f789ee62bb501e464226de874f93edcb2b7960df74b58523d10a920667319,"[-0.00439453125,-0.0003662109375000015,-0.00036621093750000136,-0.0003662109374999995,-0.0003662109374999993,-0.00036621093750000076,-0.0003662109375000007,-0.00036621093750000065,-0.00036621093749999984,-0.00036621093749999935,-0.0003662109375000001,-0.0003662109375,-0.00036621093749999875]",0.000244140625,1.002447381302007,0.015636452479843636,1.0,0.9912109375,0,0.0,0.9912109375,0,0.999267578125,0.0002435445785522461,0.00012187499669380486
12,256,18,21717019,13,0,251,4368b0eb48d3ffd3bbe60a8f43b44713dca33920920363112499c0c924ade457,"[-0.0043945312499999965,-0.00036621093750000255,-0.0003662109375000062,-0.00036621093750000217,-0.0003662109374999965,-0.0003662109375000007,-0.0003662109375000036,-0.0003662109375000099,-0.0003662109374999967,-0.00036621093749999864,-0.00036621093749999756,-0.00036621093749999913,-0.0003662109374999981]",0.000244140625,1.002447381302007,0.015636452479843636,1.0,0.9912109375,0,0.0,0.9912109375,0,0.999267578125,0.0002435445785522461,0.00012924999464303255
12,256,19,21717020,13,0,246,d32ff10880597aee2fb2e84a8693b8fec6774e0b3a99b6be23c3f9aff2586cf6,"[-0.004394531249999998,-0.0003662109375000004,-0.0003662109374999996,-0.00036621093749999984,-0.00036621093750000103,-0.0003662109374999996,-0.00036621093750000065,-0.0003662109374999991,-0.0003662109374999997,-0.0003662109375000002,-0.0003662109374999997,-0.0003662109375000019,-0.0003662109375000012]",0.000244140625,1.002447381302007,0.015636452479843636,1.0,0.9912109375,0,0.0,0.9912109375,0,0.999267578125,0.0002435445785522461,0.00014737500168848783
12,256,20,21717021,13,1,253,230668e0cdb418021a256e9f925a849aea8001fcf3be7bd1c248408f954857ce,"[0.0017642553429656207,0.00401659234542145,0.0026683422627621564,0.005504325179218824,0.0044902249064802295,0.002577659505202178,0.003105886881876123,0.004262023536100511,0.0047963102419760475,0.0008608436967585662,0.003305166012055847,0.005610554126328084,0.002789717274719878]",0.00047136587946979675,1.9354398372233836,0.021726875434697663,0.9454590361881345,0.0,4095,0.9912109375,0.9912109375,1,0.999267578125,0.0002435445785522461,0.000130291999084875
12,256,21,21717022,13,0,246,eda5a875c24ce44e4acbc987e516c7cf152e7fa02f18cfcce6360d0613bf1b48,"[-0.004394531249999998,-0.00036621093749999924,-0.0003662109375000013,-0.0003662109375000009,-0.00036621093750000195,-0.0003662109375000032,-0.00036621093750000065,-0.00036621093750000043,-0.00036621093749999913,-0.0003662109374999981,-0.00036621093749999995,-0.0003662109374999977,-0.0003662109375000006]",0.000244140625,1.002447381302007,0.015636452479843636,1.0,0.9912109375,0,0.0,0.9912109375,0,0.999267578125,0.0002435445785522461,0.0001360420137643814
12,256,22,21717023,13,0,248,c74c79c97fa8c3612e0417226d3d2290ff9ffe2ca734e7959c7f4e45875b0ec8,"[-0.00439453125,-0.00036621093750000065,-0.0003662109375000015,-0.0003662109375000008,-0.00036621093750000016,-0.0003662109374999984,-0.000366210937499999,-0.00036621093750000016,-0.00036621093750000005,-0.00036621093750000043,-0.0003662109375000006,-0.00036621093749999675,-0.0003662109374999988]",0.000244140625,1.002447381302007,0.015636452479843636,1.0,0.9912109375,0,0.0,0.9912109375,0,0.999267578125,0.0002435445785522461,0.0001262500009033829
12,256,23,21717024,13,0,242,ae076766f8855f38c34e337113fef0b9f7235f93341c969790313e6c1c1ef7e9,"[-0.004394531250000001,-0.00036621093750000005,-0.0003662109374999988,-0.00036621093750000087,-0.0003662109374999984,-0.00036621093750000233,-0.00036621093749999957,-0.00036621093750000027,-0.0003662109375000003,-0.00036621093750000173,-0.0003662109375000002,-0.0003662109374999997,-0.00036621093750000076]",0.000244140625,1.002447381302007,0.015636452479843636,1.0,0.9912109375,0,0.0,0.9912109375,0,0.999267578125,0.0002435445785522461,0.00013279200356919318
12,256,24,21717025,13,0,250,0453be665721013ecff9141ba6d3efc6b2ea1ca10bffe5d554b06762c91f45f6,"[-0.004394531249999998,-0.0003662109375000017,-0.0003662109375000006,-0.00036621093750000173,-0.0003662109374999994,-0.0003662109374999999,-0.00036621093750000266,-0.00036621093749999854,-0.000366210937499999,-0.0003662109374999999,-0.0003662109375000017,-0.00036621093750000076,-0.00036621093750000136]",0.000244140625,1.002447381302007,0.015636452479843636,1.0,0.9912109375,0,0.0,0.9912109375,0,0.999267578125,0.0002435445785522461,0.00012445800530258566
12,256,25,21717026,13,0,249,6c37261cc0649a085b59bf99aefd97e858f2b506714840bf1b5f71ba0d46920f,"[-0.004394531250000001,-0.0003662109374999994,-0.0003662109374999994,-0.0003662109374999993,-0.00036621093750000054,-0.0003662109374999995,-0.0003662109375000004,-0.0003662109374999994,-0.00036621093750000125,-0.00036621093750000027,-0.00036621093749999897,-0.00036621093750000146,-0.00036621093750000027]",0.000244140625,1.002447381302007,0.015636452479843636,1.0,0.9912109375,0,0.0,0.9912109375,0,0.999267578125,0.0002435445785522461,0.00012945900380145758
12,256,26,21717027,13,0,245,c5594774c6a398f569b447e3795afab0d440f26e96badd9b3259234ebe2c1222,"[-0.004394531250000001,-0.00036621093749999973,-0.00036621093750000087,-0.00036621093749999794,-0.00036621093750000103,-0.0003662109375000011,-0.0003662109375000013,-0.00036621093749999935,-0.0003662109374999989,-0.0003662109374999997,-0.0003662109374999993,-0.00036621093749999984,-0.0003662109375000007]",0.000244140625,1.002447381302007,0.015636452479843636,1.0,0.9912109375,0,0.0,0.9912109375,0,0.999267578125,0.0002435445785522461,0.00011687498772516847
12,256,27,21717028,13,0,252,c0d96a01e8f545bfd7e93116fa34393d2cf5a55c5497cfd00864094f399259ae,"[-0.004394531250000001,-0.00036621093749999897,-0.0003662109375000001,-0.000366210937500001,-0.0003662109375000007,-0.000366210937500001,-0.00036621093749999946,-0.00036621093749999897,-0.00036621093750000005,-0.0003662109375000005,-0.00036621093750000076,-0.0003662109374999995,-0.000366210937499999]",0.000244140625,1.002447381302007,0.015636452479843636,1.0,0.9912109375,0,0.0,0.9912109375,0,0.999267578125,0.0002435445785522461,0.00012575001164805144
12,256,28,21717029,13,1,247,d3fdfb184dfec86e6275b1609d0e62977c0f113f5b1693bb8c0729077f94b1e6,"[-0.00035668325244015954,0.004595795728649864,0.005254904034407155,0.0017490189339142061,0.0038890821885783616,0.003291084930135205,0.003325981919673837,0.0032022971672812455,0.0026974304092775244,0.00278733061860001,0.0032087932841053587,0.0036182641921027837,0.002538348775902956]",0.00041168530708721716,1.6903899464093424,0.0203049014998718,0.9514092885698117,0.0,4095,0.9912109375,0.9912109375,1,0.999267578125,0.0002435445785522461,0.0001188750029541552
12,256,29,21717030,13,0,250,474fa5e132ed776a300c80a665606f836ecb719fd07f1263986fc12ac09c0f8d,"[-0.0043945312500000035,-0.00036621093750000027,-0.0003662109375000046,-0.0003662109374999955,-0.0003662109375000007,-0.00036621093749999615,-0.00036621093750000206,-0.00036621093749999767,-0.0003662109375000025,-0.00036621093749999995,-0.0003662109375,-0.0003662109374999993,-0.00036621093750000087]",0.000244140625,1.002447381302007,0.015636452479843636,1.0,0.9912109375,0,0.0,0.9912109375,0,0.999267578125,0.0002435445785522461,0.0001179590035462752
12,256,30,21717031,13,1,247,92cbbc5f75237ac7c877a96072e322c214befd1ae55ceef387295e2af5b4197d,"[-0.00017969221140406002,0.003195992878700602,0.0033828537260385803,0.003597436534634812,0.003236286498816127,0.002595246430962235,0.0028654088417801294,0.002295055566202128,0.0031452070864679566,0.0027358048393702084,0.003242984402857025,0.0029796213108449097,0.002335360513696267]",0.0003755164799341236,1.5418798569296273,0.01939245105245066,0.9557833710810331,0.0,4095,0.9912109375,0.9912109375,1,0.999267578125,0.0002435445785522461,0.0001188750029541552
12,256,31,21717032,13,0,252,0659c7253a98f60ddf4d9d6fe5a9ed18ce8d9b72473d9c8e3a8cccaccefe1078,"[-0.004394531249999996,-0.00036621093750000276,-0.00036621093750000087,-0.00036621093749999696,-0.0003662109375,-0.00036621093750000217,-0.0003662109374999999,-0.0003662109374999955,-0.00036621093749999734,-0.00036621093749999637,-0.000366210937500002,-0.00036621093749999593,-0.0003662109375000043]",0.000244140625,1.002447381302007,0.015636452479843636,1.0,0.9912109375,0,0.0,0.9912109375,0,0.999267578125,0.0002435445785522461,0.00011741599882952869
12,256,32,21717033,13,0,249,0a6ea23ed89b0e03bf313ac5c84fd847e4239b865b4b7c2e3fd85c7d232c3718,"[-0.004394531250000003,-0.0003662109375000022,-0.0003662109374999995,-0.000366210937499996,-0.0003662109375000034,-0.0003662109374999974,-0.00036621093749999973,-0.00036621093750000065,-0.00036621093749999924,-0.00036621093750000065,-0.0003662109375,-0.0003662109375000014,-0.00036621093749999875]",0.000244140625,1.002447381302007,0.015636452479843636,1.0,0.9912109375,0,0.0,0.9912109375,0,0.999267578125,0.0002435445785522461,0.00012316700303927064
12,256,33,21717034,13,0,250,5b5ee087e857fb9ede73e1e8ba1b69a178a600c64bc7ef02c576dab61e2abbb0,"[-0.004394531249999997,-0.00036621093749999973,-0.00036621093750000054,-0.0003662109375000009,-0.00036621093749999973,-0.0003662109374999999,-0.0003662109374999994,-0.0003662109375,-0.00036621093749999995,-0.0003662109374999995,-0.0003662109375000002,-0.00036621093750000043,-0.0003662109374999992]",0.000244140625,1.002447381302007,0.015636452479843636,1.0,0.9912109375,0,0.0,0.9912109375,0,0.999267578125,0.0002435445785522461,0.00011824999819509685
12,256,34,21717035,13,0,252,11f49d9682c55f4667b7480988b1851db753c346c420ba87eddba5faf9d667bc,"[-0.004394531249999999,-0.0003662109374999991,-0.0003662109375000018,-0.0003662109374999992,-0.0003662109375000008,-0.0003662109374999995,-0.00036621093750000054,-0.0003662109374999993,-0.00036621093749999924,-0.0003662109374999992,-0.00036621093749999995,-0.0003662109374999996,-0.00036621093749999957]",0.000244140625,1.002447381302007,0.015636452479843636,1.0,0.9912109375,0,0.0,0.9912109375,0,0.999267578125,0.0002435445785522461,0.00011850000009872019
12,256,35,21717036,13,0,250,5eefe2ed1a90a036bdabcd055d37576662cbe2206d223aeda266b14bed66efbb,"[-0.004394531249999999,-0.0003662109375000019,-0.00036621093749999957,-0.00036621093749999946,-0.000366210937500001,-0.00036621093750000016,-0.0003662109374999994,-0.0003662109374999999,-0.0003662109375000007,-0.0003662109374999993,-0.0003662109374999995,-0.0003662109374999986,-0.0003662109375000005]",0.000244140625,1.002447381302007,0.015636452479843636,1.0,0.9912109375,0,0.0,0.9912109375,0,0.999267578125,0.0002435445785522461,0.0001253749942407012
12,256,36,21717037,13,0,249,5a6e9fa43b39140bc88a8164cc4bf39cac07fd868342790479f83e4d6cbc5e4c,"[-0.004394531250000001,-0.0003662109375000022,-0.0003662109374999984,-0.0003662109374999989,-0.0003662109374999979,-0.00036621093750000043,-0.00036621093750000694,-0.00036621093749999827,-0.00036621093749999995,-0.00036621093749999897,-0.00036621093750000835,-0.0003662109375000009,-0.00036621093750000157]",0.000244140625,1.002447381302007,0.015636452479843636,1.0,0.9912109375,0,0.0,0.9912109375,0,0.999267578125,0.0002435445785522461,0.00011754200386349112
12,256,37,21717038,13,0,247,f427b6b6607c5accde5836ee7666dd87e1e1e243eb8964a7611d151ce475158d,"[-0.004394531250000002,-0.00036621093749999924,-0.00036621093749999984,-0.00036621093750000103,-0.00036621093749999946,-0.00036621093749999995,-0.0003662109374999993,-0.0003662109375000001,-0.0003662109374999992,-0.0003662109374999997,-0.0003662109374999988,-0.000366210937499998,-0.00036621093749999886]",0.000244140625,1.002447381302007,0.015636452479843636,1.0,0.9912109375,0,0.0,0.9912109375,0,0.999267578125,0.0002435445785522461,0.00011737500608433038
12,256,38,21717039,13,0,247,3e8fcbfcc46f5910aafa83a68ac16638d42dddf640793b3fed15d1c5925238db,"[-0.0043945312499999965,-0.0003662109374999989,-0.00036621093750000195,-0.0003662109375000017,-0.00036621093750000005,-0.0003662109375000005,-0.0003662109374999995,-0.00036621093749999724,-0.0003662109374999998,-0.0003662109374999997,-0.00036621093750000016,-0.0003662109374999998,-0.00036621093749999875]",0.000244140625,1.002447381302007,0.015636452479843636,1.0,0.9912109375,0,0.0,0.9912109375,0,0.999267578125,0.0002435445785522461,0.00011741700291167945
12,256,39,21717040,13,0,246,1962795f186bcbdd6488fcd0b52d97628b36611674d8eaa5ca76a36d45325fc8,"[-0.004394531249999998,-0.0003662109374999987,-0.00036621093750000157,-0.0003662109374999984,-0.0003662109375000017,-0.00036621093750000157,-0.00036621093749999995,-0.00036621093749999984,-0.00036621093749999995,-0.0003662109375000012,-0.0003662109375000003,-0.00036621093749999816,-0.00036621093750000114]",0.000244140625,1.002447381302007,0.015636452479843636,1.0,0.9912109375,0,0.0,0.9912109375,0,0.999267578125,0.0002435445785522461,0.00011716599692590535
12,256,40,21717041,13,0,248,ba7714e2f6af0426f3e32dea8dc127f731f0342145cb0661513ea97c0b5de019,"[-0.004394531250000002,-0.00036621093749999984,-0.00036621093749999924,-0.0003662109374999999,-0.0003662109375000007,-0.00036621093750000054,-0.00036621093749999913,-0.0003662109375000002,-0.00036621093750000103,-0.00036621093750000087,-0.00036621093749999984,-0.000366210937500001,-0.0003662109374999986]",0.000244140625,1.002447381302007,0.015636452479843636,1.0,0.9912109375,0,0.0,0.9912109375,0,0.999267578125,0.0002435445785522461,0.00011916599760297686
12,256,41,21717042,13,0,247,0b5e509a055a761940528841c79999f113045a49b6079f23900d0a034b16d649,"[-0.004394531250000002,-0.00036621093749999875,-0.000366210937499999,-0.00036621093749999924,-0.0003662109375000001,-0.0003662109375000001,-0.0003662109374999989,-0.0003662109375000001,-0.00036621093750000076,-0.00036621093749999984,-0.0003662109374999997,-0.00036621093749999924,-0.0003662109375000002]",0.000244140625,1.002447381302007,0.015636452479843636,1.0,0.9912109375,0,0.0,0.9912109375,0,0.999267578125,0.0002435445785522461,0.00012974999845027924
12,256,42,21717043,13,0,252,1e5e68757250c26a05392142017b8766c414d93fa3b370f1725c8200d1d732a3,"[-0.004394531250000001,-0.00036621093750000076,-0.00036621093749999724,-0.0003662109374999971,-0.0003662109374999987,-0.0003662109375000024,-0.0003662109375000021,-0.0003662109374999952,-0.0003662109374999981,-0.0003662109374999986,-0.0003662109374999991,-0.0003662109374999981,-0.0003662109374999977]",0.000244140625,1.002447381302007,0.015636452479843636,1.0,0.9912109375,0,0.0,0.9912109375,0,0.999267578125,0.0002435445785522461,0.00012279200018383563
12,256,43,21717044,13,0,251,020dd2bf794dc117f8c8f11291f34642a70234925688ce893a14cb95f4602cd8,"[-0.004394531250000001,-0.0003662109375000024,-0.0003662109375000038,-0.0003662109374999959,-0.0003662109374999976,-0.00036621093749999935,-0.000366210937499999,-0.00036621093749999973,-0.0003662109375000002,-0.000366210937500004,-0.0003662109374999998,-0.0003662109374999976,-0.00036621093750000374]",0.000244140625,1.002447381302007,0.015636452479843636,1.0,0.9912109375,0,0.0,0.9912109375,0,0.999267578125,0.0002435445785522461,0.00011812499724328518
12,256,44,21717045,13,0,245,dc81669ed9aecd8785d6a8d524f2308468502d7885e5cca606615665995c9968,"[-0.004394531249999999,-0.0003662109375000031,-0.0003662109374999975,-0.0003662109374999982,-0.00036621093750000136,-0.0003662109374999982,-0.0003662109374999979,-0.0003662109375000036,-0.00036621093749999973,-0.0003662109375000005,-0.00036621093749999995,-0.0003662109375,-0.00036621093749999924]",0.000244140625,1.002447381302007,0.015636452479843636,1.0,0.9912109375,0,0.0,0.9912109375,0,0.999267578125,0.0002435445785522461,0.00011837499914690852
12,256,45,21717046,13,0,249,0febfc9b38b796b3e0c2556c4b0723862e3ba1056d56cef8f81ac2f8f07a813c,"[-0.004394531249999996,-0.0003662109374999986,-0.000366210937500002,-0.0003662109374999991,-0.0003662109374999946,-0.0003662109374999962,-0.00036621093750000173,-0.0003662109374999999,-0.00036621093749999973,-0.00036621093749999306,-0.0003662109374999983,-0.00036621093749999523,-0.00036621093750000423]",0.000244140625,1.002447381302007,0.015636452479843636,1.0,0.9912109375,0,0.0,0.9912109375,0,0.999267578125,0.0002435445785522461,0.0003104170027654618
12,256,46,21717047,13,0,247,1039cbf242b18cc6c480b97663241ace78e2214ae75e0f4531a1be7d8dbfb443,"[-0.004394531250000001,-0.0003662109374999994,-0.0003662109375,-0.00036621093750000157,-0.0003662109375000016,-0.00036621093749999924,-0.0003662109375000021,-0.00036621093750000065,-0.00036621093750000016,-0.0003662109374999996,-0.00036621093750000054,-0.00036621093749999875,-0.00036621093750000103]",0.000244140625,1.002447381302007,0.015636452479843636,1.0,0.9912109375,0,0.0,0.9912109375,0,0.999267578125,0.0002435445785522461,0.00014916699728928506
12,256,47,21717048,13,0,249,10208efdfaa555cd512aae1e5e1a773f8feb860b54c0995a684ccbfa326290ab,"[-0.004394531249999998,-0.00036621093750000065,-0.00036621093750000136,-0.0003662109374999991,-0.0003662109374999995,-0.0003662109375000009,-0.0003662109374999984,-0.00036621093749999897,-0.0003662109375000002,-0.0003662109375000009,-0.00036621093749999935,-0.0003662109374999999,-0.0003662109375000002]",0.000244140625,1.002447381302007,0.015636452479843636,1.0,0.9912109375,0,0.0,0.9912109375,0,0.999267578125,0.0002435445785522461,0.00012920799781568348
12,256,48,21717049,13,0,251,c00dfb9afa962ed8407609802cb15603e10099c6d195784e632507c97af6c248,"[-0.004394531250000007,-0.00036621093749999317,-0.0003662109374999991,-0.00036621093750000466,-0.0003662109375000061,-0.00036621093749999724,-0.0003662109375000025,-0.0003662109375000007,-0.00036621093750001323,-0.0003662109374999948,-0.00036621093749999344,-0.0003662109375000025,-0.00036621093750000564]",0.000244140625,1.002447381302007,0.015636452479843636,1.0,0.9912109375,0,0.0,0.9912109375,0,0.999267578125,0.0002435445785522461,0.00011283400817774236
12,256,49,21717050,13,0,247,7ae5bb60c0489de34c82ab72b1c2aebee072d46e7f667c8ac567b22485209a5b,"[-0.004394531250000001,-0.0003662109375000027,-0.00036621093749999973,-0.0003662109374999989,-0.00036621093749999707,-0.0003662109374999968,-0.000366210937500003,-0.00036621093750000005,-0.0003662109374999957,-0.0003662109375000028,-0.00036621093750000087,-0.00036621093750000336,-0.0003662109374999991]",0.000244140625,1.002447381302007,0.015636452479843636,1.0,0.9912109375,0,0.0,0.9912109375,0,0.999267578125,0.0002435445785522461,0.00011466699652373791
12,256,50,21717051,13,0,253,814975e67d88d18663f01c31221720c194efe92153b50d434601eaad1520d6b7,"[-0.004394531249999997,-0.0003662109374999985,-0.0003662109374999967,-0.0003662109375000035,-0.00036621093750000434,-0.0003662109374999991,-0.00036621093750000423,-0.00036621093750000233,-0.00036621093749999756,-0.00036621093750000363,-0.0003662109374999972,-0.0003662109375000013,-0.0003662109374999992]",0.000244140625,1.002447381302007,0.015636452479843636,1.0,0.9912109375,0,0.0,0.9912109375,0,0.999267578125,0.0002435445785522461,0.000112749999971129
12,256,51,21717052,13,0,251,e43cadd012e80c621ed28a6416e5ed72f270512e0e8d5f32a88b2eea644f357b,"[-0.004394531249999999,-0.0003662109375000005,-0.00036621093749999957,-0.00036621093749999946,-0.00036621093750000136,-0.000366210937499999,-0.00036621093750000065,-0.00036621093749999995,-0.0003662109375,-0.0003662109375000009,-0.00036621093750000043,-0.00036621093750000195,-0.00036621093750000125]",0.000244140625,1.002447381302007,0.015636452479843636,1.0,0.9912109375,0,0.0,0.9912109375,0,0.999267578125,0.0002435445785522461,0.000113290996523574
12,256,52,21717053,13,0,248,0048c244e214a7368e24abd31cca891336a0c955a35338a9011d1a2365da1704,"[-0.004394531250000003,-0.00036621093749999724,-0.0003662109374999988,-0.00036621093750000087,-0.0003662109375000009,-0.00036621093750000016,-0.0003662109375000002,-0.00036621093749999946,-0.00036621093750000054,-0.00036621093750000054,-0.0003662109375000011,-0.00036621093750000076,-0.0003662109374999998]",0.000244140625,1.002447381302007,0.015636452479843636,1.0,0.9912109375,0,0.0,0.9912109375,0,0.999267578125,0.0002435445785522461,0.0001136250066338107
12,256,53,21717054,13,0,249,82e4f3d52cd8f676934109aadfc2eb1a379db082d0672a831f78204c0e2b93ea,"[-0.004394531250000001,-0.0003662109375000014,-0.0003662109374999968,-0.000366210937500005,-0.00036621093749999555,-0.0003662109375000019,-0.00036621093749999957,-0.00036621093750000266,-0.00036621093749999995,-0.0003662109374999958,-0.00036621093749999593,-0.0003662109374999961,-0.00036621093749999653]",0.000244140625,1.002447381302007,0.015636452479843636,1.0,0.9912109375,0,0.0,0.9912109375,0,0.999267578125,0.0002435445785522461,0.00011258298764005303
12,256,54,21717055,13,0,248,94d7e30f207e360eb41ce774aa0e936ae2818ba3948b22f1d8eb4f66b1442cb9,"[-0.004394531249999998,-0.00036621093749999116,-0.0003662109374999956,-0.0003662109375000045,-0.00036621093749999046,-0.00036621093750000157,-0.0003662109374999992,-0.00036621093750000076,-0.0003662109375000035,-0.0003662109375000026,-0.00036621093750000293,-0.00036621093749999507,-0.00036621093749999854]",0.000244140625,1.002447381302007,0.015636452479843636,1.0,0.9912109375,0,0.0,0.9912109375,0,0.999267578125,0.0002435445785522461,0.00011175000690855086
12,256,55,21717056,13,0,247,88ed4c5c10fcc52f4f4d066d6e71e1ac7ab05be877f9627b6034bf5b043e5759,"[-0.004394531250000002,-0.0003662109375000001,-0.0003662109374999993,-0.00036621093749999946,-0.00036621093749999946,-0.0003662109374999991,-0.00036621093750000114,-0.0003662109375000018,-0.00036621093750000146,-0.00036621093749999946,-0.0003662109374999988,-0.000366210937499999,-0.00036621093750000043]",0.000244140625,1.002447381302007,0.015636452479843636,1.0,0.9912109375,0,0.0,0.9912109375,0,0.999267578125,0.0002435445785522461,0.00011308299144729972
12,256,56,21717057,13,0,246,ea520ae113aa527a4bcc5cbb748168bcc6511b08595a2577f7f903a17c7096c1,"[-0.00439453125,-0.000366210937500001,-0.00036621093750000087,-0.0003662109374999993,-0.00036621093750000103,-0.0003662109374999999,-0.0003662109375000004,-0.00036621093750000016,-0.0003662109375000005,-0.00036621093749999864,-0.0003662109375,-0.00036621093750000114,-0.0003662109374999991]",0.000244140625,1.002447381302007,0.015636452479843636,1.0,0.9912109375,0,0.0,0.9912109375,0,0.999267578125,0.0002435445785522461,0.00011762500798795372
12,256,57,21717058,13,0,248,7d93f74dffc6161907b91791c898299e8076e9f9eedc77378fc32d592e622a8e,"[-0.004394531249999999,-0.00036621093749999875,-0.0003662109375000007,-0.00036621093749999843,-0.00036621093750000016,-0.00036621093749999886,-0.00036621093750000103,-0.00036621093749999995,-0.00036621093749999957,-0.00036621093749999913,-0.00036621093749999935,-0.00036621093749999913,-0.0003662109374999992]",0.000244140625,1.002447381302007,0.015636452479843636,1.0,0.9912109375,0,0.0,0.9912109375,0,0.999267578125,0.0002435445785522461,0.00011729200195986778
12,256,58,21717059,13,0,248,b03d0566a469528fdc7e3939d95ee77f36af567a7f8eef3a0a79cb839a29fb2b,"[-0.004394531249999997,-0.00036621093749999935,-0.0003662109375000004,-0.0003662109375000001,-0.0003662109374999993,-0.00036621093750000054,-0.0003662109375000006,-0.00036621093750000043,-0.00036621093750000065,-0.00036621093749999897,-0.00036621093749999984,-0.00036621093750000043,-0.00036621093750000027]",0.000244140625,1.002447381302007,0.015636452479843636,1.0,0.9912109375,0,0.0,0.9912109375,0,0.999267578125,0.0002435445785522461,0.0001177079975605011
12,256,59,21717060,13,0,250,26c4837bfdd6c15839700f1567e26eabe589c19bb72be2417146442093a90cfb,"[-0.004394531249999995,-0.00036621093750000043,-0.0003662109374999983,-0.0003662109375000011,-0.0003662109375000001,-0.00036621093750000016,-0.0003662109374999992,-0.00036621093750000114,-0.00036621093749999984,-0.0003662109375000003,-0.0003662109374999999,-0.0003662109374999999,-0.00036621093749999995]",0.000244140625,1.002447381302007,0.015636452479843636,1.0,0.9912109375,0,0.0,0.9912109375,0,0.999267578125,0.0002435445785522461,0.00011833300231955945
12,256,60,21717061,13,0,246,a93606f29d6b0d7c70afa96c5d069efa679147dc610ec23af50c8ad385bc4c8d,"[-0.0043945312499999965,-0.00036621093749999827,-0.0003662109374999963,-0.0003662109375000045,-0.00036621093749999973,-0.0003662109374999987,-0.00036621093750000005,-0.00036621093749999783,-0.00036621093749999924,-0.00036621093750000076,-0.0003662109374999991,-0.0003662109374999974,-0.0003662109374999992]",0.000244140625,1.002447381302007,0.015636452479843636,1.0,0.9912109375,0,0.0,0.9912109375,0,0.999267578125,0.0002435445785522461,0.00011854199692606926
12,256,61,21717062,13,0,247,61ef4c276d89b3e8e4eb84d6cf42ab3ee20dd4f1b8b3b5dc832a497c0f061560,"[-0.004394531249999999,-0.0003662109374999988,-0.0003662109375000008,-0.0003662109374999993,-0.0003662109374999993,-0.0003662109374999989,-0.0003662109374999983,-0.00036621093750000027,-0.0003662109374999993,-0.0003662109374999996,-0.00036621093749999794,-0.00036621093749999935,-0.0003662109374999984]",0.000244140625,1.002447381302007,0.015636452479843636,1.0,0.9912109375,0,0.0,0.9912109375,0,0.999267578125,0.0002435445785522461,0.00012341700494289398
12,256,62,21717063,13,1,252,c9f33628f613de6d0a4ac8fdb66879dc1dd402cee619919ee78ceb24c66bb86b,"[-0.0014691672342720488,0.004165961414961351,0.003700879467478011,0.004259591781855426,0.0034011218641886104,0.0026464969713969238,0.002874010965751287,0.0031090242817566082,0.0032054770273392884,0.0031372897431327937,0.0035206172850851406,0.0029557165032745533,0.0031576104193083003]",0.0003974444201269103,1.6319165160215179,0.019950620399985266,0.9525463070087438,0.0,4095,0.9912109375,0.9912109375,1,0.999267578125,0.0002435445785522461,0.0001185409928439185
12,256,63,21717064,13,0,253,3d4f3447287f4fde23d1a58332088cc341a7083169c32d83bad039cb77debef5,"[-0.00439453125,-0.0003662109374999996,-0.00036621093750000054,-0.00036621093749999957,-0.00036621093750000146,-0.0003662109374999994,-0.00036621093749999973,-0.00036621093750000146,-0.0003662109375000018,-0.00036621093750000125,-0.00036621093750000054,-0.0003662109374999994,-0.0003662109374999991]",0.000244140625,1.002447381302007,0.015636452479843636,1.0,0.9912109375,0,0.0,0.9912109375,0,0.999267578125,0.0002435445785522461,0.00011395799810998142
12,256,64,21717065,13,0,243,ab84b781b38dc1a69dbe8d43816825d212965c0f756b2942744e2b6571e679e7,"[-0.004394531250000001,-0.0003662109375000015,-0.00036621093750000043,-0.0003662109374999984,-0.00036621093749999984,-0.0003662109374999991,-0.0003662109374999996,-0.00036621093749999984,-0.0003662109374999991,-0.0003662109375000013,-0.00036621093750000244,-0.0003662109375000001,-0.0003662109375000001]",0.000244140625,1.002447381302007,0.015636452479843636,1.0,0.9912109375,0,0.0,0.9912109375,0,0.999267578125,0.0002435445785522461,0.00011983299918938428
12,256,65,21717066,13,0,251,45caaf9f534755bd404a646f674fc64bfca5bcad3880d93378ed0ddbfed20d33,"[-0.00439453125,-0.0003662109375000002,-0.00036621093750000233,-0.0003662109374999996,-0.0003662109375000011,-0.00036621093750000005,-0.0003662109374999997,-0.00036621093750000157,-0.00036621093749999924,-0.0003662109375000012,-0.0003662109374999998,-0.0003662109374999997,-0.0003662109375000015]",0.000244140625,1.002447381302007,0.015636452479843636,1.0,0.9912109375,0,0.0,0.9912109375,0,0.999267578125,0.0002435445785522461,0.00011875000200234354
12,256,66,21717067,13,0,248,c405662b9ac85d0bdc252b1fbfcf5f56235daa257ef02182749bcd69f2fe5cf8,"[-0.004394531250000001,-0.00036621093749999946,-0.00036621093749999973,-0.0003662109374999961,-0.0003662109374999951,-0.00036621093749999724,-0.00036621093750000076,-0.0003662109375000009,-0.00036621093750000325,-0.0003662109374999951,-0.0003662109375000003,-0.0003662109375000038,-0.00036621093750000157]",0.000244140625,1.002447381302007,0.015636452479843636,1.0,0.9912109375,0,0.0,0.9912109375,0,0.999267578125,0.0002435445785522461,0.00012133400014135987
12,256,67,21717068,13,0,247,c0067f86fa7e1c3a797fd9f262cc9a422be9154abfbb00e702de1184ac34114a,"[-0.004394531249999998,-0.0003662109374999988,-0.0003662109375000005,-0.00036621093750000016,-0.00036621093750000136,-0.00036621093750000146,-0.00036621093750000027,-0.0003662109375000014,-0.000366210937499999,-0.00036621093750000016,-0.0003662109375000004,-0.00036621093749999924,-0.00036621093750000076]",0.000244140625,1.002447381302007,0.015636452479843636,1.0,0.9912109375,0,0.0,0.9912109375,0,0.999267578125,0.0002435445785522461,0.00011966699094045907
12,256,68,21717069,13,0,250,417240802886d75752c5f38fa8477f7dc4ea62d93f5db65d1efbe669831f5b1d,"[-0.0043945312499999965,-0.0003662109375000057,-0.00036621093750000667,-0.00036621093749999897,-0.00036621093749999924,-0.00036621093750000477,-0.00036621093750000076,-0.00036621093750000683,-0.0003662109374999928,-0.00036621093749998867,-0.0003662109374999882,-0.00036621093750000125,-0.0003662109375000051]",0.000244140625,1.002447381302007,0.015636452479843636,1.0,0.9912109375,0,0.0,0.9912109375,0,0.999267578125,0.0002435445785522461,0.00011904099665116519
12,256,69,21717070,13,0,246,99d3f35e210bcd89f531ff20efd14fd78fe766a786746b728b5eccaa3de21da0,"[-0.0043945312500000035,-0.00036621093749999555,-0.00036621093750000173,-0.0003662109375000002,-0.00036621093750000157,-0.0003662109375000014,-0.00036621093750000325,-0.00036621093749999875,-0.0003662109374999959,-0.00036621093750000276,-0.00036621093750000537,-0.0003662109375000036,-0.00036621093750000396]",0.000244140625,1.002447381302007,0.015636452479843636,1.0,0.9912109375,0,0.0,0.9912109375,0,0.999267578125,0.0002435445785522461,0.0001179590035462752
12,256,70,21717071,13,0,248,fd0a2720f88be2af7be71a9632c7b15c181530e4c98477f16f43f532973a0565,"[-0.004394531249999998,-0.0003662109375000004,-0.00036621093749999995,-0.0003662109375000011,-0.00036621093749999854,-0.00036621093750000027,-0.0003662109375000019,-0.0003662109375000018,-0.00036621093749999897,-0.0003662109374999997,-0.00036621093750000125,-0.0003662109374999986,-0.0003662109374999996]",0.000244140625,1.002447381302007,0.015636452479843636,1.0,0.9912109375,0,0.0,0.9912109375,0,0.999267578125,0.0002435445785522461,0.00011816700862254947
12,256,71,21717072,13,1,251,e17dc55c1626378dd81ee836ea789c7c2afe662472c2fb76fef7870b78e4feab,"[-0.0016331259799673835,0.003321072244680244,0.0027544893939945914,0.004281169164085323,0.004455343942804177,0.0038594518901614483,0.004142840091560378,0.0027981761340875023,0.0027685733565747366,0.0033723999080903376,0.0035554490150604095,0.003211211472883051,0.002856944180347341]",0.0004068198567498176,1.670412288247858,0.020184559435861674,0.9514669426856378,0.0,4095,0.9912109375,0.9912109375,1,0.999267578125,0.0002435445785522461,0.00012016700929962099
12,256,72,21717073,13,0,248,b80eec46fb56d28a5d71f6c5691a0b099ac81ea263879854d9a19a039b7ede8c,"[-0.00439453125,-0.00036621093750000136,-0.00036621093749999984,-0.00036621093750000065,-0.00036621093750000043,-0.0003662109374999993,-0.00036621093750000043,-0.00036621093750000054,-0.0003662109374999992,-0.0003662109375000006,-0.0003662109374999986,-0.00036621093750000184,-0.0003662109375000003]",0.000244140625,1.002447381302007,0.015636452479843636,1.0,0.9912109375,0,0.0,0.9912109375,0,0.999267578125,0.0002435445785522461,0.0001258750125998631
12,256,73,21717074,13,0,246,33b53be31b261c4ac36aa299a03ae48c6dfd2b5e57a52cb10e40baf6c891229c,"[-0.004394531250000001,-0.0003662109374999965,-0.00036621093749999897,-0.0003662109375000013,-0.00036621093750000043,-0.0003662109375000012,-0.00036621093749999957,-0.00036621093750000043,-0.0003662109374999971,-0.0003662109374999989,-0.00036621093749999924,-0.00036621093750000076,-0.00036621093750000005]",0.000244140625,1.002447381302007,0.015636452479843636,1.0,0.9912109375,0,0.0,0.9912109375,0,0.999267578125,0.0002435445785522461,0.00012841699935961515
12,256,74,21717075,13,0,253,82c3adadec152fa3c0a1a23d13da50b79267920e0a105b02f24a23c3498a2406,"[-0.004394531250000001,-0.000366210937500002,-0.00036621093750000336,-0.0003662109375000002,-0.00036621093749999745,-0.00036621093749999827,-0.00036621093749999843,-0.0003662109375000024,-0.00036621093749999767,-0.0003662109374999987,-0.00036621093750000065,-0.00036621093749999886,-0.00036621093750000054]",0.000244140625,1.002447381302007,0.015636452479843636,1.0,0.9912109375,0,0.0,0.9912109375,0,0.999267578125,0.0002435445785522461,0.00012166700616944581
12,256,75,21717076,13,0,251,100bab784b76b5329d190ea6b9d6443fd08d4b3b212efe627fe0ed0b3d27dc75,"[-0.00439453125,-0.0003662109375000012,-0.0003662109375000001,-0.0003662109375000002,-0.0003662109375000008,-0.00036621093750000103,-0.0003662109374999995,-0.0003662109375,-0.00036621093749999935,-0.0003662109375,-0.0003662109374999999,-0.00036621093749999924,-0.0003662109375000019]",0.000244140625,1.002447381302007,0.015636452479843636,1.0,0.9912109375,0,0.0,0.9912109375,0,0.999267578125,0.0002435445785522461,0.00012895799591206014
12,256,76,21717077,13,0,245,a084c1ec6929e68a424c8d90085c1c732f87d2b1ab8617c508a5ced49a86386d,"[-0.004394531249999999,-0.0003662109375000003,-0.00036621093749999973,-0.0003662109374999986,-0.00036621093750000065,-0.00036621093750000076,-0.00036621093750000087,-0.0003662109375,-0.0003662109375,-0.00036621093749999794,-0.0003662109375000008,-0.00036621093749999854,-0.0003662109374999979]",0.000244140625,1.002447381302007,0.015636452479843636,1.0,0.9912109375,0,0.0,0.9912109375,0,0.999267578125,0.0002435445785522461,0.00011920899851247668
12,256,77,21717078,13,0,247,296ff38c294e608253726043da96dd1301a6d4b5906528d26370a5ca795b3d9e,"[-0.004394531250000001,-0.0003662109375000002,-0.0003662109374999992,-0.0003662109374999999,-0.00036621093750000157,-0.00036621093749999897,-0.00036621093749999957,-0.0003662109375000006,-0.0003662109375000006,-0.0003662109375000006,-0.0003662109375000004,-0.0003662109375000004,-0.00036621093749999946]",0.000244140625,1.002447381302007,0.015636452479843636,1.0,0.9912109375,0,0.0,0.9912109375,0,0.999267578125,0.0002435445785522461,0.0001179590035462752
12,256,78,21717079,13,0,240,a3e2634f47aaafdfa5ed5cd587e51cf01ce3ea947846dbddc811f3df99721b95,"[-0.004394531249999999,-0.00036621093750000054,-0.0003662109375000005,-0.0003662109375000008,-0.0003662109375000009,-0.00036621093749999957,-0.0003662109375000005,-0.00036621093749999783,-0.000366210937500001,-0.00036621093749999843,-0.00036621093750000065,-0.0003662109375000002,-0.000366210937499999]",0.000244140625,1.002447381302007,0.015636452479843636,1.0,0.9912109375,0,0.0,0.9912109375,0,0.999267578125,0.0002435445785522461,0.00011799999629147351
12,256,79,21717080,13,0,247,753b93dca6f9297cae22a70b9400751f3d15991eb15daf1df095238159795483,"[-0.004394531249999999,-0.00036621093749999555,-0.00036621093749999924,-0.00036621093749999913,-0.0003662109375000019,-0.00036621093749999875,-0.00036621093749999675,-0.00036621093750000385,-0.0003662109374999973,-0.00036621093749999474,-0.00036621093749999864,-0.000366210937500004,-0.000366210937500003]",0.000244140625,1.002447381302007,0.015636452479843636,1.0,0.9912109375,0,0.0,0.9912109375,0,0.999267578125,0.0002435445785522461,0.00012362499546725303
12,256,80,21717081,13,0,248,b3a2da330e3c80b5580c25765012f27c6b99d176cbfe262064ee58b4f1d506ba,"[-0.004394531249999997,-0.00036621093750000005,-0.0003662109374999997,-0.0003662109374999994,-0.0003662109375000004,-0.00036621093749999913,-0.0003662109375000014,-0.00036621093749999843,-0.00036621093749999913,-0.0003662109374999963,-0.0003662109374999998,-0.00036621093750000146,-0.00036621093750000206]",0.000244140625,1.002447381302007,0.015636452479843636,1.0,0.9912109375,0,0.0,0.9912109375,0,0.999267578125,0.0002435445785522461,0.0001290829968638718
12,256,81,21717082,13,0,248,ff58da7649735cfb62c4f9f2220dbbcc27d2de29829a2df8f014fb23068c33c7,"[-0.004394531249999998,-0.0003662109374999998,-0.0003662109375000013,-0.0003662109374999998,-0.0003662109375000006,-0.0003662109374999994,-0.0003662109374999998,-0.00036621093749999854,-0.00036621093750000076,-0.0003662109374999998,-0.0003662109374999998,-0.00036621093750000114,-0.00036621093750000076]",0.000244140625,1.002447381302007,0.015636452479843636,1.0,0.9912109375,0,0.0,0.9912109375,0,0.999267578125,0.0002435445785522461,0.00011745899973902851
12,256,82,21717083,13,0,244,320b19c9b0e4b681bd7eae7db77dae5eec12374514c732a3fc7f9869118a8e87,"[-0.004394531249999994,-0.0003662109375000004,-0.0003662109375000025,-0.00036621093750000493,-0.0003662109375000016,-0.0003662109375000014,-0.00036621093750000553,-0.0003662109374999981,-0.00036621093750000195,-0.00036621093749999263,-0.00036621093749999236,-0.00036621093749999577,-0.00036621093750000705]",0.000244140625,1.002447381302007,0.015636452479843636,1.0,0.9912109375,0,0.0,0.9912109375,0,0.999267578125,0.0002435445785522461,0.0001276660041185096
12,256,83,21717084,13,0,247,2e366d786791ed4b84a9c477ae23a7af1cd0a5078606c55953cc3add156e753b,"[-0.00439453125,-0.0003662109375000015,-0.0003662109374999993,-0.00036621093749999957,-0.00036621093749999973,-0.0003662109375000016,-0.0003662109374999997,-0.00036621093749999935,-0.0003662109374999997,-0.0003662109375000015,-0.00036621093750000065,-0.000366210937499999,-0.0003662109374999997]",0.000244140625,1.002447381302007,0.015636452479843636,1.0,0.9912109375,0,0.0,0.9912109375,0,0.999267578125,0.0002435445785522461,0.00012845901073887944
12,256,84,21717085,13,0,249,68d733af29d101e2741bb2d48575cb9f5c668b76712a50d6ac9b805474d62755,"[-0.004394531249999999,-0.0003662109374999986,-0.0003662109375000009,-0.0003662109375000006,-0.0003662109374999985,-0.00036621093750000016,-0.00036621093749999973,-0.0003662109374999993,-0.0003662109374999993,-0.00036621093750000195,-0.0003662109374999985,-0.0003662109375000005,-0.00036621093749999783]",0.000244140625,1.002447381302007,0.015636452479843636,1.0,0.9912109375,0,0.0,0.9912109375,0,0.999267578125,0.0002435445785522461,0.00011741700291167945
12,256,85,21717086,13,0,246,d52a9f42446d2cea8481330b189485c58a4353e9cae890a3a3f2b2ae37647323,"[-0.00439453125,-0.0003662109375000011,-0.00036621093750000043,-0.00036621093749999946,-0.00036621093749999854,-0.00036621093750000016,-0.00036621093749999886,-0.00036621093749999946,-0.000366210937500001,-0.0003662109375000014,-0.00036621093749999957,-0.000366210937499999,-0.00036621093750000195]",0.000244140625,1.002447381302007,0.015636452479843636,1.0,0.9912109375,0,0.0,0.9912109375,0,0.999267578125,0.0002435445785522461,0.00011916700168512762
12,256,86,21717087,13,0,250,f03bc0f4daf618abf9f1300cd736d127f490a332cb52e5caa500682b52634895,"[-0.004394531250000005,-0.0003662109375,-0.0003662109374999995,-0.000366210937500003,-0.0003662109375000025,-0.00036621093750000184,-0.0003662109374999979,-0.0003662109375000007,-0.0003662109375000022,-0.00036621093750000087,-0.00036621093750000043,-0.0003662109375000017,-0.00036621093749999864]",0.000244140625,1.002447381302007,0.015636452479843636,1.0,0.9912109375,0,0.0,0.9912109375,0,0.999267578125,0.0002435445785522461,0.00011766699026338756
12,256,87,21717088,13,0,240,89d9068fdd095c754b7b116eb01a63c5bfe6a11b7890483d3f8c6dd15c3a8e92,"[-0.004394531249999998,-0.0003662109374999998,-0.00036621093749999984,-0.00036621093749999756,-0.00036621093750000125,-0.0003662109375000009,-0.0003662109374999999,-0.00036621093750000005,-0.00036621093750000195,-0.00036621093750000206,-0.0003662109374999986,-0.00036621093750000233,-0.00036621093750000157]",0.000244140625,1.002447381302007,0.015636452479843636,1.0,0.9912109375,0,0.0,0.9912109375,0,0.999267578125,0.0002435445785522461,0.00011862500105053186
12,256,88,21717089,13,0,249,eaf4a667c60516e95c942daa3469a51734c355e23d1af2c884f0f514c33d035b,"[-0.00439453125,-0.0003662109374999988,-0.0003662109374999997,-0.00036621093750000043,-0.0003662109374999993,-0.0003662109374999989,-0.00036621093749999957,-0.0003662109375000002,-0.0003662109374999989,-0.00036621093749999913,-0.000366210937500002,-0.0003662109374999986,-0.00036621093749999995]",0.000244140625,1.002447381302007,0.015636452479843636,1.0,0.9912109375,0,0.0,0.9912109375,0,0.999267578125,0.0002435445785522461,0.00011829099094029516
12,256,89,21717090,13,0,247,e808e641dbccb614575378aa6bc4a72ab0d5a0630f48fa4693b84aaffda08c57,"[-0.004394531249999997,-0.0003662109374999996,-0.0003662109375000009,-0.00036621093749999843,-0.0003662109374999981,-0.0003662109374999995,-0.00036621093749999935,-0.00036621093749999984,-0.0003662109375000013,-0.0003662109374999951,-0.00036621093750000173,-0.00036621093750000195,-0.00036621093749999973]",0.000244140625,1.002447381302007,0.015636452479843636,1.0,0.9912109375,0,0.0,0.9912109375,0,0.999267578125,0.0002435445785522461,0.00011925000580959022
12,256,90,21717091,13,0,247,b0c98f45dbda640d60ca2842332df38acf63cf7cf9d6884bcb4064bfeec2ffb1,"[-0.004394531250000002,-0.00036621093750000217,-0.00036621093749999886,-0.00036621093749999973,-0.00036621093750000027,-0.00036621093750000016,-0.0003662109375000003,-0.0003662109374999999,-0.0003662109374999986,-0.0003662109374999999,-0.00036621093750000136,-0.0003662109374999994,-0.00036621093750000087]",0.000244140625,1.002447381302007,0.015636452479843636,1.0,0.9912109375,0,0.0,0.9912109375,0,0.999267578125,0.0002435445785522461,0.0001204169966513291
12,256,91,21717092,13,0,253,b6753a28628fbca82cfa1b80b8a12ba266a4ffaa5f3d31a81dd529aa7fcf7769,"[-0.004394531249999995,-0.0003662109375000051,-0.0003662109374999938,-0.0003662109375000015,-0.00036621093749999816,-0.0003662109374999995,-0.000366210937499997,-0.0003662109374999976,-0.0003662109374999977,-0.0003662109374999945,-0.00036621093750000255,-0.0003662109374999965,-0.00036621093750000396]",0.000244140625,1.002447381302007,0.015636452479843636,1.0,0.9912109375,0,0.0,0.9912109375,0,0.999267578125,0.0002435445785522461,0.00011974999506492168
12,256,92,21717093,13,0,246,db186025d916efe9c22a3e37048005b2d0514e4d1e5cfc24eef33ed8b505c5ea,"[-0.00439453125,-0.0003662109375,-0.00036621093749999973,-0.0003662109375000008,-0.00036621093749999696,-0.00036621093749999897,-0.00036621093750000054,-0.00036621093749999767,-0.0003662109374999998,-0.0003662109375000024,-0.000366210937500003,-0.0003662109375000015,-0.00036621093750000043]",0.000244140625,1.002447381302007,0.015636452479843636,1.0,0.9912109375,0,0.0,0.9912109375,0,0.999267578125,0.0002435445785522461,0.00010933300654869527
12,256,93,21717094,13,0,254,b1bcd9f327933cb33f1c5e2d4284a7376cce64d1c49f367e54a93072396c1827,"[-0.004394531249999997,-0.00036621093749999973,-0.00036621093749999957,-0.00036621093750000125,-0.0003662109375,-0.0003662109374999988,-0.00036621093749999973,-0.0003662109374999979,-0.0003662109375000001,-0.00036621093749999957,-0.00036621093750000206,-0.00036621093749999924,-0.00036621093749999897]",0.000244140625,1.002447381302007,0.015636452479843636,1.0,0.9912109375,0,0.0,0.9912109375,0,0.999267578125,0.0002435445785522461,0.00011712500418070704
12,256,94,21717095,13,0,249,31b6d1ee95b1422534987237cc610dd48aff048f7b4800857a12c7ca720d19cb,"[-0.004394531250000001,-0.00036621093749999946,-0.00036621093749999984,-0.00036621093750000054,-0.00036621093750000087,-0.0003662109374999995,-0.0003662109374999994,-0.0003662109374999991,-0.00036621093749999875,-0.0003662109374999985,-0.0003662109375000002,-0.00036621093749999854,-0.0003662109374999997]",0.000244140625,1.002447381302007,0.015636452479843636,1.0,0.9912109375,0,0.0,0.9912109375,0,0.999267578125,0.0002435445785522461,0.00011966699094045907
12,256,95,21717096,13,0,250,0f8adbf5de70d10c3989736e66d44c7095b9b0967b227b8a497a2f97dc4e1f06,"[-0.004394531250000003,-0.00036621093749999913,-0.00036621093749999355,-0.0003662109375000009,-0.00036621093750000076,-0.00036621093750000054,-0.00036621093749999734,-0.00036621093750000136,-0.00036621093749999377,-0.00036621093749999593,-0.0003662109375000048,-0.0003662109374999983,-0.0003662109374999976]",0.000244140625,1.002447381302007,0.015636452479843636,1.0,0.9912109375,0,0.0,0.9912109375,0,0.999267578125,0.0002435445785522461,0.00011820899089798331
12,256,96,21717097,13,0,251,3308f572cb37c1aad38c7ce4f6eabbb07f84f8594f32c00760564b84cac99c00,"[-0.004394531250000001,-0.0003662109374999997,-0.0003662109375000011,-0.00036621093750000054,-0.00036621093749999973,-0.00036621093749999973,-0.00036621093750000065,-0.0003662109375000005,-0.00036621093750000027,-0.0003662109375000006,-0.00036621093749999913,-0.0003662109374999991,-0.0003662109374999994]",0.000244140625,1.002447381302007,0.015636452479843636,1.0,0.9912109375,0,0.0,0.9912109375,0,0.999267578125,0.0002435445785522461,0.00011779200576711446
12,256,97,21717098,13,0,247,4cc01923100a661081f489898a9aa45d37530c455a20b9629722aa80626375d1,"[-0.004394531250000001,-0.0003662109375,-0.00036621093749999854,-0.0003662109375000005,-0.00036621093749999935,-0.00036621093749999984,-0.0003662109374999993,-0.00036621093749999913,-0.0003662109374999996,-0.00036621093749999875,-0.00036621093750000016,-0.00036621093749999984,-0.0003662109374999992]",0.000244140625,1.002447381302007,0.015636452479843636,1.0,0.9912109375,0,0.0,0.9912109375,0,0.999267578125,0.0002435445785522461,0.00011891699978150427
12,256,98,21717099,13,1,249,33f47ec00a4d96a32f7bef1194b8645d302f241acb32fc84117a3a23f0e2583d,"[-0.001037823605796501,0.003327667108215482,0.0034592273159692695,0.004011201904485413,0.0022519123510997383,0.0027208046954754574,0.0017568698908225048,0.002503397576342543,0.002082885923555068,0.003828764484600778,0.003765294955452376,0.0025555792019151626,0.0030085600038899174]",0.0003715585776065999,1.5256286131078536,0.01928998318842981,0.9569765956939728,0.0,4095,0.9912109375,0.9912109375,1,0.999267578125,0.0002435445785522461,0.00011999999696854502
12,256,99,21717100,13,0,252,f5343dc4aa61209a89187cb970c71077cfab7e7ff2ac51171878589de945076b,"[-0.004394531249999998,-0.0003662109374999989,-0.00036621093749999886,-0.00036621093749999756,-0.0003662109374999998,-0.00036621093750000217,-0.0003662109374999988,-0.00036621093750000233,-0.0003662109375000025,-0.00036621093750000125,-0.0003662109375000002,-0.00036621093749999995,-0.00036621093750000347]",0.000244140625,1.002447381302007,0.015636452479843636,1.0,0.9912109375,0,0.0,0.9912109375,0,0.999267578125,0.0002435445785522461,0.0001168750022770837
12,1024,0,22485001,13,0,905,fdec2f4c4ef422d224cd931bf08ef4dae1344f07b7f67b9b69e427640395ee0b,"[-0.004394531249999999,-0.00036621093750000173,-0.0003662109375000014,-0.00036621093750000233,-0.0003662109374999993,-0.00036621093749999973,-0.0003662109374999998,-0.0003662109374999999,-0.0003662109375000005,-0.00036621093749999984,-0.0003662109375000009,-0.00036621093749999827,-0.00036621093749999875]",0.000244140625,1.002447381302007,0.015636452479843636,1.0,0.9912109375,0,0.0,0.9912109375,0,0.999267578125,0.0002435445785522461,0.00021262500376906246
12,1024,1,22485002,13,0,908,c8c89a4506a27085c593e9f8681b023343cb9fe99ed5aebf0fab8c8a812d35ae,"[-0.00439453125,-0.0003662109375000009,-0.00036621093750000054,-0.00036621093750000114,-0.0003662109374999991,-0.00036621093750000027,-0.00036621093749999973,-0.00036621093750000125,-0.0003662109374999994,-0.0003662109375000011,-0.000366210937499997,-0.00036621093750000054,-0.0003662109375000012]",0.000244140625,1.002447381302007,0.015636452479843636,1.0,0.9912109375,0,0.0,0.9912109375,0,0.999267578125,0.0002435445785522461,0.00019691600755322725
12,1024,2,22485003,13,0,905,7f435b9fb11c2f6a8d8e972f39318384334cbcf26ef97f90fe5cbfd6f2bb5a25,"[-0.004394531249999999,-0.0003662109374999996,-0.00036621093749999973,-0.00036621093750000065,-0.0003662109374999994,-0.0003662109374999993,-0.00036621093749999973,-0.000366210937500001,-0.0003662109375000015,-0.00036621093750000065,-0.0003662109374999975,-0.0003662109374999984,-0.00036621093749999935]",0.000244140625,1.002447381302007,0.015636452479843636,1.0,0.9912109375,0,0.0,0.9912109375,0,0.999267578125,0.0002435445785522461,0.00019520800560712814
12,1024,3,22485004,13,0,895,3d9f58fff102ac2411c1b12298abfdf0aeeab1b4727cf4e4dc50696f4a169454,"[-0.004394531250000012,-0.0003662109374999967,-0.0003662109375000071,-0.000366210937499983,-0.0003662109375000009,-0.00036621093750000737,-0.0003662109374999981,-0.00036621093749998856,-0.000366210937499993,-0.00036621093749998883,-0.000366210937500002,-0.0003662109375000025,-0.0003662109374999941]",0.000244140625,1.002447381302007,0.015636452479843636,1.0,0.9912109375,0,0.0,0.9912109375,0,0.999267578125,0.0002435445785522461,0.00019537500338628888
12,1024,4,22485005,13,0,921,f4e6504281d395c0813349f34920a541533619e97fc179257b46d868185aa5df,"[-0.004394531249999998,-0.0003662109375000014,-0.0003662109375,-0.0003662109375,-0.0003662109375000006,-0.00036621093749999973,-0.0003662109375000004,-0.00036621093749999984,-0.00036621093749999973,-0.0003662109375000002,-0.00036621093749999864,-0.0003662109375000015,-0.00036621093750000027]",0.000244140625,1.002447381302007,0.015636452479843636,1.0,0.9912109375,0,0.0,0.9912109375,0,0.999267578125,0.0002435445785522461,0.00019583399989642203
12,1024,5,22485006,13,0,913,f1d6436a4036d71c4b83b2692713f25459ce30c7ed5fd98adb819fcf2d772b8f,"[-0.004394531249999997,-0.0003662109375000001,-0.00036621093749999827,-0.0003662109374999992,-0.00036621093749999664,-0.0003662109374999994,-0.00036621093750000125,-0.0003662109374999991,-0.0003662109374999999,-0.0003662109374999993,-0.0003662109374999988,-0.00036621093750000114,-0.0003662109374999991]",0.000244140625,1.002447381302007,0.015636452479843636,1.0,0.9912109375,0,0.0,0.9912109375,0,0.999267578125,0.0002435445785522461,0.00019491699640639126
12,1024,6,22485007,13,1,907,92733946bdf971e28f6ff7285dee923d199d25daf4012f3c569e14d7aa304b28,"[-0.0033839093985253894,0.0008223757767416963,0.0007023630785149932,0.0006223747637891862,0.0006372570406961277,0.0007786424606017321,0.0006058662143451523,0.0005310390766294004,0.0005509152687053117,0.0006988780651108919,0.0007104692544852117,0.0008612436961604417,0.0008158029624642738]",0.0002520899310633266,1.035087426547856,0.01588897761073894,0.986257619240281,0.0,4095,0.9912109375,0.9912109375,1,0.999267578125,0.0002435445785522461,0.0001985830022022128
12,1024,7,22485008,13,0,925,bc237b9dafa2bcdb15627bdceb3dcce68a17b8773ee1b7a1a12be83dd6dcdf92,"[-0.004394531250000001,-0.0003662109375000018,-0.00036621093749999995,-0.0003662109374999999,-0.0003662109375000001,-0.00036621093750000087,-0.0003662109375000003,-0.0003662109374999997,-0.0003662109374999982,-0.0003662109374999995,-0.00036621093749999686,-0.00036621093749999995,-0.00036621093749999843]",0.000244140625,1.002447381302007,0.015636452479843636,1.0,0.9912109375,0,0.0,0.9912109375,0,0.999267578125,0.0002435445785522461,0.00021666700195055455
12,1024,8,22485009,13,0,915,ab5bbfc0d1623e67e1ec8ae1d63618dcddabf25e6681e21b67e741fd10312f0f,"[-0.004394531249999999,-0.00036621093749999854,-0.00036621093750000027,-0.0003662109375000002,-0.0003662109374999997,-0.000366210937499998,-0.0003662109374999998,-0.0003662109375,-0.00036621093749999995,-0.00036621093749999957,-0.00036621093749999924,-0.0003662109375000009,-0.0003662109375000004]",0.000244140625,1.002447381302007,0.015636452479843636,1.0,0.9912109375,0,0.0,0.9912109375,0,0.999267578125,0.0002435445785522461,0.00021087499044369906
12,1024,9,22485010,13,0,910,30d61fdd55425103791667ddebd4daafe61ca72a585046af1ffa17d7c977b353,"[-0.004394531249999996,-0.00036621093749999415,-0.0003662109374999996,-0.00036621093750000146,-0.0003662109375000025,-0.0003662109374999968,-0.0003662109375000031,-0.0003662109375000035,-0.00036621093750000087,-0.0003662109374999998,-0.00036621093750000304,-0.00036621093749999984,-0.000366210937499999]",0.000244140625,1.002447381302007,0.015636452479843636,1.0,0.9912109375,0,0.0,0.9912109375,0,0.999267578125,0.0002435445785522461,0.00020887500431854278
12,1024,10,22485011,13,0,912,cff78a7beee48746971c7a07d2b2ad503487c7034ee9be30b5b5f915cfd49994,"[-0.004394531250000001,-0.00036621093749999816,-0.00036621093750000136,-0.00036621093750000087,-0.0003662109374999991,-0.0003662109374999992,-0.00036621093749999946,-0.0003662109374999994,-0.00036621093749999913,-0.0003662109374999999,-0.00036621093750000043,-0.000366210937499998,-0.00036621093749999957]",0.000244140625,1.002447381302007,0.015636452479843636,1.0,0.9912109375,0,0.0,0.9912109375,0,0.999267578125,0.0002435445785522461,0.00021145799837540835
12,1024,11,22485012,13,4,915,9064f7d27e558066adb9e9677b3206aeafa83c55119d68f320f3da08dfeac6ad,"[-0.0008202363911508675,0.0037993127180129768,0.003128558312780451,0.003477202437939127,0.004003275798860409,0.003337989886024506,0.002835860792960885,0.0030566615388626173,0.0037363011333031355,0.003694195811400677,0.0033185476016034817,0.0038798163427297746,0.0036190241215241204]",0.00041249813056479787,1.6937274195011787,0.02032493641726448,0.9501444273951487,0.0,4095,0.9912109375,0.9912109375,1,0.999267578125,0.0002435445785522461,0.0002087079919874668
12,1024,12,22485013,13,0,891,d4150fc568496878f66b93c17662ab934fe3f0608bbb0ba7e029a445e752e429,"[-0.0043945312499999965,-0.00036621093749999946,-0.0003662109374999985,-0.0003662109374999997,-0.00036621093749999783,-0.00036621093749999957,-0.00036621093749999767,-0.0003662109375000022,-0.0003662109375000011,-0.0003662109374999974,-0.0003662109374999991,-0.00036621093749999843,-0.0003662109375000002]",0.000244140625,1.002447381302007,0.015636452479843636,1.0,0.9912109375,0,0.0,0.9912109375,0,0.999267578125,0.0002435445785522461,0.00021195899171289057
12,1024,13,22485014,13,1,894,39869b786fa288381853fb256390bcfca1b669f18e47fb186f68b8d74ca25ec0,"[-0.0033083145429626485,0.000630257986935304,0.0004896360076167952,0.0005654626293373122,0.0005693180784152871,0.0005469128806187453,0.0005422362501471726,0.0006933424933443531,0.0005895835796199067,0.0004172771215272887,0.00038373990372831134,0.0007391707330234648,0.0005751076431887003]",0.0002498004825890464,1.0256868950809277,0.01581666221640728,0.98777720673546,0.0,4095,0.9912109375,0.9912109375,1,0.999267578125,0.0002435445785522461,0.00021645799279212952
12,1024,14,22485015,13,1,901,4153750ff514a960c4916f8c40ca247318f4ea50e400cd4bd7a0bb9adc22e2b7,"[-0.0033951610747994763,0.000648172924314679,0.0006884398526041355,0.0005991198752061129,0.0008128762427537761,0.0007991094750968278,0.0007971063474768056,0.000550382644928002,0.0006894559013691915,0.0006133421484800473,0.0006199070837808256,0.0006533920449833841,0.0005457053971123952]",0.00025152343193068834,1.0327613672448497,0.015871114631198363,0.9865890886366933,0.0,4095,0.9912109375,0.9912109375,1,0.999267578125,0.0002435445785522461,0.00023062500986270607
12,1024,15,22485016,13,0,916,dc91bbfd892f460fced84e399359ba8074aeb7080ecf54489ff06f0e96daf722,"[-0.004394531249999996,-0.00036621093749999816,-0.00036621093749999946,-0.000366210937500001,-0.00036621093749999946,-0.00036621093750000125,-0.00036621093749999843,-0.0003662109374999996,-0.0003662109375000002,-0.00036621093749999924,-0.00036621093749999816,-0.0003662109375000005,-0.00036621093749999897]",0.000244140625,1.002447381302007,0.015636452479843636,1.0,0.9912109375,0,0.0,0.9912109375,0,0.999267578125,0.0002435445785522461,0.0002067909954348579
12,1024,16,22485017,13,0,908,9b9056429a71614b93afc3eb48ae55d2a50f358ad479d5ff8ba2c22c2053660d,"[-0.004394531250000001,-0.0003662109374999984,-0.00036621093749999973,-0.000366210937500001,-0.0003662109375000007,-0.00036621093749999935,-0.00036621093750000103,-0.0003662109375000001,-0.00036621093750000005,-0.0003662109375000005,-0.00036621093749999924,-0.000366210937500001,-0.0003662109375000002]",0.000244140625,1.002447381302007,0.015636452479843636,1.0,0.9912109375,0,0.0,0.9912109375,0,0.999267578125,0.0002435445785522461,0.000264583999523893
12,1024,17,22485018,13,0,907,2397db527a0b52ffa2e908222edc91d21783e3a819c98a69e2043e7e25e88373,"[-0.00439453125,-0.0003662109375000006,-0.0003662109374999992,-0.00036621093749999854,-0.0003662109375000018,-0.0003662109375000003,-0.0003662109374999992,-0.00036621093750000016,-0.00036621093749999913,-0.00036621093750000076,-0.00036621093749999707,-0.00036621093750000125,-0.0003662109375000025]",0.000244140625,1.002447381302007,0.015636452479843636,1.0,0.9912109375,0,0.0,0.9912109375,0,0.999267578125,0.0002435445785522461,0.00023191599757410586
12,1024,18,22485019,13,1,901,832f01862d409a35e12d9449fe2777417fdaf4b26a3b0ae8a0975a971f5f4c9c,"[-0.00349402518599467,0.0005028914239962388,0.0004172667092904441,0.000530483902962536,0.0005170556703793164,0.0005762733412060938,0.0007253860555988908,0.0005827569202910918,0.0006822352857317991,0.0005929691098119868,0.000640579636792551,0.0007352573585730498,0.0007254768086772039]",0.00025020816908546153,1.0273608658128512,0.01582956373429472,0.9874763304626835,0.0,4095,0.9912109375,0.9912109375,1,0.999267578125,0.0002435445785522461,0.0002178330032620579
12,1024,19,22485020,13,0,902,f3fba728193229d8a5a5e7e0df2a13a0c8482c2881df7e7ae62558ffb48b4bc3,"[-0.004394531249999999,-0.00036621093749999864,-0.00036621093750000016,-0.00036621093750000087,-0.0003662109375000014,-0.00036621093749999995,-0.0003662109375000003,-0.0003662109374999993,-0.0003662109375000004,-0.00036621093749999843,-0.00036621093750000087,-0.00036621093750000173,-0.0003662109374999997]",0.000244140625,1.002447381302007,0.015636452479843636,1.0,0.9912109375,0,0.0,0.9912109375,0,0.999267578125,0.0002435445785522461,0.00021483299497049302
12,1024,20,22485021,13,0,916,02165872ac726524c13d40e5d761fa83a6578b11e313663498b1fef6c599fa1a,"[-0.004394531250000004,-0.00036621093750000244,-0.00036621093749999946,-0.0003662109375000007,-0.00036621093750000114,-0.0003662109375000003,-0.0003662109374999996,-0.0003662109375000011,-0.0003662109374999992,-0.00036621093749999767,-0.00036621093750000054,-0.00036621093749999973,-0.000366210937500002]",0.000244140625,1.002447381302007,0.015636452479843636,1.0,0.9912109375,0,0.0,0.9912109375,0,0.999267578125,0.0002435445785522461,0.00021266599651426077
12,1024,21,22485022,13,1,930,d0fb3bb986415b53ef82266e478d2bb1b3f67869cade45170f52cb0bbb4936dd,"[-0.0033885070530902633,0.0005766457287102281,0.0005787810239403394,0.000746145147304572,0.0007438291252382567,0.000634573002428963,0.0005814027440192928,0.0003944520952940018,0.0006234907387567864,0.0006851647336104476,0.0004008274630284681,0.0006364180251691388,0.0007130811592879866]",0.00025051708098673074,1.028629265639715,0.015839332464616725,0.9872846335663018,0.0,4095,0.9912109375,0.9912109375,1,0.999267578125,0.0002435445785522461,0.00022270801127888262
12,1024,22,22485023,13,1,885,f25b144c5b328b7a8cde4204e1d0d29b796e9c28421587225d1eb62fd08f1927,"[-0.003463228385462592,0.0006916092055556475,0.0008790303796733883,0.000727760163693249,0.0006702652212078326,0.0007701437881039886,0.000789563177400584,0.0007770515298632841,0.0007569007105500333,0.0006672399151516281,0.0007380480912158343,0.0007138235885846598,0.000766083934388865]",0.00025291072360360685,1.03845762080617,0.015914823458332162,0.9857266461800736,0.0,4095,0.9912109375,0.9912109375,1,0.999267578125,0.0002435445785522461,0.0002047079906333238
12,1024,23,22485024,13,1,919,9d5dc985b3b0c1f3b3d7115c70d1c5ddc181249c1222825561da631f24d64cbc,"[-0.0032489248167091997,0.0008783175280364548,0.0009147876356299753,0.0006659137353310363,0.0005361470252078899,0.0009331882501809259,0.0007013158604822685,0.0008449216402634166,0.0004207748140690834,0.0007083158794708168,0.0006042269797356278,0.0006946578085525435,0.0006512433925456615]",0.0002528118219675991,1.0380515282682221,0.015911711379958726,0.9859060517672035,0.0,4095,0.9912109375,0.9912109375,1,0.999267578125,0.0002435445785522461,0.0001999160012928769
12,1024,24,22485025,13,0,925,02e217b71b0b29c9a89eb87a40fd8e227f7a3eaee7fcb4776cd76c9e2094a136,"[-0.00439453125,-0.000366210937499999,-0.0003662109374999987,-0.00036621093749999734,-0.0003662109375000003,-0.0003662109374999989,-0.00036621093750000087,-0.0003662109375000015,-0.00036621093750000114,-0.0003662109375000002,-0.0003662109374999998,-0.00036621093750000173,-0.00036621093749999957]",0.000244140625,1.002447381302007,0.015636452479843636,1.0,0.9912109375,0,0.0,0.9912109375,0,0.999267578125,0.0002435445785522461,0.00019554200116544962
12,1024,25,22485026,13,0,914,e3293d4925074d0f2c230eb235551b259cb5a51bd86bd5958d5d607ea182993f,"[-0.0043945312499999965,-0.0003662109374999986,-0.00036621093750000184,-0.00036621093750000076,-0.0003662109374999996,-0.0003662109375000005,-0.0003662109374999992,-0.0003662109374999994,-0.00036621093749999946,-0.0003662109374999998,-0.0003662109374999995,-0.0003662109375000001,-0.00036621093749999995]",0.000244140625,1.002447381302007,0.015636452479843636,1.0,0.9912109375,0,0.0,0.9912109375,0,0.999267578125,0.0002435445785522461,0.00019562500528991222
12,1024,26,22485027,13,0,906,e70c94ce54142e54ca4aa14c613729a7ab29e47c6735ce68467a7fb01aa7176a,"[-0.004394531249999999,-0.0003662109374999992,-0.00036621093749999827,-0.0003662109374999989,-0.0003662109375000021,-0.0003662109374999986,-0.0003662109374999989,-0.00036621093750000146,-0.00036621093749999973,-0.0003662109374999996,-0.0003662109374999991,-0.00036621093750000043,-0.00036621093749999946]",0.000244140625,1.002447381302007,0.015636452479843636,1.0,0.9912109375,0,0.0,0.9912109375,0,0.999267578125,0.0002435445785522461,0.000195999993593432
12,1024,27,22485028,13,0,904,ddd260624c54b54af357d53d4d2a690b00149268b87f90357232a4a0260586c6,"[-0.004394531249999997,-0.0003662109375000005,-0.0003662109375000049,-0.0003662109375000033,-0.00036621093750000385,-0.0003662109375000058,-0.00036621093750000103,-0.00036621093750000526,-0.0003662109375000002,-0.0003662109374999966,-0.000366210937499997,-0.000366210937500001,-0.000366210937500002]",0.000244140625,1.002447381302007,0.015636452479843636,1.0,0.9912109375,0,0.0,0.9912109375,0,0.999267578125,0.0002435445785522461,0.0001936250046128407
12,1024,28,22485029,13,0,908,7abfcaf4b89f62946bef7570fb45513df84ed30b6b035523bd3ecdf037203a55,"[-0.004394531249999999,-0.0003662109374999982,-0.0003662109375000004,-0.00036621093749999973,-0.0003662109375000023,-0.0003662109374999997,-0.00036621093750000016,-0.0003662109374999997,-0.0003662109375000009,-0.00036621093749999897,-0.0003662109374999996,-0.00036621093749999946,-0.00036621093749999913]",0.000244140625,1.002447381302007,0.015636452479843636,1.0,0.9912109375,0,0.0,0.9912109375,0,0.999267578125,0.0002435445785522461,0.00019566698756534606
12,1024,29,22485030,13,2,891,34240fedd9ca857e42e59e06fcd06a88aacfa279f241e87db9e6bcff9663cc2b,"[-0.0026978188135873362,0.0015693930712050855,0.001840567214900084,0.0016000258767137493,0.0017300699915422228,0.0014903093990387207,0.0014317752461766998,0.001449839573497942,0.0018928284006204936,0.0014215682367891775,0.0016421042815951967,0.001326776044035825,0.0015934484355427595]",0.00028066697709563644,1.1524254769458016,0.016765397773058244,0.9749200505419294,0.0,4095,0.9912109375,0.9912109375,1,0.999267578125,0.0002435445785522461,0.0001951669983100146
12,1024,30,22485031,13,0,895,ea188d0ba41ced5c96458a221143faaad6c189a29602afbc10d0774c199e47ca,"[-0.004394531250000004,-0.00036621093750000125,-0.00036621093750000016,-0.0003662109374999973,-0.00036621093750000016,-0.00036621093749999864,-0.0003662109375000004,-0.0003662109374999995,-0.00036621093750000005,-0.00036621093749999984,-0.00036621093750000065,-0.0003662109374999984,-0.00036621093750000114]",0.000244140625,1.002447381302007,0.015636452479843636,1.0,0.9912109375,0,0.0,0.9912109375,0,0.999267578125,0.0002435445785522461,0.00019337498815730214
12,1024,31,22485032,13,1,910,54ee80cf323f3bef9b7554220f4343db9dc9f42633ef6d76f34c5c2ae12f9d75,"[-0.0033107822893256858,0.0007292664478541964,0.0005500796706299038,0.0005672694921333609,0.0007591730764220156,0.0005820951132627954,0.0007730136752961103,0.0006822520031052214,0.0005223312343007139,0.0005216811471475966,0.0005882672644934371,0.0005084544678750663,0.0006583858983493672]",0.0002507839267751324,1.0297249409776261,0.015847766089588457,0.9870794502984559,0.0,4095,0.9912109375,0.9912109375,1,0.999267578125,0.0002435445785522461,0.0001967089920071885
12,1024,32,22485033,13,0,913,98522c69de504681fb39a919dc7c2bd8a30b5145a7a88bd37b370f17ba52d491,"[-0.004394531249999999,-0.0003662109375000034,-0.00036621093750000266,-0.0003662109374999934,-0.0003662109374999969,-0.0003662109375000015,-0.0003662109374999978,-0.0003662109375000049,-0.0003662109374999996,-0.0003662109374999996,-0.0003662109374999956,-0.0003662109374999974,-0.0003662109375000001]",0.000244140625,1.002447381302007,0.015636452479843636,1.0,0.9912109375,0,0.0,0.9912109375,0,0.999267578125,0.0002435445785522461,0.00019262501155026257
12,1024,33,22485034,13,1,904,51f4e23129d3458ce075070d94111cb568ad33d8e55014c1210588377a5e1514,"[-0.0035054349922065105,0.0007112537957280003,0.0006277192111119448,0.00042114648916911224,0.000709184165095993,0.0006043824168939086,0.0006923744065953462,0.0005553857893038295,0.0005553904133114764,0.0005288032748272925,0.0005297659565269264,0.0005817166979622107,0.0007149345696608333]",0.00025017778813595323,1.0272361208906327,0.015828602670997387,0.9874843153060197,0.0,4095,0.9912109375,0.9912109375,1,0.999267578125,0.0002435445785522461,0.0002027080045081675
12,1024,34,22485035,13,0,919,8a73fb0f02357e85ba87c976c34f468c66e5e01f36846bb8b0d0f74eb9834974,"[-0.004394531250000001,-0.0003662109374999971,-0.0003662109375000002,-0.0003662109375000009,-0.00036621093750000065,-0.00036621093749999984,-0.0003662109374999992,-0.00036621093749999973,-0.0003662109374999987,-0.00036621093750000043,-0.0003662109375000013,-0.0003662109374999992,-0.00036621093750000005]",0.000244140625,1.002447381302007,0.015636452479843636,1.0,0.9912109375,0,0.0,0.9912109375,0,0.999267578125,0.0002435445785522461,0.00019150000298395753
12,1024,35,22485036,13,0,913,ff272379b6bfa0f459495e5bb24a0c8ba3a1336f213f9242e0abf254d7dbf0ca,"[-0.004394531250000001,-0.00036621093749999935,-0.00036621093749999794,-0.0003662109375000004,-0.0003662109374999995,-0.0003662109374999988,-0.0003662109374999993,-0.0003662109374999989,-0.0003662109374999972,-0.00036621093750000005,-0.0003662109375000007,-0.00036621093750000244,-0.00036621093749999843]",0.000244140625,1.002447381302007,0.015636452479843636,1.0,0.9912109375,0,0.0,0.9912109375,0,0.999267578125,0.0002435445785522461,0.00018845900194719434
12,1024,36,22485037,13,0,910,0ea9f987cdd53b4460c167c46499c4d3412fff5079a28711dabca73957d4e135,"[-0.004394531250000001,-0.0003662109374999998,-0.00036621093749999995,-0.000366210937499999,-0.0003662109374999999,-0.00036621093750000125,-0.0003662109375000012,-0.0003662109374999993,-0.0003662109375000023,-0.00036621093749999957,-0.0003662109375000006,-0.0003662109375000003,-0.0003662109375000001]",0.000244140625,1.002447381302007,0.015636452479843636,1.0,0.9912109375,0,0.0,0.9912109375,0,0.999267578125,0.0002435445785522461,0.00018825000734068453
12,1024,37,22485038,13,0,912,b72cc22e63022c0a4d2e28e9d31a1b4c5cce7cf9d5b3a8893da922aaaa531c8b,"[-0.004394531249999999,-0.0003662109374999993,-0.0003662109375000004,-0.0003662109375000016,-0.0003662109375000001,-0.0003662109374999997,-0.0003662109375000002,-0.0003662109375000005,-0.00036621093749999946,-0.00036621093749999973,-0.0003662109374999998,-0.0003662109375000003,-0.00036621093749999984]",0.000244140625,1.002447381302007,0.015636452479843636,1.0,0.9912109375,0,0.0,0.9912109375,0,0.999267578125,0.0002435445785522461,0.0001936250046128407
12,1024,38,22485039,13,0,920,8e2be4810b0b1d462c2d7357fa2d97960b220cf0f82155ed6774f846e516bb2a,"[-0.004394531249999999,-0.00036621093750000255,-0.0003662109374999999,-0.00036621093750000103,-0.00036621093749999805,-0.0003662109375000013,-0.00036621093750000065,-0.0003662109375000021,-0.00036621093750000087,-0.0003662109374999999,-0.0003662109375000013,-0.00036621093750000087,-0.00036621093750000027]",0.000244140625,1.002447381302007,0.015636452479843636,1.0,0.9912109375,0,0.0,0.9912109375,0,0.999267578125,0.0002435445785522461,0.00019462499767541885
12,1024,39,22485040,13,2,916,fb528381f69af092687ae518a4a83c8aed27d05af81d83aebb6b7dfa1e57c57b,"[-0.0026253064563075733,0.0016685366000730995,0.0015468246464207583,0.0015348160473802868,0.001751925032868116,0.001919522649806932,0.0018968774451534208,0.0016415250909546904,0.0018802696216987564,0.001500918788743688,0.001230524076276642,0.0020411061611129784,0.0020003910517616364]",0.00028695192653593107,1.1782316331643288,0.016952071511248504,0.9732230067440566,0.0,4095,0.9912109375,0.9912109375,1,0.999267578125,0.0002435445785522461,0.00024449999909847975
12,1024,40,22485041,13,0,913,c15eb2d8cc7c9e65352b77ea23cb1848ac678eb7d54aff901d17c0ceddd1abdb,"[-0.004394531250000001,-0.00036621093749999973,-0.00036621093750000065,-0.0003662109375000019,-0.0003662109375000055,-0.0003662109374999997,-0.0003662109374999993,-0.00036621093750000276,-0.0003662109375000025,-0.00036621093749999664,-0.00036621093749999843,-0.0003662109375000026,-0.0003662109374999983]",0.000244140625,1.002447381302007,0.015636452479843636,1.0,0.9912109375,0,0.0,0.9912109375,0,0.999267578125,0.0002435445785522461,0.00023891600721981376
12,1024,41,22485042,13,1,917,3bab8782a3e868c7adbbe524c95a4b9068a369af5261cb3943e68a677a3a89db,"[-0.0033943871020747154,0.0005412994097334932,0.0005254262223783942,0.0007457322571650944,0.0006190852526244547,0.0005847934050335334,0.000574234330212454,0.0005482628878178877,0.0005491069164861123,0.0004549226365776051,0.0007481414289305331,0.0007409874376122966,0.0005508279590824593]",0.0002502711820122059,1.0276195984322303,0.015831556883340384,0.9874225044584204,0.0,4095,0.9912109375,0.9912109375,1,0.999267578125,0.0002435445785522461,0.00023254199186339974
12,1024,42,22485043,13,0,896,ec962c7bd70f4e5afc6ba754e2543125f9b3959ac21d5428efdbc182020dfea3,"[-0.00439453125,-0.0003662109375,-0.000366210937499998,-0.0003662109374999997,-0.0003662109374999997,-0.0003662109374999999,-0.00036621093750000125,-0.0003662109375000009,-0.0003662109374999993,-0.00036621093750000054,-0.0003662109374999991,-0.0003662109374999995,-0.00036621093749999957]",0.000244140625,1.002447381302007,0.015636452479843636,1.0,0.9912109375,0,0.0,0.9912109375,0,0.999267578125,0.0002435445785522461,0.00019925000378862023
12,1024,43,22485044,13,0,905,c3832ddc190c6cd4f7b6be61db32f1895abdae83646b1544f5bf309ebf64e026,"[-0.004394531249999997,-0.00036621093750000347,-0.0003662109374999983,-0.0003662109374999999,-0.000366210937499999,-0.00036621093749999984,-0.0003662109374999991,-0.0003662109374999994,-0.0003662109374999991,-0.0003662109375000008,-0.00036621093749999935,-0.0003662109374999997,-0.0003662109374999998]",0.000244140625,1.002447381302007,0.015636452479843636,1.0,0.9912109375,0,0.0,0.9912109375,0,0.999267578125,0.0002435445785522461,0.00019620799866970628
12,1024,44,22485045,13,0,894,1a225f0db039016d3a57db230bf855eb70abbeaaa7fe4b546a340bde99cbeb81,"[-0.00439453125,-0.00036621093749999957,-0.00036621093750000206,-0.00036621093750000087,-0.0003662109374999989,-0.0003662109374999994,-0.0003662109375000001,-0.0003662109375000005,-0.00036621093750000076,-0.0003662109374999989,-0.0003662109375000005,-0.00036621093749999995,-0.0003662109374999998]",0.000244140625,1.002447381302007,0.015636452479843636,1.0,0.9912109375,0,0.0,0.9912109375,0,0.999267578125,0.0002435445785522461,0.00019491699640639126
12,1024,45,22485046,13,0,901,00179f6729f7d5df1b4f4c406d2307e5737b26fef4c1bb25c490a429873e6e91,"[-0.004394531249999998,-0.00036621093749999805,-0.0003662109375000002,-0.0003662109374999986,-0.00036621093750000206,-0.0003662109374999995,-0.0003662109374999997,-0.0003662109374999986,-0.0003662109375000027,-0.0003662109374999976,-0.00036621093750000266,-0.0003662109374999991,-0.0003662109375000017]",0.000244140625,1.002447381302007,0.015636452479843636,1.0,0.9912109375,0,0.0,0.9912109375,0,0.999267578125,0.0002435445785522461,0.00019550000433810055
12,1024,46,22485047,13,0,904,04e15c4003c1af6fec7376214c53eea0fbc82d28b1b4ce832330f9dbe8a4fd9f,"[-0.0043945312500000035,-0.0003662109375000001,-0.0003662109374999985,-0.0003662109374999987,-0.0003662109375000028,-0.00036621093750000217,-0.00036621093750000027,-0.00036621093750000087,-0.00036621093749999767,-0.00036621093749999816,-0.0003662109375000015,-0.00036621093750000076,-0.0003662109375000039]",0.000244140625,1.002447381302007,0.015636452479843636,1.0,0.9912109375,0,0.0,0.9912109375,0,0.999267578125,0.0002435445785522461,0.0001947919954545796
12,1024,47,22485048,13,1,910,24e9abaf097cdfdc5fe64f3595d0b00dac155d1bca479a49bf8d9a2707737508,"[-0.0034638604561922247,0.0007273087218813018,0.0005775844020032358,0.0008426830935188761,0.0007484936651127707,0.0005275083227191688,0.0007700608303943115,0.0007189865371717919,0.0005990118714575902,0.0006558417543609237,0.0005218129803779893,0.0007340821358260337,0.0005419688043102196]",0.00025137554488961826,1.0321541394348561,0.01586644811310741,0.986709454837058,0.0,4095,0.9912109375,0.9912109375,1,0.999267578125,0.0002435445785522461,0.0001940829970408231
12,1024,48,22485049,13,0,903,acbde434efe4d5c2a4fc1e86e4bc75cbd8d57627a5c9ecc5ef7393d136fa62d7,"[-0.004394531250000004,-0.00036621093750000016,-0.0003662109375000019,-0.00036621093750000076,-0.00036621093750000157,-0.0003662109374999989,-0.00036621093749999843,-0.000366210937500002,-0.00036621093749999875,-0.0003662109375000023,-0.00036621093750000233,-0.00036621093750000136,-0.00036621093750000114]",0.000244140625,1.002447381302007,0.015636452479843636,1.0,0.9912109375,0,0.0,0.9912109375,0,0.999267578125,0.0002435445785522461,0.00019425000937189907
12,1024,49,22485050,13,0,907,5d71f16168d6a6e60cbc98aaaa4b322152572d3609389c024b1e4ea01cb9441e,"[-0.00439453125,-0.0003662109374999992,-0.0003662109375000077,-0.0003662109374999981,-0.00036621093749999734,-0.0003662109374999996,-0.0003662109375000023,-0.0003662109375000025,-0.00036621093749999913,-0.0003662109374999986,-0.0003662109374999984,-0.00036621093750000027,-0.00036621093750000304]",0.000244140625,1.002447381302007,0.015636452479843636,1.0,0.9912109375,0,0.0,0.9912109375,0,0.999267578125,0.0002435445785522461,0.0001948749995790422
12,1024,50,22485051,13,0,899,9571a3c4f16de45a82ee794967de49b55d3fd8e332ebd7524ad853f6295d8858,"[-0.00439453125,-0.0003662109375000016,-0.0003662109374999977,-0.0003662109375000001,-0.00036621093749999854,-0.00036621093750000233,-0.00036621093750000184,-0.00036621093750000103,-0.00036621093749999886,-0.0003662109374999996,-0.0003662109375000016,-0.0003662109374999994,-0.0003662109375000012]",0.000244140625,1.002447381302007,0.015636452479843636,1.0,0.9912109375,0,0.0,0.9912109375,0,0.999267578125,0.0002435445785522461,0.00019462499767541885
12,1024,51,22485052,13,0,907,791f3414fc2f55872032e15a6812947c2954624731987a9a8fa11a1ec20c9fb6,"[-0.004394531249999998,-0.00036621093749999924,-0.0003662109374999988,-0.0003662109374999997,-0.0003662109375000007,-0.0003662109374999998,-0.0003662109375000004,-0.00036621093749999946,-0.00036621093750000146,-0.00036621093750000125,-0.0003662109375000003,-0.000366210937500002,-0.00036621093750000114]",0.000244140625,1.002447381302007,0.015636452479843636,1.0,0.9912109375,0,0.0,0.9912109375,0,0.999267578125,0.0002435445785522461,0.00019383399921935052
12,1024,52,22485053,13,1,904,7b1fdde9c49d750d87546f6b58cb9e9d88ad2a7f8cf11b22777a37faea90bb56,"[-0.003297873937633384,0.0007158805490415811,0.0005310637518563231,0.0005835218088747973,0.0006203865880690444,0.0007611963727053704,0.0006891670522226873,0.0005257034518058479,0.0007438570800560748,0.0006522035325847445,0.0007105355766602747,0.0006102680079774516,0.0007705371565275442]",0.00025150390482475617,1.0326811884699894,0.015870498539588832,0.9865944905092516,0.0,4095,0.9912109375,0.9912109375,1,0.999267578125,0.0002435445785522461,0.00019508300465531647
12,1024,53,22485054,13,0,909,03f52c8b0766149e2078638e40b0c025b1aa41551f3849daa8aa011e28be6217,"[-0.004394531249999998,-0.00036621093750000434,-0.00036621093749999393,-0.00036621093750000184,-0.0003662109374999983,-0.000366210937500005,-0.0003662109374999976,-0.00036621093750000526,-0.0003662109374999994,-0.00036621093750000325,-0.00036621093749999756,-0.00036621093749999734,-0.00036621093749999664]",0.000244140625,1.002447381302007,0.015636452479843636,1.0,0.9912109375,0,0.0,0.9912109375,0,0.999267578125,0.0002435445785522461,0.00019408400112297386
12,1024,54,22485055,13,0,912,7e2c3b6ba471d388ce3dfa003d7a3b7512344c401a1bca8e9a4f0725289d4888,"[-0.004394531250000003,-0.0003662109374999977,-0.0003662109375000004,-0.00036621093749999864,-0.0003662109374999983,-0.0003662109374999985,-0.0003662109375,-0.00036621093750000347,-0.0003662109374999975,-0.00036621093750000407,-0.0003662109375000013,-0.0003662109375000007,-0.0003662109375000058]",0.000244140625,1.002447381302007,0.015636452479843636,1.0,0.9912109375,0,0.0,0.9912109375,0,0.999267578125,0.0002435445785522461,0.0001941250084200874
12,1024,55,22485056,13,0,907,b2a6e8331ee7f2256827ec50ca0bbbe8fedba9d0b19b67eee2109e4c8893eb95,"[-0.004394531250000001,-0.0003662109375000004,-0.0003662109375000001,-0.0003662109375000001,-0.00036621093749999935,-0.00036621093749999984,-0.00036621093749999973,-0.0003662109374999997,-0.0003662109374999962,-0.0003662109375000017,-0.0003662109374999978,-0.00036621093749999973,-0.0003662109375000002]",0.000244140625,1.002447381302007,0.015636452479843636,1.0,0.9912109375,0,0.0,0.9912109375,0,0.999267578125,0.0002435445785522461,0.00019891701231244951
12,1024,56,22485057,13,0,897,1a4fcfb8223c5fc4f12fac810f5dbbd81d46706390396b2f78d2b9a39d05c6b3,"[-0.004394531250000006,-0.000366210937500002,-0.00036621093749999984,-0.00036621093749999843,-0.0003662109375000012,-0.000366210937500004,-0.00036621093750000027,-0.00036621093750000027,-0.00036621093749999707,-0.00036621093750000054,-0.0003662109375000007,-0.00036621093749999946,-0.00036621093749999734]",0.000244140625,1.002447381302007,0.015636452479843636,1.0,0.9912109375,0,0.0,0.9912109375,0,0.999267578125,0.0002435445785522461,0.00019999999494757503
12,1024,57,22485058,13,0,906,36293050ae7917c8fc9b762f903fffc471baeface14cd80313a5524a319158e7,"[-0.004394531249999999,-0.0003662109374999998,-0.00036621093749999897,-0.00036621093750000076,-0.0003662109374999992,-0.0003662109375000014,-0.0003662109374999997,-0.0003662109375000004,-0.0003662109375,-0.00036621093750000103,-0.0003662109374999999,-0.00036621093750000103,-0.0003662109375000002]",0.000244140625,1.002447381302007,0.015636452479843636,1.0,0.9912109375,0,0.0,0.9912109375,0,0.999267578125,0.0002435445785522461,0.00019424999481998384
12,1024,58,22485059,13,0,894,4ad017a4e6e1ceb8325699b2ef06a56ba57663fdd94960f3a4761b969cf6ea36,"[-0.004394531249999999,-0.0003662109375000004,-0.000366210937499999,-0.0003662109374999977,-0.0003662109374999989,-0.0003662109375000003,-0.00036621093750000125,-0.00036621093749999843,-0.00036621093750000054,-0.0003662109374999983,-0.00036621093749999816,-0.0003662109374999984,-0.0003662109374999992]",0.000244140625,1.002447381302007,0.015636452479843636,1.0,0.9912109375,0,0.0,0.9912109375,0,0.999267578125,0.0002435445785522461,0.00019312500080559403
12,1024,59,22485060,13,0,905,f391d747bd4fcacf8972addaf84fc1c85223bddb5a634d0da99e7174ac569950,"[-0.004394531250000001,-0.00036621093749999897,-0.00036621093749999973,-0.00036621093750000043,-0.0003662109375000012,-0.0003662109375000013,-0.0003662109375000017,-0.0003662109375,-0.0003662109374999996,-0.0003662109374999995,-0.00036621093750000016,-0.000366210937499999,-0.00036621093749999886]",0.000244140625,1.002447381302007,0.015636452479843636,1.0,0.9912109375,0,0.0,0.9912109375,0,0.999267578125,0.0002435445785522461,0.00020016699272673577
12,1024,60,22485061,13,0,908,5996ff08922bcad4c23e34e4717e95490cca9a5063cb0849c4a75adafbf879ae,"[-0.00439453125,-0.0003662109374999992,-0.0003662109374999996,-0.0003662109374999997,-0.00036621093750000016,-0.00036621093750000103,-0.0003662109374999994,-0.0003662109375000002,-0.00036621093749999913,-0.00036621093749999957,-0.00036621093749999995,-0.00036621093750000157,-0.0003662109374999991]",0.000244140625,1.002447381302007,0.015636452479843636,1.0,0.9912109375,0,0.0,0.9912109375,0,0.999267578125,0.0002435445785522461,0.00021254199964459985
12,1024,61,22485062,13,0,910,a49c787c13543d3b39a31b74b748b3a621012c6e017fa2777c705de1b6e144d0,"[-0.004394531249999999,-0.00036621093749999843,-0.00036621093749999805,-0.00036621093750000005,-0.00036621093749999935,-0.00036621093750000125,-0.00036621093749999946,-0.00036621093749999875,-0.0003662109374999993,-0.00036621093749999854,-0.00036621093750000114,-0.0003662109375000007,-0.00036621093749999827]",0.000244140625,1.002447381302007,0.015636452479843636,1.0,0.9912109375,0,0.0,0.9912109375,0,0.999267578125,0.0002435445785522461,0.00021537499560508877
12,1024,62,22485063,13,0,899,647f4ba7e50dca3fe05314697b620bb0355d17a195ba3c42f8254bc19ca2810c,"[-0.00439453125,-0.00036621093750000114,-0.00036621093749999707,-0.0003662109374999996,-0.000366210937500003,-0.00036621093749999957,-0.0003662109374999992,-0.0003662109374999996,-0.0003662109374999989,-0.0003662109375000009,-0.00036621093750000103,-0.0003662109374999996,-0.0003662109375000009]",0.000244140625,1.002447381302007,0.015636452479843636,1.0,0.9912109375,0,0.0,0.9912109375,0,0.999267578125,0.0002435445785522461,0.00020937499357387424
12,1024,63,22485064,13,0,910,b65b28710a8c1da74a4e22becff1f6cd7ddbd008a0765d3d79a8b4544215215a,"[-0.004394531249999997,-0.00036621093750000233,-0.0003662109374999909,-0.0003662109375000015,-0.0003662109375000005,-0.0003662109374999994,-0.0003662109374999965,-0.0003662109375000107,-0.0003662109374999987,-0.00036621093750000423,-0.0003662109374999986,-0.0003662109374999964,-0.00036621093750000987]",0.000244140625,1.002447381302007,0.015636452479843636,1.0,0.9912109375,0,0.0,0.9912109375,0,0.999267578125,0.0002435445785522461,0.0002165829937439412
12,1024,64,22485065,13,2,896,9fc647ec38e842a388b9e8f806c145c4b3d8b4a54484154285fed4f90e175881,"[-0.0022464848093450523,0.001450337794985953,0.0018786216219732331,0.0014577506133779828,0.002131678546476618,0.0012622144335013663,0.0017710985392787734,0.0014710146972440963,0.0016621269270395583,0.0015305658972444125,0.001496630758542334,0.001874772395857725,0.0015359561997566585]",0.00028435052003676755,1.1675501944124271,0.01687505576816463,0.9739346538840663,0.0,4095,0.9912109375,0.9912109375,1,0.999267578125,0.0002435445785522461,0.0002122919977409765
12,1024,65,22485066,13,0,903,d1351dea6ee1224c4c61300ee4a98d118bf1cc3e519c551f272804e86a456af0,"[-0.00439453125,-0.0003662109374999991,-0.0003662109374999994,-0.00036621093750000114,-0.00036621093749999843,-0.00036621093750000076,-0.00036621093750000076,-0.0003662109374999999,-0.00036621093750000027,-0.0003662109375000009,-0.00036621093750000016,-0.0003662109374999992,-0.0003662109375]",0.000244140625,1.002447381302007,0.015636452479843636,1.0,0.9912109375,0,0.0,0.9912109375,0,0.999267578125,0.0002435445785522461,0.0002162080054404214
12,1024,66,22485067,13,0,900,d8e4933d61116d65b143a7fa23b87579e83b5b5da697b5078365a248b6a5f75a,"[-0.00439453125,-0.0003662109375000034,-0.00036621093750000054,-0.00036621093749999734,-0.0003662109375000057,-0.00036621093750000217,-0.0003662109374999989,-0.00036621093750000206,-0.00036621093749999843,-0.00036621093749999637,-0.00036621093749999745,-0.00036621093749999875,-0.0003662109374999946]",0.000244140625,1.002447381302007,0.015636452479843636,1.0,0.9912109375,0,0.0,0.9912109375,0,0.999267578125,0.0002435445785522461,0.00021183298667892814
12,1024,67,22485068,13,1,903,c05cdef73b06d8d34f6e76587593b1d92e152832d9fb40e9cbba8cf8586f12ac,"[-0.003223354225535816,0.0006013282625040242,0.0007972178319255927,0.0006302405360519777,0.0005744639049734457,0.0005653720962977784,0.0006531669633971271,0.0005907187986100273,0.0007251265779580122,0.0004757319113200651,0.0007701127107987677,0.0006681525554556516,0.0006775438736819873]",0.0002513612626847342,1.0320954963520619,0.015865997371008227,0.9867051157025614,0.0,4095,0.9912109375,0.9912109375,1,0.999267578125,0.0002435445785522461,0.00021241699869278818
12,1024,68,22485069,13,0,887,98160d711413486af79010144e4481975ed962567df9692f744ab6547971e76f,"[-0.004394531250000002,-0.0003662109375000001,-0.00036621093749999783,-0.00036621093749999995,-0.00036621093749999957,-0.00036621093749999924,-0.0003662109375000006,-0.00036621093750000005,-0.0003662109375000005,-0.0003662109374999981,-0.00036621093749999864,-0.00036621093750000125,-0.0003662109374999994]",0.000244140625,1.002447381302007,0.015636452479843636,1.0,0.9912109375,0,0.0,0.9912109375,0,0.999267578125,0.0002435445785522461,0.00021475000539794564
12,1024,69,22485070,13,0,910,aacc4b53fe8cc92e2e67254116a1a07fa301d695189a97f463d204261c77186d,"[-0.004394531249999997,-0.0003662109374999972,-0.0003662109374999971,-0.0003662109374999986,-0.00036621093749999924,-0.00036621093749999875,-0.00036621093749999924,-0.0003662109374999978,-0.00036621093750000005,-0.00036621093750000304,-0.00036621093750000266,-0.0003662109375000035,-0.0003662109375000016]",0.000244140625,1.002447381302007,0.015636452479843636,1.0,0.9912109375,0,0.0,0.9912109375,0,0.999267578125,0.0002435445785522461,0.00021212499996181577
12,1024,70,22485071,13,0,911,50a17aefa9fa1cda2c1762a074cca3b2e1a135690756e4dbe44bceb9ddaba894,"[-0.004394531250000003,-0.0003662109375000025,-0.00036621093749999984,-0.00036621093750000087,-0.000366210937500001,-0.00036621093749999984,-0.00036621093750000103,-0.00036621093749999805,-0.0003662109375000006,-0.0003662109374999982,-0.0003662109375000014,-0.0003662109374999994,-0.00036621093750000027]",0.000244140625,1.002447381302007,0.015636452479843636,1.0,0.9912109375,0,0.0,0.9912109375,0,0.999267578125,0.0002435445785522461,0.00021016699611209333
12,1024,71,22485072,13,0,907,5fb20fe40c4fe3342d90c1ed065ae9d7284738d3b79dd663ab52afef5924e7f1,"[-0.004394531250000001,-0.00036621093750000016,-0.0003662109375000013,-0.000366210937500001,-0.00036621093750000114,-0.00036621093750000184,-0.0003662109375000014,-0.00036621093749999913,-0.00036621093750000125,-0.00036621093750000217,-0.0003662109374999939,-0.00036621093749999854,-0.0003662109374999984]",0.000244140625,1.002447381302007,0.015636452479843636,1.0,0.9912109375,0,0.0,0.9912109375,0,0.999267578125,0.0002435445785522461,0.0002008339943131432
12,1024,72,22485073,13,1,920,38cd54e8311b99507cc179a40ed64fa77515ba1efdcac53b80a0127d1dc0d6be,"[-0.0034718192045221663,0.0005214853838635346,0.0005506318217057339,0.0006441279231253224,0.0006453869020997827,0.0005807712626815298,0.000683230118478922,0.0006253078737459321,0.0006302386481229976,0.0005583226832563293,0.0005542823369180808,0.0007039234374573222,0.0005614961758890113]",0.00025020592054232735,1.027351633239712,0.015829492606447556,0.9874235521371777,0.0,4095,0.9912109375,0.9912109375,1,0.999267578125,0.0002435445785522461,0.00021679099882021546
12,1024,73,22485074,13,0,910,ce8ca2278379a0240f563f620ef5c07cb257c424543a2a9ccf24f36a3b807751,"[-0.004394531249999997,-0.00036621093750000027,-0.0003662109375000021,-0.0003662109375000024,-0.000366210937499999,-0.0003662109374999989,-0.000366210937500001,-0.0003662109374999993,-0.0003662109374999997,-0.0003662109375000018,-0.00036621093750000005,-0.00036621093749999957,-0.0003662109374999993]",0.000244140625,1.002447381302007,0.015636452479843636,1.0,0.9912109375,0,0.0,0.9912109375,0,0.999267578125,0.0002435445785522461,0.0002103340084431693
12,1024,74,22485075,13,0,908,7f9d6a604098aad7eb06c202c95fa07b1d00a464865e04b199e30cc25af204e6,"[-0.004394531250000004,-0.00036621093749999626,-0.00036621093749999604,-0.0003662109374999955,-0.00036621093750000233,-0.0003662109375000021,-0.0003662109375000013,-0.0003662109375000043,-0.00036621093750000276,-0.0003662109374999974,-0.00036621093750000445,-0.0003662109375000026,-0.0003662109374999983]",0.000244140625,1.002447381302007,0.015636452479843636,1.0,0.9912109375,0,0.0,0.9912109375,0,0.999267578125,0.0002435445785522461,0.00023008299467619509
12,1024,75,22485076,13,1,907,8431aaaa1a7c61b7eefd2b1b6425579c1f08557c45cb54e2860e23d0222d58a4,"[-0.0035333861718325923,0.0006251203003543382,0.0006314422666896742,0.000779776476368898,0.0006658182309753348,0.0005194423973766381,0.0006623584387448545,0.0007867380815128814,0.0006665101844594524,0.0006078085564764448,0.0005315621585611326,0.0007160370743152855,0.0007523318040527918]",0.0002512082506634119,1.031467225247725,0.015861167553819226,0.9867993777019448,0.0,4095,0.9912109375,0.9912109375,1,0.999267578125,0.0002435445785522461,0.00023916699865367264
12,1024,76,22485077,13,0,917,61c1376ceb7a95caefbd67f5dbbd22a11d72e2d407aa9c18c17382124e5ca5cc,"[-0.004394531249999999,-0.00036621093749999924,-0.00036621093749999913,-0.0003662109374999999,-0.0003662109374999979,-0.0003662109374999974,-0.00036621093749999816,-0.0003662109374999989,-0.0003662109375000011,-0.00036621093749999957,-0.00036621093749999957,-0.00036621093749999897,-0.0003662109375000007]",0.000244140625,1.002447381302007,0.015636452479843636,1.0,0.9912109375,0,0.0,0.9912109375,0,0.999267578125,0.0002435445785522461,0.0002194580010836944
12,1024,77,22485078,13,0,911,2a8fe8f7f1365ba036f11900a54a85b7f949196767bcd32cefefb422af890cdf,"[-0.004394531250000001,-0.0003662109374999969,-0.00036621093750000217,-0.00036621093749999935,-0.0003662109374999996,-0.00036621093750000136,-0.0003662109375000012,-0.00036621093750000195,-0.00036621093749999957,-0.0003662109375000009,-0.0003662109374999995,-0.0003662109374999988,-0.00036621093749999913]",0.000244140625,1.002447381302007,0.015636452479843636,1.0,0.9912109375,0,0.0,0.9912109375,0,0.999267578125,0.0002435445785522461,0.0003496249992167577
12,1024,78,22485079,13,0,895,caec9707a4019ac7a9a943eeacaac0ae844965964d96d2e798c6ece6b4f52ee2,"[-0.004394531250000001,-0.0003662109374999956,-0.0003662109374999967,-0.0003662109374999989,-0.0003662109374999994,-0.0003662109374999986,-0.00036621093750000276,-0.0003662109375000015,-0.00036621093749999935,-0.0003662109375000004,-0.0003662109375000012,-0.00036621093749999973,-0.0003662109375000004]",0.000244140625,1.002447381302007,0.015636452479843636,1.0,0.9912109375,0,0.0,0.9912109375,0,0.999267578125,0.0002435445785522461,0.00025687500601634383
12,1024,79,22485080,13,0,904,ca0955511a6c90962105a3f55a590f03bab0a0074b2452c12bd1f55a2dd5a61c,"[-0.004394531249999998,-0.00036621093750000043,-0.0003662109375000005,-0.00036621093750000103,-0.0003662109375000015,-0.00036621093750000065,-0.00036621093750000103,-0.000366210937499998,-0.00036621093750000076,-0.00036621093749999924,-0.00036621093750000065,-0.00036621093749999886,-0.0003662109374999988]",0.000244140625,1.002447381302007,0.015636452479843636,1.0,0.9912109375,0,0.0,0.9912109375,0,0.999267578125,0.0002435445785522461,0.00022658299712929875
12,1024,80,22485081,13,0,908,178f6a64d6f588b972f142436409e589cc8c78a450b974ab74acb2f741f13ca0,"[-0.0043945312500000035,-0.00036621093750000076,-0.000366210937499998,-0.0003662109375000016,-0.0003662109375000005,-0.00036621093750000136,-0.00036621093750000125,-0.00036621093750000217,-0.0003662109375000011,-0.0003662109375000024,-0.0003662109374999992,-0.0003662109375000036,-0.0003662109374999968]",0.000244140625,1.002447381302007,0.015636452479843636,1.0,0.9912109375,0,0.0,0.9912109375,0,0.999267578125,0.0002435445785522461,0.00021358300000429153
12,1024,81,22485082,13,1,919,655af56f93df47b3ca567908bc00c6b16f21ae7a58925f5cdfe1d6e9a1953667,"[-0.0033234178404730427,0.0005978301299453807,0.0006702858271879131,0.0007545056593179268,0.0004292388446985054,0.0005914836186017,0.0006984658377471032,0.0005956116489422553,0.0006925534940850777,0.0006562276771487535,0.0007487827671439312,0.0005314923166663455,0.0006343945319463582]",0.0002509926948732123,1.0305821478976935,0.015854361049166807,0.9869334829870418,0.0,4095,0.9912109375,0.9912109375,1,0.999267578125,0.0002435445785522461,0.00020575000962708145
12,1024,82,22485083,13,0,904,1b7e54c0410ba3912fc34ab6b68527d262b9d13d4f2e81fc53d296e2a53d9b0c,"[-0.004394531249999999,-0.00036621093749999864,-0.0003662109374999996,-0.0003662109375000004,-0.00036621093750000087,-0.00036621093750000054,-0.00036621093749999924,-0.00036621093749999854,-0.00036621093749999864,-0.00036621093749999957,-0.00036621093749999875,-0.0003662109375000011,-0.00036621093749999864]",0.000244140625,1.002447381302007,0.015636452479843636,1.0,0.9912109375,0,0.0,0.9912109375,0,0.999267578125,0.0002435445785522461,0.00020037499780301005
12,1024,83,22485084,13,0,924,9aacbcc1514310808fe9aff64d1033e5b0d7937eba60b5d4d5d895c3ee5002ea,"[-0.00439453125,-0.00036621093749999957,-0.0003662109374999979,-0.0003662109375000015,-0.00036621093750000136,-0.000366210937499995,-0.00036621093749999626,-0.0003662109374999983,-0.0003662109374999987,-0.0003662109374999994,-0.0003662109375,-0.00036621093750000217,-0.00036621093750000054]",0.000244140625,1.002447381302007,0.015636452479843636,1.0,0.9912109375,0,0.0,0.9912109375,0,0.999267578125,0.0002435445785522461,0.00020216600387357175
12,1024,84,22485085,13,0,914,2618462c471d97e7bf4639b9c65edb5af616ed3794eca654e044c5aa4ae37d72,"[-0.004394531250000001,-0.000366210937499998,-0.00036621093749999854,-0.0003662109375000007,-0.0003662109375000016,-0.0003662109375000012,-0.0003662109374999987,-0.0003662109375000001,-0.00036621093750000076,-0.00036621093749999995,-0.0003662109374999987,-0.0003662109375000011,-0.0003662109374999992]",0.000244140625,1.002447381302007,0.015636452479843636,1.0,0.9912109375,0,0.0,0.9912109375,0,0.999267578125,0.0002435445785522461,0.00019783299649134278
12,1024,85,22485086,13,0,916,d26b007c8cc9e2934a82d9e00912c0ea4b9eb270f779b06b2aa21bc41a6c1641,"[-0.00439453125,-0.0003662109374999992,-0.00036621093749999946,-0.0003662109374999993,-0.0003662109374999988,-0.0003662109375000017,-0.00036621093749999935,-0.00036621093749999995,-0.00036621093749999946,-0.0003662109375000012,-0.0003662109375000009,-0.0003662109375000012,-0.00036621093749999984]",0.000244140625,1.002447381302007,0.015636452479843636,1.0,0.9912109375,0,0.0,0.9912109375,0,0.999267578125,0.0002435445785522461,0.0001959590008482337
12,1024,86,22485087,13,0,898,78953a04658d122ca0ef6b40eb587d4a845530eaa69a7a5f6fcd32dc6823e42e,"[-0.004394531249999999,-0.0003662109375000009,-0.00036621093749999973,-0.00036621093749999816,-0.0003662109374999988,-0.0003662109374999998,-0.00036621093749999854,-0.0003662109375000001,-0.0003662109375000011,-0.0003662109375,-0.00036621093749999794,-0.0003662109374999999,-0.00036621093749999973]",0.000244140625,1.002447381302007,0.015636452479843636,1.0,0.9912109375,0,0.0,0.9912109375,0,0.999267578125,0.0002435445785522461,0.00019716699898708612
12,1024,87,22485088,13,0,904,43f8a33194a2400ef77dfc1a570fa1d5b8f356df3c939d79b9969f072a6d3e2d,"[-0.004394531249999998,-0.00036621093750000065,-0.00036621093749999946,-0.00036621093750000157,-0.0003662109374999996,-0.0003662109375000007,-0.00036621093750000076,-0.00036621093750000336,-0.00036621093749999973,-0.0003662109375000003,-0.00036621093750000206,-0.00036621093749999783,-0.0003662109374999993]",0.000244140625,1.002447381302007,0.015636452479843636,1.0,0.9912109375,0,0.0,0.9912109375,0,0.999267578125,0.0002435445785522461,0.00019716699898708612
12,1024,88,22485089,13,0,882,c60e587341744eaefe5b2182e5cbb4366a348aa35f8a22fc688fc5f929d0f466,"[-0.004394531250000002,-0.00036621093750000184,-0.0003662109375000044,-0.0003662109375000011,-0.00036621093750000103,-0.0003662109374999996,-0.0003662109375000008,-0.0003662109374999973,-0.00036621093749999973,-0.0003662109374999993,-0.0003662109375000002,-0.00036621093750000184,-0.00036621093750000076]",0.000244140625,1.002447381302007,0.015636452479843636,1.0,0.9912109375,0,0.0,0.9912109375,0,0.999267578125,0.0002435445785522461,0.00019858400628436357
12,1024,89,22485090,13,0,921,722e9cc1f9f46c45c0a382b743dd47bc510d38863e61cb83e890f3cb91f8eda3,"[-0.004394531249999999,-0.00036621093750000076,-0.00036621093750000016,-0.00036621093749999984,-0.0003662109375000002,-0.00036621093749999935,-0.0003662109375000001,-0.0003662109375000004,-0.00036621093750000087,-0.00036621093750000065,-0.00036621093750000065,-0.0003662109374999997,-0.0003662109374999997]",0.000244140625,1.002447381302007,0.015636452479843636,1.0,0.9912109375,0,0.0,0.9912109375,0,0.999267578125,0.0002435445785522461,0.0001976670027943328
12,1024,90,22485091,13,0,894,13f6188ff9abc4910094cc87f7680291ddb92f45883ca2d2d413c4ed1d528039,"[-0.004394531249999994,-0.0003662109374999952,-0.00036621093750000125,-0.0003662109374999957,-0.00036621093750000054,-0.00036621093750000136,-0.0003662109375000025,-0.00036621093750000125,-0.00036621093750000293,-0.00036621093750000184,-0.0003662109374999973,-0.0003662109374999969,-0.00036621093749999984]",0.000244140625,1.002447381302007,0.015636452479843636,1.0,0.9912109375,0,0.0,0.9912109375,0,0.999267578125,0.0002435445785522461,0.00019795801199506968
12,1024,91,22485092,13,0,914,1b50f69d429c78ebdd2590d34d19b59fef2932539a7a7e074afb1a4e9689a19a,"[-0.004394531249999998,-0.0003662109374999991,-0.00036621093750000493,-0.00036621093750000564,-0.00036621093749999545,-0.0003662109374999991,-0.0003662109375000017,-0.00036621093749999415,-0.0003662109374999967,-0.00036621093749999756,-0.0003662109374999974,-0.0003662109375000001,-0.00036621093750000184]",0.000244140625,1.002447381302007,0.015636452479843636,1.0,0.9912109375,0,0.0,0.9912109375,0,0.999267578125,0.0002435445785522461,0.00020687498908955604
12,1024,92,22485093,13,1,895,483be90f1a655a7a88c3e6a2f47d2bdce90c5db9507f4b34c4a08b9849887678,"[-0.0032872189031832493,0.0006158769001202705,0.0006189310590642914,0.0007193172210843837,0.0005176403122519593,0.0007005639655453917,0.0006784761922296149,0.0006814337395597846,0.0008205814033126915,0.0008712156734947734,0.0006121767832724277,0.0005918061550678062,0.0006197670260827309]",0.0002517591328017676,1.0337291607899999,0.015878549245833384,0.9864503699720971,0.0,4095,0.9912109375,0.9912109375,1,0.999267578125,0.0002435445785522461,0.00019550000433810055
12,1024,93,22485094,13,0,899,0fa965e0e9deaf5b66809d77fccf346e1f41c75605790df2fd3f07a4ff916bdf,"[-0.00439453125,-0.00036621093749999767,-0.0003662109375000019,-0.00036621093750000173,-0.00036621093749999973,-0.0003662109375000014,-0.0003662109375000015,-0.0003662109374999996,-0.0003662109375000008,-0.0003662109374999999,-0.00036621093750000027,-0.0003662109374999989,-0.000366210937500001]",0.000244140625,1.002447381302007,0.015636452479843636,1.0,0.9912109375,0,0.0,0.9912109375,0,0.999267578125,0.0002435445785522461,0.00019508299010340124
12,1024,94,22485095,13,1,909,6663cf995ec01b3c860383c72decb3d110789907a2d4c540aed601fa40f3e995,"[-0.003459427072352909,0.0006231407511704557,0.0004915017809779497,0.0006524294481293048,0.00039152728714656306,0.000370647349406543,0.0006385720209969569,0.0006108809979393147,0.0006913103911165046,0.0005418410861360843,0.000579470926117635,0.0003914992004558887,0.0005912810358258171]",0.0002493643533577648,1.02389613778354,0.01580284894798737,0.9880962622969339,0.0,4095,0.9912109375,0.9912109375,1,0.999267578125,0.0002435445785522461,0.00027904100716114044
12,1024,95,22485096,13,1,907,505639afe1535471be60281dc800962f2ce0f201d2793478dbb2d784fe26cbf9,"[-0.003452934667259662,0.0008277298790579949,0.0006110626903845583,0.0006407067297721787,0.00045562399690321514,0.0006413271897370543,0.0006369639978816673,0.00047593259968185033,0.0006222027666187973,0.0005404566495666028,0.0007874620228712963,0.0005493161614451824,0.0007842985794197661]",0.00025081628750626885,1.0298578149316626,0.015848788540989207,0.9870907889039195,0.0,4095,0.9912109375,0.9912109375,1,0.999267578125,0.0002435445785522461,0.00020670900994446129
12,1024,96,22485097,13,1,907,ea80925c003f600fe31fb0c52bcd6be3f8e15d855fcddf97eb6a8abb334ac995,"[-0.003470855327407345,0.0007050929009177858,0.000610064943405911,0.0007244015619564408,0.0006585948185656277,0.0004968543899834245,0.000573993511663593,0.00039680448045879,0.0006217448057218995,0.0007552809132987537,0.0006447234998450576,0.0006137025483024774,0.0007060493559723638]",0.00025064863296185623,1.0291694212691584,0.015843490708009778,0.9871744850973152,0.0,4095,0.9912109375,0.9912109375,1,0.999267578125,0.0002435445785522461,0.00021437500254251063
12,1024,97,22485098,13,0,885,fb68e18ba68b2580711055311a9637b07ef168140a54babb7e0f98223de2590e,"[-0.004394531249999998,-0.00036621093749999734,-0.0003662109375000012,-0.00036621093750000076,-0.0003662109375000008,-0.00036621093750000027,-0.00036621093750000016,-0.0003662109374999999,-0.00036621093750000027,-0.00036621093750000244,-0.0003662109374999983,-0.0003662109374999977,-0.0003662109374999971]",0.000244140625,1.002447381302007,0.015636452479843636,1.0,0.9912109375,0,0.0,0.9912109375,0,0.999267578125,0.0002435445785522461,0.00021054099488537759
12,1024,98,22485099,13,0,897,b62b16a46874c17f19222bb11f7c33efe67dc06e5eba66e5290d2f7e37f1fb9e,"[-0.004394531250000001,-0.0003662109375000006,-0.00036621093749999995,-0.0003662109375000006,-0.00036621093749999984,-0.00036621093750000114,-0.00036621093750000016,-0.0003662109374999984,-0.0003662109374999998,-0.0003662109375000008,-0.0003662109374999997,-0.0003662109374999997,-0.00036621093750000005]",0.000244140625,1.002447381302007,0.015636452479843636,1.0,0.9912109375,0,0.0,0.9912109375,0,0.999267578125,0.0002435445785522461,0.00021225000091362745
12,1024,99,22485100,13,0,895,e38f3e7edcf047d8caea0a85f4d53520dedd0872a8db8ee3b23517e0c1be52d4,"[-0.004394531249999999,-0.00036621093750000054,-0.0003662109374999986,-0.00036621093750000157,-0.0003662109375000013,-0.00036621093749999816,-0.0003662109374999997,-0.000366210937500001,-0.0003662109374999992,-0.00036621093749999637,-0.0003662109375000018,-0.00036621093749999924,-0.00036621093749999886]",0.000244140625,1.002447381302007,0.015636452479843636,1.0,0.9912109375,0,0.0,0.9912109375,0,0.999267578125,0.0002435445785522461,0.00020916599896736443
12,4096,0,25557001,13,3,2602,f14326aaf57777a8f3f8d700fa18fa9c6fd7f6af1d0333c77e17ea6de060cad4,"[-0.0037128892469430845,0.0003591234112711031,0.0004631680244421745,0.0003836746520495795,0.0003024554662150906,0.0003236925789854094,0.00035839275602881086,0.0003581327669866129,0.00037655641263155203,0.0003929063587342273,0.0003842588954281431,0.0003746291353714872,0.0003911122130331334]",0.0002465076332994605,1.0121663753093102,0.01571206942335071,0.9904557240757658,0.0,4095,0.9912109375,0.9912109375,1,0.999267578125,0.0002435445785522461,0.0006652909942204133
12,4096,1,25557002,13,1,2614,8f27d120b2f0e18402597e0678937544797c883dce90331efb4006025aa6ab56,"[-0.0041336947161807166,-0.0001029543065534906,-0.0001178110892832776,-0.0001109600972356845,-0.00010105100460768066,-0.0001301542312630452,-0.00011791402155434968,-0.00010233769114028371,-9.594956326307323e-05,-0.00012708202661253467,-0.00012429051604466484,-0.00011129209645507843,-0.00013177034278155533]",0.0002433683867836386,0.9992765522860133,0.015611703157750748,0.9967181992029754,0.9912109375,0,0.0,0.9912109375,0,0.999267578125,0.0002435445785522461,0.0005997089901939034
12,4096,2,25557003,13,0,2580,d6401066cc95fcb2e443102f1e7f276dbc9809664664f37f97d6d7ce93c94872,"[-0.004394531249999995,-0.00036621093750000027,-0.0003662109375000038,-0.00036621093749999924,-0.00036621093750000027,-0.00036621093749999924,-0.00036621093750000136,-0.00036621093749999957,-0.0003662109374999993,-0.0003662109374999993,-0.0003662109374999996,-0.0003662109375000007,-0.0003662109374999998]",0.000244140625,1.002447381302007,0.015636452479843636,1.0,0.9912109375,0,0.0,0.9912109375,0,0.999267578125,0.0002435445785522461,0.0006087919900892302
12,4096,3,25557004,13,0,2625,6e1d822ccad88833203ba74ffa4db9ddb1664c0e90d8aaa5f891913d9d5eb89e,"[-0.004394531249999995,-0.0003662109375000005,-0.0003662109375000037,-0.0003662109375000009,-0.00036621093750000016,-0.0003662109374999983,-0.0003662109375000009,-0.0003662109374999993,-0.00036621093750000027,-0.00036621093749999957,-0.0003662109375000004,-0.00036621093750000266,-0.0003662109374999985]",0.000244140625,1.002447381302007,0.015636452479843636,1.0,0.9912109375,0,0.0,0.9912109375,0,0.999267578125,0.0002435445785522461,0.0006528329977300018
12,4096,4,25557005,13,2,2588,b296b783763ad2c053e2e76412fcb13aae701c88c484b43594d785d8ce96a31d,"[-0.003909840302256182,9.497632952098132e-05,0.00019821630839345232,9.753533333166721e-05,0.00014563812710367328,0.00012682977317438832,0.00013663957211577642,0.0001803217916696446,0.0001265762594866059,0.00012828303337738563,7.153302284259677e-05,9.796274541659234e-05,0.00010214974168549195]",0.0002441742126763385,1.0025852931230712,0.015637528036283446,0.9936141157641379,0.0,4095,0.9912109375,0.9912109375,1,0.999267578125,0.0002435445785522461,0.0006466670020017773
12,4096,5,25557006,13,2,2597,b2ac907cced6dc5d51e7a0e802da963ff987ac9b756268ae46517a736fe14786,"[-0.003899519724118283,0.00014501249666144667,0.00016026514808152215,0.00015609208468477098,0.00012140979858026487,0.00010795788027526033,0.0001095555989865656,0.00013995806400603385,0.00013418818362367362,9.224465811050075e-05,0.00013047366867186686,0.0001400710883741559,0.00011787989427441849]",0.0002441932986538904,1.0026636606140058,0.015638139181239664,0.9935553486597878,0.0,4095,0.9912109375,0.9912109375,1,0.999267578125,0.0002435445785522461,0.0005917920061619952
12,4096,6,25557007,13,1,2585,a2f31253602d11b8bb7902079d884a87ab9bd0d0e5fb003641c867b2303abea6,"[-0.004150642510060285,-0.00010387835254411003,-0.00010949077550994645,-0.00011247317488946138,-0.00012504533948763487,-0.00011089332740154703,-0.0001345882124045178,-0.00011849126574813299,-0.00010758357964201339,-0.00011995039723332328,-0.00014488517882989393,-0.00012946736347359047,-0.0001241785485069756]",0.00024336744330036685,0.9992726783206088,0.015611672896229844,0.9968025055257315,0.9912109375,0,0.0,0.9912109375,0,0.999267578125,0.0002435445785522461,0.0006212920125108212
12,4096,7,25557008,13,0,2585,d20c8280c21f021dcc9a504a9e2dc2711c3055723145e4ef1570c5f8b034d465,"[-0.004394531249999996,-0.0003662109375000006,-0.00036621093750000103,-0.00036621093749999707,-0.000366210937500001,-0.00036621093749999854,-0.0003662109375000007,-0.0003662109375000006,-0.0003662109375000003,-0.0003662109375000005,-0.00036621093749999686,-0.000366210937500003,-0.00036621093750000125]",0.000244140625,1.002447381302007,0.015636452479843636,1.0,0.9912109375,0,0.0,0.9912109375,0,0.999267578125,0.0002435445785522461,0.0006004999886499718
12,4096,8,25557009,13,2,2585,1a5b9ad23c4f64fd13057250d4d156e0b932c206060608f4c56e278be86716cf,"[-0.00394001436563372,0.00011917624232062739,9.664869947553862e-05,0.0001385500363642673,0.00011149535926183255,7.759512535334736e-05,0.00012164167515262366,0.0001060523237261835,9.042420015226819e-05,0.0001200864313447182,0.00016007994065360312,0.0001261878933880436,9.41775370715197e-05]",0.00024408163618234907,1.002205171773051,0.015634563339995505,0.9937888364013692,0.0,4095,0.9912109375,0.9912109375,1,0.999267578125,0.0002435445785522461,0.0006024580070516095
12,4096,9,25557010,13,0,2591,efc86a0c735a7c6ee139339e0cf081785fcfbcbf2e2008bd922bc5df10f7a54e,"[-0.0043945312499999965,-0.0003662109374999961,-0.0003662109375000086,-0.00036621093749999707,-0.00036621093749999545,-0.0003662109374999998,-0.00036621093749999745,-0.00036621093750000114,-0.00036621093750000016,-0.00036621093750000125,-0.000366210937499999,-0.00036621093750000016,-0.0003662109375000008]",0.000244140625,1.002447381302007,0.015636452479843636,1.0,0.9912109375,0,0.0,0.9912109375,0,0.999267578125,0.0002435445785522461,0.0006373750074999407
12,4096,10,25557011,13,0,2570,0166b2cef8cc3e8bcb54aaa5c2451717eaf33e99193101c913a8813aced2d591,"[-0.004394531249999995,-0.00036621093749999187,-0.0003662109375000009,-0.00036621093750000276,-0.0003662109375000072,-0.00036621093749999957,-0.0003662109374999996,-0.00036621093750000667,-0.000366210937499995,-0.00036621093749999805,-0.00036621093750000005,-0.0003662109375000021,-0.00036621093750000173]",0.000244140625,1.002447381302007,0.015636452479843636,1.0,0.9912109375,0,0.0,0.9912109375,0,0.999267578125,0.0002435445785522461,0.0006166670063976198
12,4096,11,25557012,13,1,2585,fdcf76293994a5c2f4d7cfa2592e867a0e8f1c44983dc2c29dcffa775dd55e16,"[-0.00415307201073389,-0.00011827481175963466,-0.00013827688157806446,-0.00010993848876549859,-0.00013429927328264117,-0.00012432016649223637,-0.00013879919796355947,-0.00012826999812561797,-0.00014510767118760824,-0.0001282602760828838,-0.00011895872817947234,-0.000141652804623943,-0.00011347607771428898]",0.00024336770500100994,0.9992737528698541,0.015611681290088289,0.9969036438864893,0.9912109375,0,0.0,0.9912109375,0,0.999267578125,0.0002435445785522461,0.0006126669904915616
12,4096,12,25557013,13,1,2590,287735c348f334cc4ce3729631d2c5dc97da722a43725bed093b20adea7ee9e2,"[-0.004139180680569295,-0.00011469945143129594,-0.00011917506029365344,-0.00011972965731069991,-0.00012504499315056048,-0.0001200711536666391,-0.0001416571421216422,-0.0001138026295665306,-0.00012485675132836157,-0.00012401957229356413,-0.00014140098612522712,-0.00011907953353278871,-0.00011413072046512072]",0.00024336688053603413,0.9992703675964857,0.01561165484595648,0.9968277858318554,0.9912109375,0,0.0,0.9912109375,0,0.999267578125,0.0002435445785522461,0.0006409170018741861
12,4096,13,25557014,13,1,2638,8128cedad7179a0cb40a8ac6d14e4fba30a55e5b9b6face42adb93cab9f4bd5d,"[-0.0041631099695631285,-0.00014224583813943222,-0.00011494282151607554,-0.00010344552799723192,-0.00012431238980049032,-0.00013336405099621194,-0.0001548647594271566,-9.524483553284687e-05,-0.0001336328793823582,-0.000108685173600412,-0.0001061147102066904,-9.381543151453344e-05,-0.0001230461203058384]",0.00024337002551925112,0.9992832809745443,0.01561175571883152,0.9968077620079824,0.9912109375,0,0.0,0.9912109375,0,0.999267578125,0.0002435445785522461,0.0007376249996013939
12,4096,14,25557015,13,2,2610,aa4971dcc5cc6c70b2b3de0e9f459986a2e94ed0b0119277fbf61bd3d6ca7117,"[-0.0038982332331929277,9.57550526193999e-05,0.0001570652455278752,0.00010975674310226871,8.735993803689805e-05,0.00010233193539331929,0.0001219585369576995,7.371447223031737e-05,0.00011214364985969535,0.00014257403714970009,0.00011909128387807251,0.00010217135994491374,7.99857983099108e-05]",0.000244074718188426,1.002176766320693,0.015634341773592002,0.9938052626801829,0.0,4095,0.9912109375,0.9912109375,1,0.999267578125,0.0002435445785522461,0.0007027499959804118
12,4096,15,25557016,13,0,2600,4e70e061e3c61a732f17544ce3943f796c5af23ce61b9829be1fbd46341c6a2a,"[-0.004394531249999999,-0.0003662109374999978,-0.00036621093750000537,-0.0003662109375,-0.0003662109375000007,-0.0003662109375000012,-0.00036621093750000173,-0.0003662109374999994,-0.0003662109375000005,-0.0003662109375000002,-0.00036621093749999794,-0.0003662109375000018,-0.0003662109374999981]",0.000244140625,1.002447381302007,0.015636452479843636,1.0,0.9912109375,0,0.0,0.9912109375,0,0.999267578125,0.0002435445785522461,0.0006243329989956692
12,4096,16,25557017,13,1,2575,5746d4749e230c5d319474231ee592db794e7386263f6b7e5b09abd7e0581b3b,"[-0.004163123440893243,-0.000143930390523752,-0.00012927833559655766,-0.00011947071390939188,-0.00010623083724083146,-0.00013171856969664578,-0.00012530154351705382,-0.00014792488220053505,-0.00011590187401691827,-0.00013577590153363025,-0.00014366251918284745,-0.00011731372364472485,-0.00012147419030551837]",0.0002433682012932059,0.9992757906577568,0.015611697208288363,0.9969120444222617,0.9912109375,0,0.0,0.9912109375,0,0.999267578125,0.0002435445785522461,0.0007067089900374413
12,4096,17,25557018,13,1,2590,2eecb1aa41f2a6a4b96407236451df95b334324d5dfe8914a0b074c7a661f53e,"[-0.004169535787299087,-0.00013017925930872953,-0.00011574981380753433,-9.449168637145964e-05,-0.00012255573697899576,-0.0001342333126964907,-0.00011258048894287777,-0.00010492148782671577,-0.00011169899589899672,-0.00011269373720458138,-0.0001077571982318238,-9.453514248517405e-05,-0.00012544555458293685]",0.0002433686996801094,0.99927783704658,0.015611713193658278,0.9967473157016354,0.9912109375,0,0.0,0.9912109375,0,0.999267578125,0.0002435445785522461,0.0007287500047823414
12,4096,18,25557019,13,1,2572,7af9ac132b3b79aa0fca7ee8a89103b8fae92580a5eae33c04243ca63e926123,"[-0.004125151861587416,-0.00012108858267947261,-0.00010927154741777793,-9.880079918551967e-05,-0.00013707808856128,-9.628026710418471e-05,-0.00012467589402522316,-0.00012507009992630616,-0.00011714308257096207,-0.00014016902546011244,-9.646040334382991e-05,-0.00012623614046864388,-0.00012590552947609545]",0.0002433690537745575,0.99927929096705,0.015611724550950657,0.9967542688218068,0.9912109375,0,0.0,0.9912109375,0,0.999267578125,0.0002435445785522461,0.0007670409977436066
12,4096,19,25557020,13,1,2599,3b6199791719ac7cb76d036502476b98d2f5c8169145a5043a4d7fa396892eb7,"[-0.0041593063959795475,-0.00012404530964677766,-0.00010596633414831691,-0.0001110730276223604,-0.00012592990397126985,-0.00012339215698329228,-0.00014432575460109908,-0.00012116786658321021,-0.00010117334800967189,-0.0001231173727615339,-0.00012798809633491495,-0.00013357501913407316,-0.00011748664542955712]",0.0002433673672186343,0.999272365927153,0.01561167045596257,0.9968294847312056,0.9912109375,0,0.0,0.9912109375,0,0.999267578125,0.0002435445785522461,0.0006999579927651212
12,4096,20,25557021,13,0,2574,3697e03310748675d5a4d0c71bdd782e40d78dd2c03c9263ed70c1ecc662d82b,"[-0.004394531249999998,-0.0003662109375000006,-0.0003662109374999999,-0.00036621093750000125,-0.00036621093749999724,-0.00036621093750000136,-0.00036621093749999957,-0.0003662109374999984,-0.0003662109374999995,-0.00036621093750000244,-0.0003662109374999996,-0.00036621093749999973,-0.00036621093750000043]",0.000244140625,1.002447381302007,0.015636452479843636,1.0,0.9912109375,0,0.0,0.9912109375,0,0.999267578125,0.0002435445785522461,0.0006570830009877682
12,4096,21,25557022,13,1,2598,d19228bb5a0eaaa48172c1135d5a98bf7e2a94ab0f5d5fe156602b5b963f2722,"[-0.0041358224720678335,-0.00011416504082003197,-0.00013087269848957792,-0.00011189502762705555,-0.00012203628253276203,-0.00011137529444103108,-0.00012155208756003434,-0.00011259416431704647,-0.0001162527617557383,-0.00012036676785805251,-0.00012980793201269932,-0.00011214040743508112,-0.00011850871056544997]",0.000243366632715992,0.9992693500413276,0.0156116468972949,0.9967683271474824,0.9912109375,0,0.0,0.9912109375,0,0.999267578125,0.0002435445785522461,0.0006097079894971102
12,4096,22,25557023,13,1,2602,e88e99cd9b96081cdc13e2482ef8e3ca76d86e66b12939ec06f7add1a0e78f25,"[-0.004138154052029334,-0.00012268199250973605,-0.00011868734792585306,-0.0001287148597984435,-0.00012533298660079864,-0.0001392800496944839,-0.0001326707374380286,-0.0001422197283408478,-0.0001227617175398221,-0.00012980268084480408,-0.00012732314582286438,-0.00014258463375259992,-9.903546942323942e-05]",0.00024336783480950378,0.9992742858667067,0.015611685453599967,0.9968801869017209,0.9912109375,0,0.0,0.9912109375,0,0.999267578125,0.0002435445785522461,0.0006097500008763745
12,4096,23,25557024,13,0,2603,0b50291578e159b9e8242dc1836648bb861a43733a2bbd0ee9a6992eb0319dea,"[-0.004394531249999994,-0.00036621093750000336,-0.00036621093749999756,-0.0003662109374999954,-0.00036621093750000504,-0.00036621093750000374,-0.0003662109374999973,-0.000366210937499996,-0.000366210937500003,-0.0003662109374999993,-0.0003662109375000055,-0.00036621093749999984,-0.0003662109374999997]",0.000244140625,1.002447381302007,0.015636452479843636,1.0,0.9912109375,0,0.0,0.9912109375,0,0.999267578125,0.0002435445785522461,0.0005762500077253208
12,4096,24,25557025,13,1,2594,93f6ca3c4f013c6121afa168b7e4f4220fbf0370ef64ace8f7c9c006f1720801,"[-0.0041232406377174026,-0.00011027397558402023,-0.00010186873780283434,-0.00011315840389724844,-0.00010783125665681894,-0.00010607874726194888,-0.00012177327338255578,-0.00011606484849227388,-0.00010745288218037716,-8.943636198267002e-05,-0.0001178050457505326,-0.0001110993276164617,-0.00011371061762727817]",0.00024336911013723308,0.9992795223935754,0.015611726358737026,0.9966507316159524,0.9912109375,0,0.0,0.9912109375,0,0.999267578125,0.0002435445785522461,0.0005792919982923195
12,4096,25,25557026,13,0,2589,8d72087bf6a60f7432719a92f5e930f672e817f2773ff04dc5699641ca74ce6f,"[-0.004394531249999997,-0.0003662109374999985,-0.0003662109375000015,-0.0003662109375000014,-0.00036621093749999843,-0.0003662109375000029,-0.000366210937499999,-0.00036621093750000054,-0.000366210937500001,-0.0003662109374999979,-0.00036621093750000005,-0.0003662109374999995,-0.0003662109374999995]",0.000244140625,1.002447381302007,0.015636452479843636,1.0,0.9912109375,0,0.0,0.9912109375,0,0.999267578125,0.0002435445785522461,0.0005787919944850728
12,4096,26,25557027,13,2,2588,08f4cc179f38e8cdcec124b379839b7a8c4e22bb6ef88e2802456c6cecadf20e,"[-0.003902380734280928,8.03509057890529e-05,0.00016813386764095005,0.00013266792715273064,0.00017152496021236358,9.480826117481523e-05,0.00012458222399917948,0.00014642068436752166,0.00011762590972690157,0.0001611409863592622,9.059691728737165e-05,0.00013961726109383446,6.652409743467906e-05]",0.0002441704558063882,1.0025698673231105,0.01563740773614096,0.9936193242320422,0.0,4095,0.9912109375,0.9912109375,1,0.999267578125,0.0002435445785522461,0.0005702089983969927
12,4096,27,25557028,13,1,2603,e5e556e0c6e7112038c516d0d08e919b98377a7916dd1d7308f255b665c8a7c0,"[-0.004161003509243619,-0.00011243418816146657,-0.00012526821346339084,-0.00011851337797059296,-8.889457161071413e-05,-0.00010983343295800993,-0.0001335804150013196,-0.0001072292908125675,-0.00011200080736308452,-0.00012757415959920463,-0.00010322213475560107,-0.00011725143414992668,-0.00011698918708743708]",0.00024336813207436167,0.9992755064434884,0.015611694988146808,0.996744732222177,0.9912109375,0,0.0,0.9912109375,0,0.999267578125,0.0002435445785522461,0.0005786669935332611
12,4096,28,25557029,13,0,2565,40318267b0803d2f68c839893f4d13797a5fbede7c9c270b9f32c707318a0a27,"[-0.004394531249999998,-0.0003662109374999967,-0.0003662109374999952,-0.0003662109375000018,-0.0003662109374999982,-0.0003662109374999974,-0.00036621093750000125,-0.0003662109375000012,-0.0003662109375000005,-0.00036621093750000125,-0.0003662109375000008,-0.00036621093750000114,-0.00036621093750000065]",0.000244140625,1.002447381302007,0.015636452479843636,1.0,0.9912109375,0,0.0,0.9912109375,0,0.999267578125,0.0002435445785522461,0.0005777920014224946
12,4096,29,25557030,13,2,2578,a142f0049d932c7eda7fc50126aa5fd1da47cae8a6a5daf025a1017c35291aed,"[-0.0038850650739029238,0.00012955889265360432,0.00014049280267071408,9.458571356573591e-05,0.00014012014920375353,0.00011500971195530386,0.0001421410818043183,0.0001589814613575666,0.0001025394298426398,0.00011727648985374864,0.0001375890426192,0.0001220927657209115,0.00011602560405068854]",0.0002441805719657202,1.0026114045209087,0.01563773166736602,0.9935795894286047,0.0,4095,0.9912109375,0.9912109375,1,0.999267578125,0.0002435445785522461,0.000604290995397605
12,4096,30,25557031,13,1,2599,54b25cb9b0d8d9513c62eebf24fef6b3c0be80db2722ea6df8d0148aee4d324e,"[-0.00416528141233267,-0.00011646170267780221,-0.0001279708032810021,-0.00013684837282471017,-0.00011274097683891298,-0.00013423312035597813,-0.00010502947468983372,-0.00011077566989070638,-0.0001264609657158862,-0.00010180907158076162,-0.00010989136794234854,-0.00011270127577046681,-0.0001099402470994164]",0.0002433677369860792,0.9992738842013313,0.015611682315985892,0.9967810819610005,0.9912109375,0,0.0,0.9912109375,0,0.999267578125,0.0002435445785522461,0.0006109589885454625
12,4096,31,25557032,13,1,2570,2535843e8ed1e48ae09f59198ca8bc6cc3b7d4cd7a89856d567afe451cd83f47,"[-0.004151818164243433,-0.00010840948676433671,-0.00010473396780541106,-0.00012141116425386753,-0.00012585232757745523,-0.00011916018290701576,-0.00013938287550039117,-0.00011251103650467192,-0.00011801474251801212,-0.00012884064685201782,-0.00013300990757027538,-0.00010251173852297801,-8.155957104112771e-05]",0.00024336887375216423,0.9992785517906975,0.01561171877687936,0.996758153312061,0.9912109375,0,0.0,0.9912109375,0,0.999267578125,0.0002435445785522461,0.0005600419972324744
12,4096,32,25557033,13,1,2597,ccc3a8ff3ef1bca881ace36bd00339c5b8ce6d51276f7aef284a957cdb83a295,"[-0.004137738051519989,-0.00011235960456704512,-0.00013154193804582688,-0.00013772533686092262,-0.0001305060496127131,-0.00010704618626531679,-0.00011218892724802926,-0.00010775047631035516,-0.00013906101989224326,-0.0001053048599789897,-0.00013360445379828826,-0.00011156793188123597,-9.617944554805998e-05]",0.00024336843681831678,0.9992767577296264,0.015611704762574024,0.9967735117815291,0.9912109375,0,0.0,0.9912109375,0,0.999267578125,0.0002435445785522461,0.0006273749895626679
12,4096,33,25557034,13,2,2616,1a719c8855a20cc526e474dbec26eadfb254d96b8eed6ba25815d839406f25de,"[-0.0038997006185757153,0.0001572321935572108,0.00011435206321068479,0.00013203993474553204,0.00014507029893848838,0.00014274471555658847,8.110853840547794e-05,0.00014016305859268762,0.00017494459717415768,0.00019051184757414304,0.00016202533137439819,0.00015796181001023873,0.0001415891942539615]",0.00024429319675972996,1.0030738446814709,0.01564133759157779,0.9933708945351821,0.0,4095,0.9912109375,0.9912109375,1,0.999267578125,0.0002435445785522461,0.0006594169972231612
12,4096,34,25557035,13,4,2574,9336798e5b8e8bd1ded7e146739073e158cd1c3fd35ea082feab18abff6a6cf5,"[-0.0034630834811528134,0.0005911396076752516,0.0006074821361855067,0.0005895460883107966,0.0005886330761704032,0.0005744594185246491,0.0005112566881588638,0.0005468157799243048,0.0005298705847750548,0.0005711462889273682,0.0005353583744308916,0.0006164125707773809,0.0005909914773854588]",0.00024961583621621906,1.0249287325550978,0.01581081549192092,0.9878209088899069,0.0,4095,0.9912109375,0.9912109375,1,0.999267578125,0.0002435445785522461,0.0006072499963920563
12,4096,35,25557036,13,1,2557,7ff676494ee4b67402de7a0c9f473ca3fdc60b288a8d289537733a3b1afb3e3b,"[-0.004146690534254674,-0.0001095177803907292,-0.00012860644104945376,-0.00010016801857698361,-0.0001265912766867795,-0.00014703720215402663,-0.0001305777812801305,-0.00012411582768564937,-0.00011459720675024945,-0.00011988630727660411,-0.0001358291200544465,-0.00012036185837688404,-0.00011139232396381288]",0.00024336754551219125,0.9992730980048613,0.015611676174600565,0.9968263091785005,0.9912109375,0,0.0,0.9912109375,0,0.999267578125,0.0002435445785522461,0.0006386250024661422
12,4096,36,25557037,13,0,2595,081a397a79c192a7f11d93b1aa694fa24b9cab2522c3f96fbba034879f68b7b9,"[-0.004394531249999992,-0.0003662109375000035,-0.0003662109375000041,-0.00036621093749999745,-0.0003662109375000004,-0.0003662109375000013,-0.0003662109375000012,-0.00036621093749999984,-0.00036621093749999886,-0.00036621093749999995,-0.0003662109374999989,-0.00036621093749999973,-0.0003662109374999996]",0.000244140625,1.002447381302007,0.015636452479843636,1.0,0.9912109375,0,0.0,0.9912109375,0,0.999267578125,0.0002435445785522461,0.0007320000004256144
12,4096,37,25557038,13,1,2573,31208fd8106477742bf7b7b676cf4116f86889eb1536838ed408e35bc9a905f9,"[-0.004153201040784723,-0.00011812355525033056,-0.00012747075228517453,-0.0001368353699768277,-0.00012869539903691293,-0.0001347900519639105,-0.0001300713015788939,-0.0001315178576519325,-0.00011787649183261934,-0.0001301450781563862,-0.00013108064482703592,-0.00013915161175850855,-0.00011947093597239707]",0.00024336685672400458,0.9992702698237096,0.015611654082201783,0.9969093675910756,0.9912109375,0,0.0,0.9912109375,0,0.999267578125,0.0002435445785522461,0.0007194999925559387
12,4096,38,25557039,13,3,2580,4dfbad2ef3be859a7bf48e216f00650f3ba950e371734d619ff06b07f2182123,"[-0.00371465827024015,0.00037809301007311056,0.00035164561840606777,0.0003372705702049741,0.00032991076980427083,0.00031142448175235885,0.00035785630341724547,0.0002950879006355137,0.00039972806571850775,0.0003578483657078122,0.0003286170804271184,0.0003764770808016434,0.00038491056101157495]",0.0002462490403695493,1.0111045864103398,0.01570382607581595,0.99071672596228,0.0,4095,0.9912109375,0.9912109375,1,0.999267578125,0.0002435445785522461,0.0006480419979197904
12,4096,39,25557040,13,2,2587,2a6c75ce31fa2e8dd810dc435182aa62a1254e9af43d391656275a8320a25175,"[-0.003864388198488576,9.166147608469455e-05,6.399268339670092e-05,0.00014774377164354267,9.548410200991207e-05,0.00013910110489508712,0.00011901432496840721,0.00010858796279518128,0.00011530268498122853,0.00011976994972674909,0.00017134714689991505,9.894894264548085e-05,0.00012164461284457915]",0.0002441367007705372,1.0024312683197918,0.015636326811954298,0.9936827269355971,0.0,4095,0.9912109375,0.9912109375,1,0.999267578125,0.0002435445785522461,0.0005951250059297308
12,4096,40,25557041,13,2,2570,c33db756a3323a8644a714c963c8c6f39beadacfbf442871a3aec7000d62ade8,"[-0.003912894475248125,0.00012619950418465262,0.00016151355678648702,0.00010492550564471771,0.00013959590002248775,0.0001259716061478339,6.754370793863203e-05,0.00013536234059422932,9.966919978388502e-05,0.00015578968046444925,0.00015272313820156557,0.00013419598095878012,0.00010820509494246329]",0.0002441685581051091,1.0025620753152145,0.01563734696878435,0.9936121367595779,0.0,4095,0.9912109375,0.9912109375,1,0.999267578125,0.0002435445785522461,0.0006450840010074899
12,4096,41,25557042,13,1,2621,a56e9160351e463868eb1d9aa8edf68ec65f76836c22b89b7132839df4c1f8ba,"[-0.00415664187687188,-0.00013418947221260794,-0.00012175857489827404,-0.00011122957887657932,-9.254855015877541e-05,-0.0001229215230395226,-0.00012137574343601492,-0.00012944172881650074,-0.00012680082060990007,-0.00010910363120831946,-0.00012722997616146803,-0.00012032262108378987,-0.00010174943620485909]",0.0002433676283951022,0.9992734383241222,0.01561167883300979,0.9967862510335785,0.9912109375,0,0.0,0.9912109375,0,0.999267578125,0.0002435445785522461,0.0006461669981945306
12,4096,42,25557043,13,0,2604,47ff6262d5b1d110b4fa09f07a9d8e7aded86e4f1bac273cbc949f4eee099d0e,"[-0.004394531249999995,-0.00036621093750000336,-0.00036621093750000206,-0.000366210937500002,-0.0003662109374999986,-0.0003662109374999994,-0.0003662109375000006,-0.0003662109374999996,-0.0003662109375000011,-0.0003662109375000015,-0.00036621093749999973,-0.00036621093750000087,-0.00036621093750000043]",0.000244140625,1.002447381302007,0.015636452479843636,1.0,0.9912109375,0,0.0,0.9912109375,0,0.999267578125,0.0002435445785522461,0.0006012079975334927
12,4096,43,25557044,13,1,2578,f29c211627b069d94132752aebb2978df0da8e8c09b67ee719a344dec6e0b09c,"[-0.004149533638016556,-0.00010319694898242376,-0.00012613590764445855,-8.893249004944023e-05,-0.00011225738523835785,-0.00013136400877698996,-0.0001071200773087102,-0.00013448422786518674,-0.00010633648441991341,-0.00012165180619413236,-0.00011526839965365458,-0.00012009967484330366,-0.00013012170873033852]",0.0002433681591846026,0.9992756177588012,0.015611695857687114,0.9967574402577235,0.9912109375,0,0.0,0.9912109375,0,0.999267578125,0.0002435445785522461,0.0005919169925618917
12,4096,44,25557045,13,0,2577,ea677dc7e6d5fae0a437858ce613103c140a507fe71ad162b66e4e24051c7e29,"[-0.004394531249999998,-0.0003662109375000011,-0.0003662109374999968,-0.0003662109375000004,-0.0003662109375000009,-0.0003662109375000008,-0.0003662109375000006,-0.0003662109375000014,-0.0003662109375000002,-0.00036621093749999984,-0.0003662109375000013,-0.00036621093749999984,-0.0003662109374999994]",0.000244140625,1.002447381302007,0.015636452479843636,1.0,0.9912109375,0,0.0,0.9912109375,0,0.999267578125,0.0002435445785522461,0.0005813329917145893
12,4096,45,25557046,13,0,2596,c29f040dd442cf6c850b5e48fac5034efa84d4a845eb1645660f623166ced24e,"[-0.004394531249999997,-0.00036621093750000195,-0.0003662109375000013,-0.0003662109374999996,-0.0003662109375000022,-0.0003662109375000001,-0.0003662109374999997,-0.00036621093749999875,-0.00036621093750000125,-0.00036621093750000195,-0.00036621093750000054,-0.0003662109375000003,-0.0003662109374999997]",0.000244140625,1.002447381302007,0.015636452479843636,1.0,0.9912109375,0,0.0,0.9912109375,0,0.999267578125,0.0002435445785522461,0.0005840420053573325
12,4096,46,25557047,13,1,2566,433b4640f8cad754931ae7dd0b459d51322d5eccf052786f13b34e4af8315788,"[-0.004147002297392348,-0.0001143747152459453,-0.0001022839781601147,-0.00013355725449961092,-0.00013379449959769688,-0.00012173918301017522,-0.00012271288770936248,-0.00014936247747015187,-0.0001466735847244008,-0.000119124454388287,-0.00013690612595177788,-0.0001115770335782756,-0.00010876271716384732]",0.00024336836291258672,0.99927645427089,0.01561170239210532,0.996858808708892,0.9912109375,0,0.0,0.9912109375,0,0.999267578125,0.0002435445785522461,0.0005791669973405078
12,4096,47,25557048,13,1,2591,69a64bc12a2907e8a76e7bb33d8d929af6a14a1435aec665b9cb59d7eb1610ec,"[-0.004137123231875417,-9.818665394169908e-05,-0.00011961144557913205,-9.9971359787146e-05,-0.00014780235252414813,-0.00010919234598803726,-0.00012233698411158976,-0.0001366214110142053,-0.0001420550502958524,-9.99020736148961e-05,-0.00011518425880574515,-0.00012622149203383198,-0.00010965912231037483]",0.0002433691547742399,0.9992797056742179,0.015611727790432081,0.9967748052818821,0.9912109375,0,0.0,0.9912109375,0,0.999267578125,0.0002435445785522461,0.0006002919981256127
12,4096,48,25557049,13,0,2567,aea0434b92ba5759216421e53cb0da635773c91ed5753ca7ce7d35f893d602bf,"[-0.004394531249999996,-0.0003662109375000037,-0.00036621093749999984,-0.000366210937499999,-0.0003662109375000012,-0.00036621093750000087,-0.000366210937499999,-0.0003662109375000002,-0.00036621093749999875,-0.0003662109374999983,-0.0003662109375000008,-0.00036621093750000087,-0.00036621093750000125]",0.000244140625,1.002447381302007,0.015636452479843636,1.0,0.9912109375,0,0.0,0.9912109375,0,0.999267578125,0.0002435445785522461,0.0005919579998590052
12,4096,49,25557050,13,2,2592,459b0498cdfaef901e5acc06b77ebf579c98ac34bae6d7d51786d71f2ca0e1cd,"[-0.003929492805424743,0.00011012578871426745,6.960163186543969e-05,9.421548608849658e-05,0.00011397353578881174,8.765045649079603e-05,7.61979694839017e-05,6.528903714971656e-05,4.050919507433158e-05,0.00010150422192377872,0.00012265038356366073,0.00011001041069533542,0.0001296228700461104]",0.00024397962331978998,1.0017863044627395,0.01563129579953421,0.99401907931854,0.0,4095,0.9912109375,0.9912109375,1,0.999267578125,0.0002435445785522461,0.0006430829962482676
12,4096,50,25557051,13,1,2580,261393843fb7f17d8e8fe82d584a25927446cc6c97815332d21f917713134982,"[-0.004139647624082637,-9.817575640125514e-05,-0.00011552092126727208,-0.0001153196248960694,-0.00011956553242452343,-0.00011261719799795993,-0.00011624204817498176,-0.0001234669730906174,-0.00010919348297512094,-0.00013653238833726648,-9.324310727231419e-05,-0.00011860357491249629,-0.000107385205957042]",0.00024336810464349235,0.9992753938116676,0.015611694108322539,0.9967164509377896,0.9912109375,0,0.0,0.9912109375,0,0.999267578125,0.0002435445785522461,0.0005800420040031895
12,4096,51,25557052,13,0,2594,51ee88a49ed41408a01812deabb9e789670808197c099c510846c488dd047d4c,"[-0.004394531249999999,-0.00036621093750000916,-0.00036621093749999827,-0.000366210937499998,-0.00036621093750000065,-0.00036621093749999886,-0.0003662109375,-0.0003662109375000003,-0.00036621093750000114,-0.0003662109374999985,-0.0003662109375,-0.0003662109374999995,-0.00036621093749999935]",0.000244140625,1.002447381302007,0.015636452479843636,1.0,0.9912109375,0,0.0,0.9912109375,0,0.999267578125,0.0002435445785522461,0.0005917499947827309
12,4096,52,25557053,13,1,2590,7a353395d4326bcdc11c5bfef09979291575665fb992a1e9122854187b02ed7d,"[-0.004150052264453612,-0.0001292934095004166,-0.0001225348639737027,-0.00010510010174116576,-0.00012671251124704228,-0.00013398685962658126,-0.00014719781095570432,-0.00011799238500527628,-0.00013118383200181875,-0.00013673351840307504,-0.00011934055371950852,-0.0001378652412179363,-0.00012764098855537993]",0.00024336750271380827,0.9992729222736534,0.015611674801873308,0.9968965718404013,0.9912109375,0,0.0,0.9912109375,0,0.999267578125,0.0002435445785522461,0.0006465420010499656
12,4096,53,25557054,13,2,2566,fe290ca9cafa2112ad7a3d0d06cc95af9bc96d941a6e98f94fd53d6d6497389b,"[-0.003955356737629723,0.00011339038018277858,0.00010306813714970117,0.0001105911180628408,0.00013056285270012367,0.00012212836687447646,0.00013174118517999902,8.131846690941114e-05,8.757340460800529e-05,0.00012862180007092004,0.0001482144018581886,0.00013631890220152697,0.00014736652420001503]",0.00024411251906432388,1.0023319776422612,0.01563555240478097,0.9937253986976318,0.0,4095,0.9912109375,0.9912109375,1,0.999267578125,0.0002435445785522461,0.0006119580066297203
12,4096,54,25557055,13,0,2601,e2b2fe19b90b1ae0253d5a314c87e2f16235a5e456480a3e3f0db3b857dc6ed9,"[-0.004394531250000001,-0.0003662109374999991,-0.00036621093749999637,-0.0003662109375000055,-0.0003662109375000024,-0.0003662109374999974,-0.0003662109374999983,-0.00036621093749999827,-0.0003662109375000037,-0.0003662109374999995,-0.00036621093750000005,-0.00036621093749999984,-0.00036621093749999854]",0.000244140625,1.002447381302007,0.015636452479843636,1.0,0.9912109375,0,0.0,0.9912109375,0,0.999267578125,0.0002435445785522461,0.0005955000087851658
12,4096,55,25557056,13,0,2609,081baf24d188e91182c2704051177b27fdc9a3c9a6149e3c296c00320f5f843e,"[-0.004394531249999999,-0.0003662109374999945,-0.00036621093750000136,-0.000366210937499998,-0.000366210937500003,-0.0003662109375000034,-0.00036621093749999805,-0.0003662109374999982,-0.00036621093749999843,-0.00036621093749999924,-0.00036621093749999995,-0.000366210937500001,-0.0003662109375]",0.000244140625,1.002447381302007,0.015636452479843636,1.0,0.9912109375,0,0.0,0.9912109375,0,0.999267578125,0.0002435445785522461,0.0005998750129947439
12,4096,56,25557057,13,1,2567,d4836d6022a39e74331c383137fbb69480c02274eabab41d26a7a22435f878bf,"[-0.00416523081550528,-0.0001335043553448191,-0.00013117454705832295,-0.00011924950274479769,-0.00011791779127948497,-0.00012204828899350448,-0.0001266204007633112,-0.00013309308299053448,-0.00013719833080646121,-0.00012303181508843214,-0.00012888525654901448,-0.0001382145465506816,-0.00012844719377854392]",0.00024336694340504992,0.9992706257382031,0.015611656862437337,0.9969155534274532,0.9912109375,0,0.0,0.9912109375,0,0.999267578125,0.0002435445785522461,0.0005686249933205545
12,4096,57,25557058,13,1,2594,6f62be2293b8cdc482d059d1c21754821ec5dbee52b0a9358a8c1febb77875f0,"[-0.004137310055421578,-0.00010427654469784549,-0.00011397673648639629,-0.00010849391397140596,-0.00013832512687759997,-0.00011762878381293958,-0.00013031823651367337,-0.0001150206893808723,-0.00011129113721930161,-0.00014213133360516255,-0.00013811426855192953,-0.00012334908029291444,-0.00012147145077789341]",0.00024336768187116267,0.9992736578981352,0.015611680548215384,0.9968126448576096,0.9912109375,0,0.0,0.9912109375,0,0.999267578125,0.0002435445785522461,0.000618042002315633
12,4096,58,25557059,13,3,2618,3a62cbb2951388c1f9899abc244f4d87e3d2fb5779047fef44cb64484f6963af,"[-0.0037016012501633233,0.00037942849276408086,0.00035986675734985966,0.0004111929515818894,0.000378318009453055,0.00036547456940241337,0.00042724904712821256,0.00038255665083318985,0.0003958830218840773,0.00042143781344673324,0.000393290530555293,0.0003674802773771631,0.0003588844404316001]",0.00024668005002882466,1.0128743226197743,0.01571756326963155,0.9902714761879557,0.0,4095,0.9912109375,0.9912109375,1,0.999267578125,0.0002435445785522461,0.0005912909982725978
12,4096,59,25557060,13,0,2605,7ee1669fd20bf9711b814ec316bd7cecb9ab39859bb5e7162e9d464973d779eb,"[-0.004394531249999993,-0.0003662109375000081,-0.00036621093749999485,-0.0003662109375000086,-0.0003662109374999994,-0.00036621093750000293,-0.00036621093749999317,-0.0003662109375000095,-0.00036621093749999843,-0.00036621093749999783,-0.0003662109374999967,-0.0003662109374999998,-0.0003662109374999962]",0.000244140625,1.002447381302007,0.015636452479843636,1.0,0.9912109375,0,0.0,0.9912109375,0,0.999267578125,0.0002435445785522461,0.0005696669977623969
12,4096,60,25557061,13,1,2577,318d380b76d38fef5cfb19d2db0862e43b2aa4ff823ca68e688c4c98028207a6,"[-0.0041459857317138376,-0.0001309346020098107,-0.00011738416230904262,-0.00010798007271941859,-0.00012777325926360982,-0.00012449300198645128,-0.00010305598297710415,-0.00011465261147508048,-0.00012369766084168512,-0.00013294709108615767,-0.0001257986902355051,-9.616498707031235e-05,-0.00011671075775383258]",0.00024336737271562413,0.9992723884979277,0.015611670632274609,0.9967785161114419,0.9912109375,0,0.0,0.9912109375,0,0.999267578125,0.0002435445785522461,0.0006096670113038272
12,4096,61,25557062,13,1,2572,8a919b8451e3459c38ffa2fd628ed908ae456a6af67cc2675b293c6851605766,"[-0.0041189834446945985,-9.877425630789045e-05,-0.00011223564852824254,-0.00012292144625476872,-0.00010939991132441571,-0.00015112529921899206,-0.00012239013104603072,-0.00012959822184867504,-0.00010827750832370424,-0.00012068871103372174,-0.00012321200611671744,-0.00010582860209203502,-0.00010488375748486508]",0.00024336920530775935,0.9992799131660854,0.015611729411252743,0.9967392564442746,0.9912109375,0,0.0,0.9912109375,0,0.999267578125,0.0002435445785522461,0.000629457994364202
12,4096,62,25557063,13,1,2595,a25290593f3e3052d77e01e658c24bd402fae444330c2726941eb70e0bd7739f,"[-0.004166124171151515,-0.00011096020961438387,-0.00013105445867919198,-0.00011343018933767797,-0.00011579966801624792,-0.00011999702883070937,-0.00010927183866777428,-0.00010386097664143314,-0.0001330130570297132,-0.00012397849938583746,-0.00012358316372531138,-0.00012166256748867046,-0.0001275049956471177]",0.00024336698533931441,0.9992707979213195,0.01561165820745016,0.9968111783242156,0.9912109375,0,0.0,0.9912109375,0,0.999267578125,0.0002435445785522461,0.0005665000062435865
12,4096,63,25557064,13,1,2565,4b9c6380912cbaa8b551f482b49d70fcc8f1d5600e27732f04e067159cd54e79,"[-0.0041523222761251114,-9.393320210651483e-05,-0.00012567609349830778,-0.00011033121902492043,-0.00011108784614395747,-0.00011181697741276768,-0.00011437733807544395,-0.00012161796543321845,-0.0001185042594059352,-0.00011162178114539703,-0.00012938550661924426,-0.00010912098086924573,-0.00012486096783884533]",0.00024336734685962455,0.9992722823325606,0.015611669802961798,0.9967455939136989,0.9912109375,0,0.0,0.9912109375,0,0.999267578125,0.0002435445785522461,0.0005589170032180846
12,4096,64,25557065,13,1,2569,17c9f2fae3ed161247d01b3840c23d48b3880f340476b06ef5c8adcede2ed182,"[-0.004130030834974712,-0.00011553846997659148,-0.0001252456853125424,-0.0001204370279715681,-0.00012479899635476293,-0.00011415291838503237,-0.00012830013754889098,-0.00011785450418924171,-0.00010923948884971969,-0.00011350925739386418,-0.00014101740134593366,-0.0001188277703277509,-0.00014292212354258827]",0.00024336740349513168,0.999272514879339,0.01561167161950538,0.9968128121161732,0.9912109375,0,0.0,0.9912109375,0,0.999267578125,0.0002435445785522461,0.0005690840043826029
12,4096,65,25557066,13,0,2609,07e23afc4147b6e4add2d62fd5da3a94fae04a1c0e2802847e731fc9ccd9f26c,"[-0.004394531249999994,-0.0003662109375000047,-0.0003662109374999993,-0.00036621093750000136,-0.0003662109374999986,-0.00036621093750000016,-0.00036621093749999854,-0.00036621093749999897,-0.0003662109374999995,-0.00036621093749999957,-0.00036621093750000027,-0.0003662109375000003,-0.00036621093749999946]",0.000244140625,1.002447381302007,0.015636452479843636,1.0,0.9912109375,0,0.0,0.9912109375,0,0.999267578125,0.0002435445785522461,0.0005944579897914082
12,4096,66,25557067,13,0,2580,00a3db4d6896d5b39558224a09d62a011519f3c521ce3ac229f0831ade0a14b2,"[-0.004394531249999991,-0.00036621093750000304,-0.00036621093750000276,-0.0003662109374999843,-0.00036621093750000385,-0.0003662109374999945,-0.0003662109375000102,-0.00036621093749999794,-0.0003662109375000128,-0.00036621093750000016,-0.0003662109374999992,-0.000366210937500001,-0.0003662109374999904]",0.000244140625,1.002447381302007,0.015636452479843636,1.0,0.9912109375,0,0.0,0.9912109375,0,0.999267578125,0.0002435445785522461,0.0005714589933631942
12,4096,67,25557068,13,0,2588,586278f7bb6aaaa784b7798e6ca95bf4d55ec33c49013073474386341a8701ec,"[-0.004394531249999995,-0.0003662109374999939,-0.00036621093749999566,-0.00036621093750000027,-0.0003662109374999955,-0.00036621093750000217,-0.00036621093749999935,-0.00036621093749999957,-0.0003662109375000001,-0.0003662109375000003,-0.00036621093749999924,-0.0003662109375000013,-0.00036621093749999913]",0.000244140625,1.002447381302007,0.015636452479843636,1.0,0.9912109375,0,0.0,0.9912109375,0,0.999267578125,0.0002435445785522461,0.0005839160003233701
12,4096,68,25557069,13,0,2596,1ce0e6fa1740ee3f05b74d93c80cb1a7e264802e1b7143cb90d613e657045530,"[-0.0043945312499999965,-0.0003662109375000077,-0.0003662109374999989,-0.0003662109374999962,-0.0003662109374999973,-0.00036621093749999864,-0.00036621093749999946,-0.00036621093750000043,-0.0003662109374999989,-0.00036621093750000255,-0.00036621093749999854,-0.0003662109375000011,-0.00036621093749999973]",0.000244140625,1.002447381302007,0.015636452479843636,1.0,0.9912109375,0,0.0,0.9912109375,0,0.999267578125,0.0002435445785522461,0.0005700420006178319
12,4096,69,25557070,13,0,2570,c6895cf6e5e2f16e5bd59b401a9ff48f0d0184a5ed930ef4866566a3b9b9f0d9,"[-0.004394531249999996,-0.0003662109374999975,-0.0003662109374999985,-0.00036621093749999984,-0.00036621093750000217,-0.0003662109374999989,-0.0003662109375000029,-0.0003662109375000009,-0.00036621093750000336,-0.00036621093749999864,-0.00036621093749999615,-0.00036621093749999724,-0.000366210937499996]",0.000244140625,1.002447381302007,0.015636452479843636,1.0,0.9912109375,0,0.0,0.9912109375,0,0.999267578125,0.0002435445785522461,0.0005684579955413938
12,4096,70,25557071,13,2,2589,5b3267bc9288327300a1a5cc9988cfb2672e68ea01eb2f39f7109e94b97bea9f,"[-0.003909072948730832,0.00012441401497071007,0.000142001961090659,0.0001010189767846704,4.7208599617467494e-05,9.576066990382145e-05,0.00012063907855960944,8.239520189940694e-05,6.308611620399808e-05,0.00011035244538321877,9.75346401847442e-05,5.5447137158698515e-05,0.00013891315579135335]",0.00024401723043360207,1.0019407201924413,0.015632500460114333,0.9939412384511824,0.0,4095,0.9912109375,0.9912109375,1,0.999267578125,0.0002435445785522461,0.0005868750013178214
12,4096,71,25557072,13,0,2579,c247623428d9b8c82306b85d85870084ad377fe7b8d8ec11c1b663edbbbb8392,"[-0.004394531249999998,-0.000366210937500002,-0.0003662109375000013,-0.0003662109374999995,-0.0003662109375000052,-0.0003662109374999992,-0.0003662109374999997,-0.0003662109375000007,-0.0003662109375000009,-0.000366210937499999,-0.00036621093749999935,-0.0003662109374999991,-0.0003662109375000009]",0.000244140625,1.002447381302007,0.015636452479843636,1.0,0.9912109375,0,0.0,0.9912109375,0,0.999267578125,0.0002435445785522461,0.000713415996870026
12,4096,72,25557073,13,1,2597,8e61c9092fdb67f0a426922a909f4732ccb5e84e50df810c45a8567eca25d140,"[-0.004127492100655638,-0.00011028872669353744,-0.00012649344760605352,-0.00014404906397607036,-0.00011790473729186005,-0.00012220730857221817,-0.00012959180992335535,-0.00015679708030757528,-0.00013356132263658607,-0.00014232490025557892,-0.00012990657281034131,-0.00012613464517778077,-0.00012209898686727741]",0.00024336883050608946,0.999278374221256,0.015611717389796498,0.9968997882027739,0.9912109375,0,0.0,0.9912109375,0,0.999267578125,0.0002435445785522461,0.0006765420112060383
12,4096,73,25557074,13,1,2620,c18ede89024a58972529d8c9463ec75e1eebff33d070a2017b7e5b758d0e9a7f,"[-0.004150137995913519,-0.00013713910208111623,-0.00011939688539308896,-0.00012360625297865382,-0.00012252923020313107,-0.00012997928585237666,-0.00013791065149139876,-0.00012402216806459715,-0.00013143524967312154,-0.00011644793862676052,-0.00014080501357647608,-0.00012566382343841043,-0.00011592180166503448]",0.00024336683976469793,0.9992702001883814,0.015611653538243503,0.9968859328989577,0.9912109375,0,0.0,0.9912109375,0,0.999267578125,0.0002435445785522461,0.0005880829994566739
12,4096,74,25557075,13,1,2583,fb30e8f9d0c7e00795fdf6847920be4606871ce746a31edc3a1ed9aec1254f7d,"[-0.004115817320775043,-0.00014205693322003973,-0.00010697082001647944,-0.0001120433634722614,-0.00011132721993799803,-0.0001501897236656883,-0.00010210057912556637,-0.0001389693370226106,-9.843321132658077e-05,-9.554951673394447e-05,-0.00011244843341731571,-9.334316042361854e-05,-0.00012622823251777816]",0.0002433714755965581,0.9992892350274557,0.015611802228706596,0.9967164153516549,0.9912109375,0,0.0,0.9912109375,0,0.999267578125,0.0002435445785522461,0.0006826250028098002
12,4096,75,25557076,13,1,2601,81847b56f6e1d1347e77d60ee73bb2dab9f8c7a9ee913efa9a12fb4161fcbbb9,"[-0.0041312382423724725,-0.00016205768634553795,-0.00011240294763835591,-0.00013996140428541984,-0.0001256047484431398,-0.00010601882734582694,-9.046021169708571e-05,-0.00012249753165007415,-0.0001246571164935289,-0.00013367517718933253,-0.00012204861345578917,-0.00011881312135680159,-0.00012631288906736506]",0.00024336958346791827,0.999281465900953,0.01561174154042039,0.9968266860173407,0.9912109375,0,0.0,0.9912109375,0,0.999267578125,0.0002435445785522461,0.0006543749914271757
12,4096,76,25557077,13,3,2562,8dacbfb906b8a375eae8b03867209a111fa872e68a00c1704832e938e3b78a66,"[-0.0036440087296922257,0.0003975878509043948,0.000403796217128866,0.0004065595861667326,0.0003401613687970673,0.0004061672727789431,0.000403289280416935,0.0003596407023297798,0.00037868639448416575,0.0004215339073042467,0.00035492046751561763,0.00038062250789623804,0.0003604366285730877]",0.0002467082543541909,1.0129901302699955,0.015718461782903603,0.9902415440453961,0.0,4095,0.9912109375,0.9912109375,1,0.999267578125,0.0002435445785522461,0.0005964579904684797
12,4096,77,25557078,13,0,2601,427ada5584c905862d8d6e0557dc8d1cb582268a87dc782e2b3c126c44a61dad,"[-0.0043945312499999965,-0.00036621093749999306,-0.000366210937500002,-0.00036621093750000027,-0.00036621093749999767,-0.00036621093750000043,-0.0003662109374999979,-0.00036621093749999984,-0.00036621093749999957,-0.00036621093749999984,-0.0003662109374999993,-0.00036621093750000157,-0.00036621093749999973]",0.000244140625,1.002447381302007,0.015636452479843636,1.0,0.9912109375,0,0.0,0.9912109375,0,0.999267578125,0.0002435445785522461,0.0006099589954828843
12,4096,78,25557079,13,1,2568,dbc5f9843ed2d9535346d3a15bc4b42624e23434361ce21c8d035df94f746c63,"[-0.00415616859995919,-0.000138833468160925,-0.00011809639635297997,-0.00013047736552744053,-0.00011526991400327772,-0.0001239886493218441,-0.00012288675249796043,-8.83412324364699e-05,-0.00011815363639407339,-0.00012179195122727151,-0.00011182441503071642,-0.0001075573465143527,-0.00010596837381271642]",0.0002433679440145673,0.9992747342653703,0.01561168895627096,0.9967702956012392,0.9912109375,0,0.0,0.9912109375,0,0.999267578125,0.0002435445785522461,0.0006002499867463484
12,4096,79,25557080,13,0,2595,5ac648ad3f6d76679c243e57be6ee029f78a6bf1b73862d3499cbefc6e8a11e8,"[-0.0043945312500000035,-0.0003662109375000007,-0.00036621093750001626,-0.00036621093750000477,-0.00036621093749999203,-0.0003662109375000012,-0.0003662109374999977,-0.00036621093750000325,-0.0003662109374999948,-0.00036621093750000564,-0.00036621093750000054,-0.000366210937499999,-0.00036621093750000244]",0.000244140625,1.002447381302007,0.015636452479843636,1.0,0.9912109375,0,0.0,0.9912109375,0,0.999267578125,0.0002435445785522461,0.000604125001700595
12,4096,80,25557081,13,1,2587,d76301ed5f09bb77915a1721ee94ff981685f43521723589ea35becf60e48151,"[-0.004125845086364072,-0.00012254410518139908,-0.00012813918365255626,-0.00011873407801700498,-0.0001270245365736771,-0.00010079207689554521,-0.00013111223051615232,-0.00011551155411759485,-0.00011320580267474751,-0.00012441022670974859,-0.00011223663842296428,-0.00012489927132311647,-0.00011055378502432625]",0.00024336733875805536,0.9992722490673193,0.015611669543109713,0.9967659460754729,0.9912109375,0,0.0,0.9912109375,0,0.999267578125,0.0002435445785522461,0.000617291996604763
12,4096,81,25557082,13,0,2616,a2e0b9479f9a170e4c9f5f54531aa3772414aa6960d9ff982c3ee85894094bdf,"[-0.004394531249999998,-0.0003662109375000034,-0.00036621093750000255,-0.00036621093749999886,-0.0003662109374999967,-0.0003662109375000003,-0.0003662109374999999,-0.0003662109374999998,-0.00036621093749999946,-0.0003662109375000004,-0.00036621093750000043,-0.0003662109374999991,-0.0003662109374999996]",0.000244140625,1.002447381302007,0.015636452479843636,1.0,0.9912109375,0,0.0,0.9912109375,0,0.999267578125,0.0002435445785522461,0.0006870420038467273
12,4096,82,25557083,13,1,2598,34162dff6e432e96be1c7200a7e0597bdf2c58cbc42b378a4f373c6bbdd0ab32,"[-0.004134582188060335,-0.00014117861461559808,-0.0001184073484284819,-0.00010774095201407168,-0.00013739026989674196,-0.0001317122593849119,-0.00013262055828334473,-0.00014137112870004067,-0.00012876987618724308,-0.00011091900989442428,-0.00012090431586792609,-0.00011276869486323444,-0.00012652137340038222]",0.0002433676868243977,0.9992736782362395,0.01561168070708677,0.9968558240895967,0.9912109375,0,0.0,0.9912109375,0,0.999267578125,0.0002435445785522461,0.0006084589986130595
12,4096,83,25557084,13,1,2586,6ac85a935ab7ddd6b08112b07e90858aaf4fb0354a55814d08694e69f6b986e5,"[-0.004135448674214609,-0.0001023608267543415,-0.00013225136015838812,-0.00012109779227145239,-0.00013913999119886648,-0.00012764007217965035,-0.00014744689242916068,-0.00015594764469159558,-0.0001372403899806508,-9.460909184735419e-05,-0.00012115702071001411,-0.00012919522005660754,-0.00010043603374225812]",0.0002433700988740851,0.999283582171288,0.015611758071622626,0.996854908510235,0.9912109375,0,0.0,0.9912109375,0,0.999267578125,0.0002435445785522461,0.0006016249972162768
12,4096,84,25557085,13,2,2605,640db7e2340e169d7eebb612e7224fee35f985aad2b9e8e0def2c6a0645fcc01,"[-0.003908250064046198,8.888999627409093e-05,0.00012506413863361485,0.0001644845417086804,0.00013127592193935614,0.0001269509809464381,0.00015263934312329894,0.0001374061136492657,0.00013555727937695822,0.00013560785024394965,0.000146335755525549,0.0001134509096240583,0.00014325118458593841]",0.00024421175694407,1.0027394508052283,0.015638730204535413,0.993518273548415,0.0,4095,0.9912109375,0.9912109375,1,0.999267578125,0.0002435445785522461,0.0006012910016579553
12,4096,85,25557086,13,0,2581,c1658d811373f461e93ae510cf7786f0395d0ca8e75e7b1992abc8f6b9ca558f,"[-0.004394531249999999,-0.0003662109374999939,-0.0003662109374999963,-0.0003662109375000008,-0.00036621093750000195,-0.0003662109375000023,-0.00036621093750000065,-0.000366210937499994,-0.00036621093749999827,-0.0003662109374999953,-0.00036621093750000304,-0.0003662109374999928,-0.000366210937500003]",0.000244140625,1.002447381302007,0.015636452479843636,1.0,0.9912109375,0,0.0,0.9912109375,0,0.999267578125,0.0002435445785522461,0.0007262910075951368
12,4096,86,25557087,13,0,2612,18314dd4663c8f28d21378b8ba99796f1db5cf346105d47f52194261512410f9,"[-0.004394531249999999,-0.00036621093750000027,-0.00036621093749999935,-0.0003662109375000025,-0.000366210937499999,-0.0003662109375000012,-0.0003662109375000006,-0.0003662109374999998,-0.0003662109375000006,-0.00036621093750000005,-0.0003662109375000009,-0.000366210937500001,-0.00036621093750000363]",0.000244140625,1.002447381302007,0.015636452479843636,1.0,0.9912109375,0,0.0,0.9912109375,0,0.999267578125,0.0002435445785522461,0.0005822080129291862
12,4096,87,25557088,13,2,2615,48d26c24238c24689c06bf1d941cd239616569031627d282e6d2d2c1d2e124f1,"[-0.003914545264104655,0.00013374156769194997,0.0001430442232717089,0.00010347611068289685,0.00012757531845014724,0.00010377909404953046,0.00015607931984316958,0.00012023308073350752,0.00010893828957622341,0.00012808944776190303,0.00013047962751708424,9.805342969520295e-05,0.00010373595305686483]",0.00024413656260768044,1.0024307010197204,0.01563632238746613,0.9936682573017744,0.0,4095,0.9912109375,0.9912109375,1,0.999267578125,0.0002435445785522461,0.000579165993258357
12,4096,88,25557089,13,0,2600,c1d23c104922c7f34cd31b6ad0658962a3e598c29dacfbe358ba052e4d7f39fc,"[-0.004394531249999996,-0.0003662109374999966,-0.0003662109375000007,-0.0003662109374999953,-0.0003662109375000021,-0.00036621093750000244,-0.0003662109375000008,-0.0003662109374999992,-0.0003662109374999983,-0.0003662109375,-0.0003662109375000014,-0.0003662109374999998,-0.00036621093750000103]",0.000244140625,1.002447381302007,0.015636452479843636,1.0,0.9912109375,0,0.0,0.9912109375,0,0.999267578125,0.0002435445785522461,0.0005773750017397106
12,4096,89,25557090,13,1,2573,daf9c93b23a94be9428e4e45b46212173f08089085c29ff5b26cb0892dc3d20d,"[-0.004151333540352554,-0.00013222661783405236,-0.00012958606681993408,-0.00014363048765189272,-0.00013407351153294113,-0.0001072863433412551,-0.00012298137066600197,-0.00011816756599085475,-0.00012090455815789716,-0.000156479979314632,-0.0001384142852113566,-0.00013701139136890097,-0.00013771500497791986]",0.00024336868919108928,0.9992777939784068,0.015611712857231334,0.9969407482232202,0.9912109375,0,0.0,0.9912109375,0,0.999267578125,0.0002435445785522461,0.0005872090114280581
12,4096,90,25557091,13,1,2591,557d732149b90df26f12666cc9393100e87872078f48a90043b29d553e3e32c9,"[-0.004177445070893022,-0.0001361167063247099,-0.00011085708412612622,-0.0001320145369623727,-0.00011511760371912819,-0.00012173573051156184,-0.00011246182415612603,-0.00012518142981458427,-0.00012909883789325198,-0.0001233526335837897,-0.00010719967858661562,-0.00011680627749307579,-0.00012778401805494942]",0.0002433674014772017,0.9992725065936691,0.015611671554781716,0.9968461089321193,0.9912109375,0,0.0,0.9912109375,0,0.999267578125,0.0002435445785522461,0.0005926250014454126
12,4096,91,25557092,13,2,2598,31223a6a7c8a9c97acca931cf08577c1451c7f7c95cf634c94a9e075cec93b73,"[-0.0038585774099515586,0.0001029192650929544,0.00012326451654836245,0.0001176404707618989,9.496107222677888e-05,0.0001298549628965398,9.416479554197178e-05,0.0001299926020551286,0.00012163579000187987,0.0001787431877992437,0.0001016943002605687,0.00012755581405311336,0.00012684331910816756]",0.00024416427584690364,1.0025444922582196,0.01563720984332583,0.993620244813605,0.0,4095,0.9912109375,0.9912109375,1,0.999267578125,0.0002435445785522461,0.0005729999975301325
12,4096,92,25557093,13,0,2564,bec636c932009e1c9b82003192ac3b3a6c12c62684b659f499c6206a896d25ba,"[-0.004394531249999996,-0.00036621093749999696,-0.0003662109375000069,-0.00036621093749999995,-0.00036621093749999864,-0.0003662109375000061,-0.0003662109375000013,-0.00036621093750000005,-0.0003662109375000011,-0.00036621093750000434,-0.0003662109375000012,-0.0003662109374999957,-0.000366210937499998]",0.000244140625,1.002447381302007,0.015636452479843636,1.0,0.9912109375,0,0.0,0.9912109375,0,0.999267578125,0.0002435445785522461,0.0005801670049550012
12,4096,93,25557094,13,0,2581,f6b42e33d4811474d0d1712b3c1ce040031f93fb4ee64af7a3d01c3573d9fcf4,"[-0.00439453125,-0.0003662109374999977,-0.00036621093750000027,-0.00036621093750000043,-0.00036621093749999707,-0.00036621093749999816,-0.0003662109374999994,-0.00036621093750000076,-0.00036621093750000027,-0.0003662109374999998,-0.0003662109374999995,-0.00036621093749999886,-0.00036621093750000043]",0.000244140625,1.002447381302007,0.015636452479843636,1.0,0.9912109375,0,0.0,0.9912109375,0,0.999267578125,0.0002435445785522461,0.000562999994144775
12,4096,94,25557095,13,0,2575,ef330a696d3d135c96fa69ed16f3ad3d0224ba61aa7ad78fefc405335a406cf1,"[-0.004394531249999994,-0.000366210937500005,-0.00036621093749999767,-0.00036621093750000423,-0.00036621093749999843,-0.0003662109375000011,-0.00036621093750000103,-0.0003662109375000003,-0.0003662109374999985,-0.0003662109375000001,-0.0003662109374999998,-0.000366210937499999,-0.0003662109375000018]",0.000244140625,1.002447381302007,0.015636452479843636,1.0,0.9912109375,0,0.0,0.9912109375,0,0.999267578125,0.0002435445785522461,0.0005897919909330085
12,4096,95,25557096,13,2,2581,b9540f78e54b9f8d22db991339b4ca22acbd44bd810626501fbe10cf96a097d2,"[-0.0038998559540426607,8.533884884528885e-05,0.00014895043430562552,0.00011086668481331277,0.0001252855473513351,0.00016101895559240829,9.056557441902803e-05,0.0001444373501514279,0.00014572921732155709,0.00010762873512016206,0.00014090883990264857,9.870976705855599e-05,0.00012186752610742094]",0.0002441587132870507,1.0025216522513263,0.015637031718555523,0.9936294859730539,0.0,4095,0.9912109375,0.9912109375,1,0.999267578125,0.0002435445785522461,0.0005734159931307659
12,4096,96,25557097,13,1,2587,87f1a13f9dd57d7201ad9fdf0632170ae04e67bce4d77151600919b588fa8e64,"[-0.004135682637768708,-0.0001305386375628393,-0.00014356018937887599,-9.794046789508525e-05,-0.00013893519240982684,-0.00010225071615730858,-0.00010568650235718258,-0.00012988132364518038,-0.00010099594695653314,-0.00014364286255052648,-0.00012230285626816203,-0.00013615381467087744,-0.00012238339434375928]",0.00024336921140217903,0.9992799381899218,0.015611729606726181,0.9968208920419649,0.9912109375,0,0.0,0.9912109375,0,0.999267578125,0.0002435445785522461,0.0005526249879039824
12,4096,97,25557098,13,0,2579,a948c18b673d4b7caaa571fa354179a46593cce81ef1077ee3d0f7bb15111401,"[-0.0043945312500000035,-0.00036621093750000835,-0.0003662109375000016,-0.00036621093749999984,-0.0003662109375000022,-0.0003662109375000006,-0.000366210937499998,-0.0003662109374999969,-0.000366210937500002,-0.0003662109374999986,-0.00036621093749999827,-0.00036621093749999794,-0.0003662109374999977]",0.000244140625,1.002447381302007,0.015636452479843636,1.0,0.9912109375,0,0.0,0.9912109375,0,0.999267578125,0.0002435445785522461,0.0005672080005751923
12,4096,98,25557099,13,1,2561,a00056947db545981d34953ce0d12eeb934febafaa3d0300b8f5d47a16235ac0,"[-0.004151661877900895,-9.220136289494152e-05,-0.000121913612449175,-0.00011214727853188958,-0.00013244818134071178,-0.00011331206566762862,-0.00014120864461265178,-0.00012170740832642209,-0.00013259463369433072,-0.00011464581622557774,-0.00010827794036857479,-0.0001078345782656628,-0.00010664213342134247]",0.00024336810449266655,0.9992753931923732,0.015611694103484916,0.9967675330336998,0.9912109375,0,0.0,0.9912109375,0,0.999267578125,0.0002435445785522461,0.0005667079967679456
12,4096,99,25557100,13,1,2600,4e3acd1f87e8dcc3f0b1192db0b52022ee9f4917f332ca3afc830ba2d66b6bfd,"[-0.00412780072096163,-0.00012617625450952373,-0.00012623230008603994,-0.00012416644929699535,-0.00012471973761756663,-0.0001118650285718779,-0.00011767893152543222,-0.00011444156195172964,-0.00013217923240466624,-0.00012353318456632243,-0.00013796153387699077,-0.00013501385884361907,-0.0001236103226689483]",0.00024336702891390605,0.9992709768396592,0.015611659605075233,0.9968363166168813,0.9912109375,0,0.0,0.9912109375,0,0.999267578125,0.0002435445785522461,0.0005731249984819442
